c1,c2,c3,c4,c5,c6,c7,c8,c9,c10,c11,c12,c13,c14,c15,c16,c17,c18,c19,c20,c21,c22,c23,c24,c25,c26,c27,c28,c29,c30,c31,c32
26,447,375,-28,106,997,-2686,-3816,-26271,-54,35,-4,-4,0,0,0,1044,4377,-1600,0,1150,1150,1425,1429,-60,-2451,-63,-2559,0,-2399,193,131
76,1540,517,4,83,853,-5982,-13521,-28347,-154,52,-4,-4,0,0,0,1034,4131,-1600,0,1150,1150,1405,1478,-282,-2565,-292,-2652,0,-2444,193,133
126,2197,-315,60,130,1004,-10682,-19136,-30117,-211,-13,-4,-4,0,0,0,1043,3123,-1600,0,1150,1150,1380,1467,-296,-2708,-309,-2825,0,-2438,204,140
176,2735,-1740,76,120,840,-24842,-12666,-26516,-260,-133,-2,-4,1,0,0,1043,2285,-1600,0,1150,1150,1411,1448,-86,-2711,-90,-2827,0,-2280,193,139
226,2946,-2512,81,188,943,-30762,-5220,-27126,-280,-212,-4,-4,0,0,0,1048,1653,-1600,0,1150,1150,1398,1438,13,-2683,13,-2812,0,-2207,204,136
276,2668,-2830,18,138,945,-30640,-3755,-24685,-264,-241,-4,-5,1,0,0,1046,1204,-1600,0,1150,1150,1353,1408,-74,-2672,-77,-2795,-59,-2298,204,140
326,2225,-2925,53,35,955,-25574,-2839,-19191,-233,-243,-4,-5,2,0,0,1041,848,-1600,0,1150,1150,1299,1388,-39,-2474,-40,-2575,0,-2199,255,136
376,1742,-3181,44,100,925,-15321,-10652,-14858,-182,-270,-2,-6,0,0,0,1033,604,-1600,0,1150,1150,1189,1354,-154,-2160,-159,-2232,0,-2120,255,140
426,1562,-4093,111,34,1144,-6593,-14436,-10158,-170,-344,-4,-6,0,0,0,1032,381,-1600,0,1150,1150,1150,1298,-176,-2047,-182,-2112,-9,-2145,255,141
476,2056,-5684,142,33,833,914,-7295,-2529,-206,-482,-2,-5,0,0,0,1028,254,-1600,0,1150,1150,1150,1190,26,-1997,27,-2052,-38,-2183,204,133
526,2459,-6226,168,57,976,2257,7902,-1735,-243,-540,-4,-6,0,0,0,1032,183,-1600,0,1150,1150,1150,1150,340,-1966,351,-2029,-8,-2119,204,134
576,2487,-5121,18,-3,997,-245,17179,-3566,-253,-461,-2,-6,0,0,0,1040,151,-1600,0,1150,1150,1150,1150,99,-2257,103,-2347,-91,-2380,204,134
626,2279,-4051,38,23,980,670,1981,2780,-235,-354,-2,-6,0,0,0,1049,82,-1600,0,1159,1150,1150,1150,-15,-2177,-16,-2284,-48,-2302,255,131
676,1981,-3951,69,50,973,1707,2348,5161,-205,-338,-2,-6,1,0,0,1056,65,-1600,0,1204,1150,1150,1150,105,-2005,110,-2117,0,-2155,214,130
726,1707,-3321,24,-12,1031,5369,4728,5588,-178,-291,-4,-5,0,0,0,1045,9,-1600,0,1237,1150,1150,1150,96,-1966,101,-2055,0,-2175,255,130
776,1875,-2962,48,-1,970,10863,700,10776,-197,-255,-4,-6,0,0,0,1035,-32,-1600,0,1340,1208,1150,1150,39,-1986,41,-2055,0,-2267,255,130
826,2304,-2751,49,-26,1036,12022,2653,15781,-237,-237,-4,-6,0,0,0,1028,-59,-1600,0,1342,1260,1150,1150,85,-2078,87,-2137,0,-2312,255,133
876,2766,-2350,10,34,985,7628,3019,16452,-277,-199,2,-7,2,0,0,1033,-29,-1600,0,1343,1262,1150,1150,59,-2257,61,-2331,0,-2347,255,129
926,2931,-1832,30,2,1208,2257,2409,14255,-291,-158,-2,-6,0,0,0,1030,8,-1600,0,1319,1296,1150,1150,25,-2382,26,-2453,0,-2389,255,128
976,2530,-1578,15,47,969,-3663,-2107,15659,-242,-144,-4,-4,-1,0,0,1019,6,-1600,0,1320,1314,1150,1150,29,-2364,30,-2409,8,-2261,255,131
1026,1862,-1532,8,-41,1062,-9278,1066,15903,-198,-132,-2,-4,0,0,0,1027,-6,-1600,0,1278,1306,1150,1150,66,-2103,68,-2159,0,-1965,255,132
1076,1128,-1136,-35,-48,958,-8790,8878,11142,-133,-101,-2,-4,1,0,0,1019,-2,-1600,0,1223,1256,1150,1150,82,-2320,83,-2365,8,-2204,214,133
1126,537,-485,18,14,982,-7020,2897,6503,-73,-42,-2,-4,0,0,0,1020,13,-1600,0,1166,1152,1150,1150,5,-2090,5,-2132,-33,-2050,255,126
1176,-74,-209,-13,-69,1022,-1160,-93,5588,-25,-16,-2,-4,0,0,0,1008,-34,-1600,0,1150,1150,1150,1150,-50,-2044,-51,-2060,0,-2137,255,131
1226,-118,-381,6,18,1000,5308,-2962,2658,-9,-28,-4,-4,0,0,0,1026,-1,-1600,0,1150,1150,1150,1150,-63,-1958,-65,-2009,16,-2119,255,129
1276,-37,-647,64,1,990,9154,-4182,-209,-16,-45,-2,-4,0,0,0,1011,-15,-1600,0,1150,1150,1150,1150,-181,-1935,-183,-1959,-134,-2088,255,133
1326,141,-670,-40,-20,1026,5980,-1558,-515,-39,-59,-4,-5,0,0,0,999,-26,-1600,0,1150,1150,1150,1150,-32,-2038,-32,-2036,0,-2153,255,131
1376,332,-667,-42,0,1012,3721,-2901,3635,-48,-62,-2,-4,0,0,0,1021,-15,-1600,0,1150,1150,1150,1150,-31,-2237,-31,-2286,0,-2282,255,130
1426,237,-745,15,37,968,-1,-1436,2048,-41,-60,-2,-4,0,0,0,1008,-25,-1600,0,1150,1150,1150,1150,-18,-2287,-18,-2305,0,-2256,255,127
1476,30,-517,18,-68,1064,-6776,-1741,949,-26,-40,-2,-2,0,0,0,1027,1,-1600,0,1150,1150,1150,1150,-197,-2333,-202,-2396,-127,-2201,255,133
1526,-469,-531,-49,8,1002,-9156,-6624,1132,21,-46,-4,-3,0,0,0,1019,42,-1600,0,1150,1150,1150,1158,-151,-2395,-154,-2440,-19,-2268,255,134
1576,-1178,-1049,21,-14,979,-9339,-8150,-2712,81,-84,-4,-3,0,2,0,1031,27,-1600,0,1150,1150,1150,1150,-89,-2278,-92,-2349,0,-2151,255,133
1626,-1792,-1623,76,-78,1029,-7813,-4243,-7412,127,-135,-2,-4,0,79,207,1014,-5,-1284,207,1150,1150,1150,1175,-221,-2015,-224,-2043,-206,-1920,255,146
1676,-2319,-1862,-25,-20,1011,-7264,1066,-7412,187,-168,-4,-2,0,167,925,1010,-36,-972,817,1150,1150,1270,1286,-6,-2050,-6,-2070,-68,-2015,204,142
1726,-2826,-1815,48,-80,959,-2930,2042,-11379,220,-157,0,-4,0,203,1366,1015,-45,-788,1366,1150,1150,1291,1308,58,-1913,58,-1942,0,-1928,255,140
1776,-2997,-1542,34,-74,1080,1524,2958,-10463,239,-135,0,-4,0,252,2106,1016,-9,-592,2106,1150,1150,1344,1356,91,-1796,93,-1825,8,-1902,255,139
1826,-2921,-1389,50,-29,947,5675,2897,-8693,241,-116,0,-3,0,271,2435,1006,9,-516,2435,1150,1150,1321,1321,-2,-1689,-2,-1700,-87,-1846,204,138
1876,-2547,-1247,23,-40,1021,9886,6254,-7229,209,-107,0,-3,0,290,2789,1023,15,-443,2770,1162,1150,1311,1303,-23,-1931,-23,-1975,-106,-2126,255,143
1926,-2002,-762,-58,-57,1096,7933,5338,-3933,162,-72,0,-2,0,292,2828,1006,16,-432,2828,1150,1150,1306,1328,108,-1858,109,-1869,63,-2016,255,140
1976,-1417,-851,-46,9,1002,5125,-1863,-4909,118,-76,0,-2,0,328,3568,1015,40,-292,3546,1200,1236,1310,1341,-410,-2185,-416,-2218,-366,-2225,255,143
2026,-1211,-775,-49,51,948,120,-2046,-6801,99,-70,0,-2,0,354,4156,1016,31,-183,4156,1166,1227,1329,1354,-80,-2170,-81,-2204,-48,-2153,204,138
2076,-1311,-827,26,-19,1040,-1832,-2962,-6252,100,-66,8,-2,0,436,6305,1008,-3,0,5712,1260,1327,1409,1440,-26,-2030,-27,-2046,39,-2023,255,138
2126,-1295,-925,70,-43,1016,-3541,-3999,-5947,95,-73,0,-2,0,476,7515,1014,0,0,7515,1332,1368,1450,1482,-40,-2253,-40,-2284,17,-2217,204,136
2176,-1280,-1037,5,-39,1059,426,-1192,-6069,103,-87,2,-1,0,500,8292,1019,42,0,8292,1381,1396,1496,1513,-46,-1787,-47,-1821,0,-1815,204,135
2226,-1173,-973,12,-56,1170,3782,-1985,-4238,90,-81,-2,-2,0,500,8292,1008,-5,0,8292,1404,1375,1490,1516,17,-1808,17,-1822,36,-1940,255,135
2276,-697,-1103,-36,18,1023,6529,-276,-5520,59,-94,0,-1,1,501,8358,1008,39,0,8292,1419,1379,1488,1504,-108,-1990,-109,-2005,-88,-2118,204,138
2326,-204,-971,44,-9,947,7261,-1741,-5581,13,-77,0,-1,0,500,8292,1008,14,0,8292,1403,1393,1491,1507,36,-2069,36,-2086,18,-2149,255,131
2376,145,-1130,53,19,1015,2379,1066,-4848,-16,-92,2,-1,0,499,8258,1006,3,0,8225,1398,1403,1479,1503,62,-2050,63,-2062,0,-2033,255,130
2426,179,-1259,12,-27,1000,-2198,5765,-1735,-23,-113,-2,0,0,500,8292,1014,-34,0,8292,1418,1441,1464,1471,42,-2254,42,-2286,-67,-2178,255,137
2476,193,-1090,50,20,1010,-5006,6010,644,-24,-94,2,-1,0,499,8258,1016,-30,0,8258,1441,1455,1445,1455,96,-1999,98,-2031,0,-1887,255,131
2526,-76,-796,-45,-6,1143,-6776,4057,3024,-3,-73,0,-1,0,499,8258,1008,-6,0,8258,1439,1473,1423,1459,-51,-2288,-51,-2307,-68,-2170,214,134
2576,-646,-821,5,-61,1016,-5921,-215,4855,38,-72,0,-2,0,500,8292,1007,-8,0,8225,1448,1487,1394,1458,-9,-2046,-9,-2060,84,-1986,255,131
2626,-1118,-1119,16,-24,1143,-1649,-5525,3879,93,-92,2,0,0,499,8258,1013,4,0,8258,1466,1497,1379,1446,-99,-1911,-101,-1935,0,-1878,255,135
2676,-1516,-1601,27,-88,1084,-2686,-4121,2963,121,-134,-2,0,0,496,8159,1006,11,0,8192,1438,1491,1404,1451,-126,-2276,-126,-2290,-90,-2243,234,142
2726,-1823,-1559,-8,-22,1049,-1466,455,2048,152,-136,0,-1,0,497,8192,1005,-4,0,8192,1428,1461,1427,1470,-41,-1558,-41,-1566,-49,-1578,204,138
2776,-2010,-1594,92,-52,935,1097,-886,400,166,-128,2,-1,0,496,8159,1011,32,0,8192,1420,1463,1426,1476,70,-2079,71,-2101,49,-2116,255,133
2826,-1833,-1424,4,-56,1018,1524,89,-698,154,-126,2,0,0,496,8159,1003,20,0,8159,1417,1466,1428,1478,-44,-2085,-44,-2093,-42,-2088,204,134
2876,-1846,-1139,-60,-47,1055,-1160,89,-454,159,-103,2,0,0,497,8192,1011,22,0,8192,1392,1449,1445,1496,-21,-2064,-22,-2089,0,-2037,255,135
2926,-2059,-1101,-15,-53,982,-4029,-3816,-3139,162,-97,0,-2,0,497,8192,1000,25,0,8192,1358,1459,1448,1507,-52,-1933,-52,-1933,8,-1848,255,138
2976,-2255,-1083,-23,-6,1007,-5799,-4732,-4299,197,-93,-2,0,0,497,8192,1003,25,0,8225,1350,1440,1461,1525,-167,-1964,-167,-1970,-60,-1835,255,142
3026,-2631,-1278,-4,-33,952,-8424,-5647,-4970,213,-111,0,-2,0,497,8192,1011,-8,0,8192,1318,1461,1456,1529,-227,-1671,-230,-1690,-125,-1511,255,143
3076,-2956,-1701,-5,-36,1092,-11658,-8211,-5214,251,-144,0,0,0,497,8192,1023,49,0,8192,1317,1471,1443,1532,-89,-1402,-91,-1434,8,-1261,204,139
3126,-3720,-2250,52,-81,963,-7935,-8088,-4360,319,-187,2,0,0,497,8192,1018,48,0,8192,1338,1457,1441,1529,-65,-815,-66,-830,8,-765,255,134
3176,-4129,-2697,107,-142,955,1524,-1741,-2651,353,-227,0,0,0,496,8159,1016,16,0,8192,1387,1444,1439,1510,76,-983,77,-1000,67,-1139,255,136
3226,-3826,-2773,48,-60,1039,11168,-2901,583,336,-241,0,0,0,497,8192,1014,-15,0,8192,1408,1470,1387,1510,44,-903,44,-916,67,-1163,255,134
3276,-2793,-3005,41,6,1011,16417,5643,1560,260,-265,2,0,0,496,8159,1024,-8,0,8159,1428,1444,1430,1479,99,-1063,101,-1089,-68,-1387,244,135
3326,-1658,-2631,15,1,1144,17210,7169,-1003,158,-229,2,0,1,496,8159,1021,-4,0,8159,1396,1430,1449,1506,177,-1577,181,-1610,-8,-1838,214,136
3376,-718,-2412,49,24,1029,10191,9244,-3444,74,-213,0,0,0,497,8192,1002,-24,0,8192,1344,1430,1468,1528,119,-2013,120,-2017,-16,-2058,255,137
3426,-292,-1762,21,16,892,-2259,6376,-6557,30,-153,2,0,0,496,8159,1008,-50,0,8159,1298,1429,1479,1545,121,-2014,122,-2033,29,-1901,204,135
3476,-371,-1429,-10,-42,1024,-7935,3873,-5214,28,-123,0,0,1,498,8225,1014,-23,0,8159,1323,1453,1455,1531,-18,-2091,-18,-2120,-76,-1936,204,139
3526,-813,-1147,-36,18,875,-5067,2592,-3383,79,-97,0,1,2,496,8159,999,-30,0,8159,1347,1442,1461,1525,1,-2168,1,-2166,-9,-2075,255,130
3576,-1183,-1019,12,-38,1112,-6043,28,-3994,102,-82,0,0,1,496,8159,1014,8,0,8192,1339,1449,1464,1519,-54,-1946,-54,-1974,-61,-1866,255,135
3626,-1376,-853,2,-3,912,-3968,28,-3200,123,-68,2,0,1,497,8192,999,-14,0,8192,1340,1448,1449,1532,34,-1829,34,-1827,51,-1766,204,129
3676,-1476,-898,22,-25,1037,-1160,822,-3750,131,-71,0,0,1,496,8159,1003,8,0,8192,1344,1451,1452,1524,39,-1749,39,-1754,0,-1750,255,131
3726,-1505,-1113,32,-33,900,487,3690,-2529,130,-69,-2,0,5,492,8028,995,-25,0,8028,1355,1444,1447,1509,-18,-1543,-18,-1535,-57,-1562,214,136
3776,-1575,-1219,22,-6,1019,1036,-703,766,147,-102,2,1,0,497,8192,1005,8,0,8225,1400,1478,1412,1495,-168,-1869,-169,-1878,-142,-1875,204,137
3826,-1524,-1273,13,9,915,853,-1314,2048,140,-104,0,0,1,498,8225,997,2,0,8225,1396,1493,1393,1496,-278,-1934,-277,-1928,-222,-1924,255,135
3876,-1703,-1455,114,-57,990,-5311,-4548,1254,150,-108,0,1,1,496,8159,1014,19,0,8225,1346,1512,1395,1516,-112,-1849,-114,-1874,-24,-1724,255,141
3926,-2100,-1772,117,-81,992,-12391,-4304,461,180,-136,2,1,1,498,8225,1011,0,0,8225,1327,1518,1404,1516,-7,-2015,-7,-2037,51,-1805,234,135
3976,-2731,-1780,-26,-82,845,-10560,-2473,1804,228,-150,0,0,2,498,8225,1016,7,0,8192,1353,1516,1393,1506,-50,-1340,-51,-1362,-19,-1242,204,139
4026,-3268,-1887,20,-114,1080,-4090,639,2048,278,-162,2,0,0,497,8192,1016,0,0,8192,1381,1517,1382,1488,-49,-1037,-50,-1053,-49,-1026,255,137
4076,-3392,-1778,13,-28,900,4027,1493,2658,307,-153,2,1,0,496,8159,1011,0,0,8159,1390,1505,1392,1486,145,-1034,147,-1046,83,-1217,224,134
4126,-3168,-1394,10,-77,1027,12633,1798,2292,293,-123,0,2,0,498,8225,1007,-25,0,8225,1402,1494,1383,1494,31,-1150,31,-1158,19,-1372,214,136
4176,-2373,-1317,-14,-48,1054,11290,2531,1804,221,-116,2,2,0,496,8159,1024,2,0,8225,1397,1496,1402,1488,195,-1590,199,-1628,107,-1783,204,138
4226,-1953,-1211,106,-50,936,9886,6864,95,183,-95,0,2,0,499,8258,1030,17,0,8258,1360,1483,1431,1501,68,-1764,71,-1817,-69,-1883,204,132
4276,-1507,-620,-21,-64,1026,2745,10526,-2529,135,-58,2,1,0,498,8225,1019,11,0,8192,1312,1470,1467,1515,143,-1958,146,-1995,0,-1974,204,136
4326,-1416,-109,18,-51,998,2440,9183,-5581,128,-4,2,1,1,497,8192,1023,-20,0,8192,1282,1447,1477,1544,106,-2000,108,-2046,16,-1977,224,134
4376,-1398,118,-18,14,972,-2198,9733,-7412,132,7,-2,1,0,496,8159,1020,0,0,8192,1240,1445,1503,1544,71,-2335,73,-2381,0,-2249,204,129
4426,-1550,368,19,-23,974,-5921,5643,-8510,143,32,2,2,0,497,8192,1021,4,0,8192,1231,1450,1499,1551,43,-2381,43,-2433,0,-2251,255,129
4476,-1856,603,-75,-24,1063,-6959,5521,-6008,170,47,2,2,0,497,8192,1018,19,0,8225,1266,1467,1480,1536,-133,-2213,-136,-2253,-111,-2084,255,139
4526,-2214,787,-23,-8,1028,-7020,-642,-3139,203,68,0,2,0,496,8159,1033,13,0,8159,1295,1500,1438,1522,-464,-2342,-479,-2419,-381,-2226,255,138
4576,-2514,720,-52,7,1007,-6654,-1924,3085,235,59,-2,2,0,498,8225,1013,-26,0,8192,1356,1545,1390,1475,58,-2305,59,-2335,92,-2167,214,133
4626,-2800,674,-33,-12,944,-9095,-2168,5954,261,60,2,3,0,498,8225,1016,-9,0,8225,1361,1571,1371,1455,-73,-2048,-74,-2083,0,-1916,255,133
4676,-3218,688,-53,-85,1137,-11719,-3755,8334,287,58,0,2,0,497,8192,1026,9,0,8225,1381,1590,1351,1435,-113,-2056,-116,-2109,-29,-1902,255,138
4726,-3652,611,-47,-50,1057,-10194,-3328,8518,333,51,-2,3,0,498,8225,1027,38,0,8225,1379,1602,1339,1430,-45,-2291,-46,-2352,33,-2179,255,137
4776,-4141,441,-15,-77,903,-7203,-2290,9494,370,42,0,2,0,497,8192,1026,23,0,8192,1386,1606,1328,1423,10,-1963,10,-2014,51,-1911,255,132
4826,-4441,214,25,-110,858,-5738,-276,9311,400,22,-8,4,0,497,8192,1029,22,0,8192,1389,1603,1339,1433,-113,-1921,-116,-1977,-68,-1893,255,137
4876,-4764,252,35,-94,862,-6104,-8821,7297,420,34,0,2,0,499,8258,1020,12,0,8192,1354,1603,1324,1458,-100,-1693,-102,-1727,86,-1649,204,135
4926,-5056,-380,43,-136,1172,-6776,-9797,8090,449,-22,-6,2,0,498,8225,1036,16,0,8225,1342,1632,1303,1445,-141,-1376,-146,-1425,-7,-1293,255,140
4976,-5254,-831,1,-154,988,-9766,-3389,7175,461,-61,-2,2,2,498,8225,1046,27,0,8225,1319,1618,1340,1457,4,-1500,4,-1569,67,-1438,255,132
5026,-5519,-851,-33,-55,1202,-5128,-1863,4916,502,-74,-2,3,0,497,8192,1031,38,0,8192,1311,1606,1360,1460,-102,-1464,-105,-1509,-93,-1434,224,141
5076,-5854,-736,-30,-125,1006,-3602,1981,2475,517,-69,0,2,0,499,8258,1033,21,0,8192,1265,1587,1397,1482,190,-1381,196,-1427,129,-1432,214,138
5126,-6130,-736,-5,-164,1029,1768,6010,1682,544,-65,2,2,0,497,8192,1030,23,0,8192,1284,1581,1392,1481,-67,-1275,-69,-1313,-137,-1399,214,137
5176,-6228,-581,37,-121,947,6712,883,3085,558,-44,0,2,0,499,8258,1026,-1,0,8192,1302,1590,1375,1473,19,-1393,20,-1429,8,-1570,255,130
5226,-5986,-547,24,-79,959,5430,-5159,5222,540,-43,2,2,0,496,8159,1032,1,0,8159,1308,1629,1324,1467,-88,-1698,-91,-1752,0,-1777,204,132
5276,-5909,-809,15,-80,1096,-4273,1249,6564,534,-71,0,3,0,497,8192,1021,-11,0,8192,1276,1646,1344,1442,-18,-1876,-18,-1915,-25,-1788,255,137
5326,-6255,-716,22,-118,902,-10255,4362,4672,553,-63,0,2,0,497,8192,1031,-1,0,8192,1237,1646,1377,1438,36,-1783,38,-1838,-67,-1636,255,135
5376,-7000,-95,-13,-104,997,-11170,5216,3452,621,-12,0,2,0,497,8192,1035,0,0,8192,1210,1638,1391,1451,218,-1397,226,-1445,135,-1289,244,136
5426,-7872,194,-22,-106,945,-7081,5033,3818,697,16,0,2,0,497,8192,1018,-28,0,8192,1245,1646,1363,1446,170,-1354,173,-1378,120,-1313,204,136
5476,-8334,459,18,-164,1079,-2808,2653,4184,742,45,0,3,0,496,8159,1029,10,0,8192,1243,1637,1381,1445,172,-1224,177,-1260,101,-1280,255,135
5526,-8492,716,-5,-194,1012,-489,5277,3208,750,64,0,2,0,497,8192,1035,19,0,8192,1240,1631,1392,1445,122,-1481,127,-1533,45,-1562,234,133
5576,-8360,925,-34,-43,996,-2015,11503,2963,756,77,0,3,0,497,8192,1033,6,0,8225,1220,1629,1421,1437,97,-1680,100,-1735,0,-1673,204,131
5626,-8513,1601,-1,-174,892,-7508,2164,-1674,749,144,2,2,0,498,8225,1029,18,0,8225,1150,1618,1426,1497,12,-1859,12,-1913,34,-1780,214,134
5676,-8864,1539,-26,-138,929,-10987,-215,-1186,783,137,2,2,0,497,8192,1034,4,0,8192,1150,1626,1423,1475,-244,-1645,-253,-1701,-240,-1530,204,141
5726,-9133,1570,-51,-131,959,-9217,1005,2597,812,133,2,3,0,499,8258,1023,-6,0,8258,1218,1651,1372,1447,-60,-1722,-62,-1761,-16,-1645,255,137
5776,-9497,1504,-40,-158,953,-6776,-703,7175,832,133,0,1,0,497,8192,1029,21,0,8225,1295,1678,1333,1392,-135,-1299,-139,-1336,-108,-1280,214,140
5826,-9742,1571,-10,-143,1024,-5738,-1008,12363,861,142,0,2,0,498,8225,1021,6,0,8225,1340,1700,1274,1355,147,-1135,150,-1159,193,-1120,255,139
5876,-10031,1431,-44,-168,1161,-10743,28,13522,884,127,0,2,0,497,8192,1036,-21,0,8225,1330,1729,1257,1332,-34,-1130,-36,-1171,0,-1016,234,138
5926,-10683,1566,-40,-135,644,-13489,-2107,14316,931,134,0,1,0,497,8192,1029,-42,0,8192,1327,1729,1236,1346,-49,-1038,-51,-1069,47,-908,255,140
5976,-11158,1379,-55,-261,1361,-10926,-3694,13767,983,123,-4,2,0,498,8225,1042,3,0,8192,1333,1718,1275,1332,82,-453,85,-472,130,-418,255,137
6026,-11998,1171,-5,-263,832,-5372,-2534,10593,1048,104,0,2,0,497,8192,1021,-23,0,8192,1316,1693,1307,1368,-178,-553,-182,-565,-134,-629,244,141
6076,-12446,1197,-70,-287,1054,6224,-4548,6687,1094,105,0,2,0,497,8192,1031,-49,0,8225,1312,1654,1332,1419,21,-581,22,-599,135,-929,224,136
6126,-12306,1238,-20,-213,886,17454,-6135,644,1089,110,0,2,0,497,8192,1029,-63,0,8192,1249,1604,1398,1469,-86,-115,-89,-119,24,-560,244,136
6176,-11499,1006,-37,-196,990,26427,-10774,-5520,1022,93,0,1,0,497,8192,1018,-46,0,8192,1179,1545,1453,1523,-196,-165,-199,-168,-48,-707,224,141
6226,-10256,683,-38,-210,950,28258,-11506,-8571,910,68,2,1,1,497,8192,1034,-42,0,8192,1150,1530,1460,1555,-402,89,-416,92,-227,-403,224,136
6276,-9102,136,0,-131,955,24046,-9797,-11196,817,16,-2,2,0,498,8225,1025,-25,0,8192,1150,1534,1483,1547,-131,-537,-134,-550,-44,-881,255,137
6326,-8586,-321,24,-187,968,21483,-6624,-11196,761,-19,2,1,0,497,8192,1010,-77,0,8192,1150,1539,1462,1544,-60,-1023,-61,-1033,-19,-1324,255,140
6376,-8153,-564,-71,-223,976,21971,-3633,-5581,719,-56,0,1,0,496,8159,1030,-14,0,8192,1192,1547,1446,1521,-9,-1130,-10,-1164,-17,-1478,214,139
6426,-7524,-211,-64,-175,1054,26121,-4182,-8388,671,-23,2,1,0,496,8159,1020,-8,0,8159,1150,1511,1478,1551,-144,-1268,-146,-1294,-126,-1616,255,143
6476,-6368,-1,-39,-78,1083,27098,-9797,-12722,581,3,0,2,0,498,8225,1021,-14,0,8225,1150,1483,1479,1590,-143,-1434,-146,-1464,0,-1736,204,137
,,,,,,,,,,,,,,,,,,,,,,,,,,,,,,,
6626,-4060,-1835,2,-24,991,1768,-12544,-15773,363,-154,-4,0,0,498,8225,1049,78,0,8225,1150,1470,1519,1639,-64,-1760,-67,-1846,29,-1590,214,139
6676,-4237,-2446,78,-70,980,-916,-6990,-20961,373,-203,0,0,0,498,8225,1036,61,0,8225,1150,1435,1544,1656,40,-1289,42,-1335,42,-1143,224,136
6726,-4547,-2427,-57,-144,963,3905,-5525,-21633,394,-216,-2,0,0,497,8192,1076,161,0,8192,1150,1384,1565,1681,-2,-758,-2,-816,16,-708,234,137
6776,-4317,-2358,21,-54,980,7078,-2595,-28957,385,-203,0,0,0,499,8258,1064,162,0,8159,1150,1259,1639,1727,186,-769,198,-818,126,-808,234,137
6826,-3799,-2523,46,-20,955,9642,-5586,-35854,336,-213,-2,0,0,497,8192,1065,136,0,8192,1150,1247,1629,1751,164,-805,175,-857,179,-810,234,138
6876,-3083,-3011,13,-70,1036,6712,-2473,-30178,270,-255,0,0,2,498,8225,1077,106,0,8192,1150,1288,1621,1730,88,-1191,95,-1283,26,-1051,244,138
6926,-2556,-3213,95,21,1042,-3480,89,-22915,231,-269,-2,0,1,497,8192,1048,47,0,8192,1150,1428,1566,1670,178,-944,186,-990,68,-665,224,134
6976,-2741,-3288,92,-38,1029,-18739,2348,-19008,228,-277,2,0,1,497,8192,1061,48,0,8192,1150,1439,1560,1679,32,-797,34,-845,-101,-271,234,137
7026,-3337,-3443,18,24,971,-27772,2470,-19558,287,-295,0,0,2,497,8192,1055,9,0,8192,1150,1422,1567,1710,102,-877,108,-925,49,-338,142,134
7076,-4310,-3748,76,-18,972,-25452,-3389,-20900,367,-317,2,0,1,504,8425,1075,22,0,8225,1150,1426,1554,1695,173,-501,185,-538,170,-145,122,138
7126,-5035,-4088,86,-144,1006,-16602,-1985,-19191,423,-343,12,0,2,498,8225,1085,44,0,8225,1150,1401,1566,1702,312,-608,339,-660,278,-329,0,139
7176,-5046,-4142,31,-22,1030,-2625,-398,-16994,445,-358,-4,0,1,497,8192,1080,86,0,8192,1150,1389,1531,1696,312,-608,337,-657,278,-329,0,136
7226,-4361,-4446,153,-14,944,9337,-7051,-14614,394,-369,0,0,1,496,8159,1081,68,0,8159,1150,1424,1464,1665,312,-608,338,-658,278,-329,0,135
7276,-3056,-5208,60,-14,902,15135,-6685,-2773,284,-447,0,1,1,497,8192,1101,81,0,8225,1200,1493,1387,1615,90,-303,99,-334,67,-579,142,133
7326,-1733,-5718,73,19,1067,14464,1737,4733,166,-495,-2,0,1,499,8258,1092,65,0,8258,1273,1538,1351,1570,-27,-103,-30,-113,-122,-302,122,136
7376,-524,-5467,102,37,1063,8787,6010,3513,57,-469,0,0,2,496,8159,1099,61,0,8159,1251,1538,1373,1557,135,147,148,161,-68,110,204,129
7426,440,-4494,33,83,1018,1036,13456,3085,-30,-395,-2,0,1,498,8225,1116,85,0,8225,1197,1532,1412,1568,303,-180,338,-201,37,-94,255,131
7476,992,-3395,41,115,995,-6959,6864,4306,-79,-294,-2,0,1,497,8192,1079,64,0,8225,1262,1569,1331,1555,195,-601,210,-648,121,-389,244,133
7526,1255,-2806,-3,57,1041,-11353,4545,12668,-111,-248,-2,0,0,497,8192,1109,78,0,8192,1323,1606,1282,1508,84,-538,93,-596,16,-296,244,134
7576,1676,-2283,45,154,1142,-13123,1859,8273,-141,-193,-2,0,1,498,8225,1088,42,0,8192,1327,1600,1276,1513,22,-623,24,-677,-19,-375,224,135
7626,1744,-1918,-5,109,1132,-14100,-825,12424,-155,-163,0,0,1,497,8192,1099,71,0,8192,1352,1613,1227,1507,87,-684,95,-752,134,-471,244,135
7676,2058,-1383,-73,143,910,-11658,-2229,7663,-172,-119,0,0,2,498,8225,1104,55,0,8192,1275,1563,1332,1551,-62,-218,-68,-241,0,-75,234,134
7726,1889,-665,-76,37,1014,-8485,-3084,5710,-168,-55,0,0,2,497,8192,1111,99,0,8192,1275,1560,1349,1542,13,-685,15,-761,67,-587,255,131
7776,1496,623,-162,38,893,-1954,-6624,522,-133,47,-2,0,1,497,8192,1124,82,0,8192,1215,1497,1414,1585,-224,-317,-252,-356,-80,-394,224,134
7826,1227,1424,-149,5,988,7811,-10652,-4543,-108,123,0,0,1,497,8192,1108,39,0,8192,1161,1454,1447,1618,-52,-104,-57,-115,77,-317,214,133
7876,1087,1488,-110,-13,965,14342,-4915,-7656,-92,130,0,0,1,497,8192,1121,57,0,8192,1150,1405,1494,1629,73,11,82,13,100,-319,214,129
7926,1550,2015,-146,20,981,20689,-642,-11501,-123,175,2,0,2,496,8159,1111,38,0,8159,1150,1361,1525,1648,64,-85,71,-95,42,-450,214,130
7976,2303,2467,-85,28,1009,20689,-703,-12600,-196,214,0,0,0,497,8192,1101,3,0,8192,1150,1383,1525,1643,-89,-104,-98,-115,-114,-380,255,135
8026,2823,2990,-98,-1,1073,11168,-7295,-10585,-246,267,2,0,1,497,8192,1127,45,0,8192,1150,1414,1497,1649,-254,-773,-287,-871,-126,-873,234,139
8076,2959,2866,-65,15,1033,-489,-13032,-8083,-258,264,-4,0,2,496,8159,1130,49,0,8258,1150,1452,1486,1635,-30,-1321,-34,-1492,70,-1204,255,138
8126,2530,2034,-34,68,980,-8607,-3755,-8083,-221,182,2,0,0,497,8192,1135,34,0,8192,1150,1464,1510,1625,58,-1764,66,-2002,19,-1539,255,134
8176,1566,1829,15,-31,1004,-13612,2714,-12233,-145,163,-2,0,0,498,8225,1110,-18,0,8192,1150,1415,1545,1656,95,-2233,106,-2479,-8,-1997,255,139
8226,811,974,122,-33,947,-11903,761,-14431,-77,106,-2,0,1,497,8192,1103,-48,0,8192,1150,1394,1532,1687,-2,-1598,-2,-1762,-58,-1430,255,135
8276,186,-870,141,17,976,-4395,5277,-8999,-13,-61,-2,0,0,498,8225,1115,-31,0,8225,1150,1454,1494,1627,280,-2100,312,-2342,39,-2076,214,135
8326,-57,-1939,190,-31,955,-123,16141,-7534,8,-159,-4,1,0,491,7996,1112,-26,0,7996,1150,1446,1503,1613,301,-1988,335,-2211,-33,-2002,204,137
8376,133,-2507,110,28,999,548,29935,-820,-5,-221,0,0,0,496,8159,1127,5,0,8159,1150,1483,1464,1588,386,-2131,435,-2402,0,-2186,204,130
8426,-90,-2194,147,-21,988,4332,14860,1499,11,-183,0,0,0,497,8192,1117,-9,0,8192,1235,1534,1380,1563,191,-2131,214,-2381,0,-2209,255,133
8476,-149,-3169,214,0,971,4088,10770,7663,18,-257,0,0,1,497,8192,1112,-27,0,8192,1284,1575,1305,1549,95,-2275,105,-2530,0,-2304,255,132
8526,-173,-4710,253,-22,964,59,9550,9616,20,-393,0,1,0,497,8192,1107,-72,0,8192,1261,1575,1297,1563,73,-2322,80,-2570,0,-2292,255,130
8576,-335,-5748,209,-53,980,-1466,8329,6687,27,-490,0,0,0,498,8225,1095,-108,0,8192,1223,1546,1340,1586,65,-2605,71,-2853,0,-2537,255,134
8626,-439,-6432,191,-47,901,-3846,7230,3146,42,-554,0,2,0,497,8192,1094,-93,0,8192,1157,1540,1359,1608,57,-2555,62,-2795,0,-2457,255,133
8676,-476,-6653,157,3,1032,-5250,4545,2231,37,-575,2,0,0,497,8192,1080,-142,0,8192,1235,1571,1259,1602,-99,-2474,-107,-2672,0,-2380,255,136
8726,-765,-7162,186,-11,933,-6715,-3328,10776,67,-612,8,0,0,497,8192,1087,-140,0,8192,1310,1615,1184,1564,-125,-2638,-136,-2868,0,-2515,255,140
8776,-548,-7493,114,108,915,-12208,3812,11691,58,-656,0,0,0,499,8258,1051,-167,0,8192,1246,1600,1271,1562,41,-2750,43,-2891,0,-2507,255,136
8826,-669,-6389,64,74,1086,-14222,4850,888,63,-558,0,0,1,498,8225,1057,-135,0,8225,1150,1536,1362,1622,25,-2416,26,-2553,0,-2229,255,133
8876,-861,-5402,-37,38,1076,-8973,3263,1682,83,-482,0,1,0,496,8159,1049,-83,0,8258,1188,1503,1355,1635,-85,-2464,-90,-2584,0,-2470,255,135
8926,-402,-4842,70,129,1054,2196,-276,461,56,-424,2,1,0,498,8225,1041,-56,0,8225,1269,1519,1325,1599,-34,-2208,-36,-2299,0,-2344,255,133
8976,563,-4349,23,60,993,11595,-4121,4611,-38,-383,0,0,0,496,8159,1031,-81,0,8225,1347,1524,1247,1595,-112,-2161,-115,-2228,0,-2450,255,136
9026,2129,-4658,66,89,1180,14403,-3267,12241,-175,-407,-2,0,0,498,8225,1038,-62,0,8225,1408,1570,1150,1551,-93,-2176,-97,-2259,0,-2447,255,139
9076,3591,-4924,51,87,1075,12144,-1863,14499,-302,-429,0,0,0,498,8225,1030,-53,0,8192,1430,1587,1150,1533,-77,-2388,-79,-2459,0,-2544,255,138
9126,4973,-4787,47,155,1027,5247,-5586,10715,-418,-419,0,1,0,498,8225,1037,-29,0,8225,1352,1554,1168,1593,-139,-2389,-144,-2477,0,-2412,255,140
9176,5703,-5158,57,141,1117,59,-520,9311,-488,-453,0,1,0,498,8225,1042,-20,0,8225,1377,1560,1178,1571,-62,-2411,-65,-2512,0,-2401,255,134
9226,6032,-5229,112,126,969,-489,-3328,10227,-524,-452,-2,0,0,497,8192,1030,-26,0,8192,1415,1562,1150,1565,-111,-2354,-115,-2424,0,-2373,255,141
9276,6240,-5368,131,169,959,3477,-13154,13461,-532,-454,2,0,0,497,8192,1043,-16,0,8225,1414,1578,1150,1572,-186,-2374,-195,-2477,0,-2399,255,141
9326,6631,-5987,49,121,984,-794,-5220,11813,-574,-522,0,0,0,498,8225,1040,-40,0,8225,1397,1555,1150,1574,-92,-2412,-95,-2509,0,-2411,255,137
9376,7092,-5985,113,124,862,914,-10896,5222,-613,-507,0,0,1,498,8225,1032,-82,0,8192,1356,1523,1181,1614,-200,-2516,-206,-2596,0,-2507,255,139
9426,7443,-5853,86,75,993,1219,-12178,4123,-651,-503,-2,0,0,497,8192,1040,-77,0,8192,1332,1507,1237,1621,-119,-2255,-124,-2345,0,-2268,255,139
9476,7585,-5937,69,95,952,4332,-825,4428,-659,-517,0,0,0,497,8192,1027,-41,0,8225,1368,1513,1269,1581,146,-2332,150,-2395,0,-2440,255,134
9526,7458,-5211,113,-10,1046,11595,10404,1315,-656,-457,0,0,0,497,8192,1023,-40,0,8192,1366,1484,1263,1607,112,-2185,115,-2235,0,-2403,255,139
9576,7070,-4790,199,4,956,24412,-9370,7297,-615,-401,0,0,0,497,8192,1030,-17,0,8192,1445,1528,1150,1576,-32,-2032,-33,-2093,0,-2456,255,136
9626,6959,-5088,92,-48,1122,28929,13151,15537,-614,-446,0,0,0,497,8192,1021,-20,0,8192,1492,1573,1197,1444,382,-1937,390,-1977,0,-2369,255,139
9676,6713,-2988,11,-65,1002,27403,11137,19199,-592,-266,-2,0,0,497,8192,1033,21,0,8192,1517,1624,1150,1460,42,-2211,43,-2284,0,-2525,255,137
9726,6351,-2153,31,-12,1173,22032,-1497,27255,-560,-184,-2,0,0,497,8192,1023,6,0,8192,1565,1699,1150,1365,-12,-2235,-12,-2286,0,-2383,255,138
9776,5529,-2274,4,-34,853,7811,14738,32443,-496,-208,0,0,0,497,8192,1028,1,0,8225,1565,1730,1150,1274,229,-2536,235,-2607,0,-2440,255,134
9826,4225,-1449,85,-35,904,-1649,16813,28598,-384,-123,0,0,0,497,8192,1021,-23,0,8192,1523,1722,1150,1316,288,-2545,294,-2599,0,-2339,255,138
9876,2565,-759,80,-113,933,-4334,19743,25791,-242,-63,8,0,0,498,8225,1010,-63,0,8358,1520,1726,1150,1341,247,-2212,249,-2234,0,-2038,255,137
9926,1003,29,-5,-140,1033,-367,12235,22983,-103,0,0,0,0,499,8258,1010,-14,0,8258,1484,1696,1150,1410,28,-2539,28,-2565,-8,-2416,255,132
9976,-75,241,12,-101,1063,-1099,-703,16757,-6,26,-2,0,0,498,8225,1016,10,0,8225,1433,1671,1150,1458,-62,-2544,-63,-2588,0,-2450,255,132
10026,-806,-84,24,2,1016,364,1066,10166,54,-2,-2,-3,0,498,8225,1003,-29,0,8225,1380,1639,1150,1490,-24,-2208,-24,-2216,0,-2123,255,131
10076,-1544,-415,89,-139,1019,1707,7719,6137,117,-27,0,-1,0,498,8225,1000,-61,0,8225,1351,1609,1246,1505,128,-2481,128,-2481,0,-2434,255,137
10126,-2092,-157,5,-69,972,4332,8817,4672,173,-13,0,-1,0,497,8192,1008,-42,0,8192,1330,1614,1217,1525,47,-2521,48,-2543,0,-2477,255,132
10176,-2344,-586,68,-109,978,5186,11625,5100,192,-46,2,-1,0,497,8192,1003,-1,0,8159,1345,1610,1217,1517,94,-2501,94,-2509,0,-2519,255,134
10226,-2462,-686,38,27,953,6102,10404,3940,210,-57,2,-2,0,499,8258,1005,-34,0,8258,1324,1601,1264,1528,100,-2458,100,-2471,0,-2459,255,135
10276,-2187,-714,48,0,1008,-2076,7413,-4421,183,-51,0,-2,2,497,8192,1000,-17,0,8192,1150,1568,1332,1599,-8,-2474,-8,-2474,0,-2277,255,134
10326,-2241,-818,0,-46,1015,-12940,3507,-7595,175,-63,0,-2,2,497,8192,997,-18,0,8192,1150,1545,1368,1640,-78,-2604,-78,-2596,0,-2277,255,137
10376,-2625,-1274,80,-12,1110,-21302,-154,-13637,216,-99,0,-1,1,497,8192,1013,29,0,8192,1150,1523,1403,1666,-165,-2693,-167,-2728,0,-2303,255,142
10426,-3129,-2098,97,-11,1136,-19532,-6441,-16994,255,-171,2,-2,0,497,8192,997,2,0,8192,1150,1481,1417,1691,-171,-2712,-171,-2704,0,-2414,255,142
10476,-3005,-3122,136,-28,1007,-11536,-10835,-15163,249,-259,0,-2,0,498,8225,999,-20,0,8192,1150,1468,1378,1701,-245,-2520,-245,-2517,0,-2412,255,146
10526,-2350,-4443,106,86,994,-1466,-8394,-13149,203,-374,0,-2,1,497,8192,1005,3,0,8192,1158,1503,1325,1658,-193,-2418,-194,-2430,0,-2448,255,141
10576,-1532,-5017,164,19,1110,1646,-7539,-1003,131,-425,-2,-1,0,497,8192,1000,60,0,8225,1252,1529,1283,1624,-162,-2286,-162,-2286,0,-2351,255,142
10626,-126,-5150,76,95,973,3782,-22371,-11501,15,-437,2,-1,0,498,8225,997,52,0,8225,1150,1464,1271,1723,-496,-2220,-494,-2213,0,-2299,255,138
10676,948,-6504,56,128,1062,-1649,-21516,-11623,-79,-560,0,-1,0,497,8192,1000,100,0,8159,1150,1461,1393,1693,-174,-2584,-174,-2584,0,-2464,214,143
10726,1396,-6971,112,83,1098,-10499,-7844,-23769,-128,-606,-2,-1,0,497,8192,1001,89,0,8192,1150,1355,1487,1759,-72,-2369,-72,-2371,0,-2194,204,143
10776,1593,-7289,110,88,957,-8179,-12544,-22854,-139,-628,4,0,0,496,8159,1010,95,0,8192,1150,1350,1422,1778,-256,-2376,-259,-2400,0,-2362,204,142
10826,1779,-7818,56,91,989,3111,-16206,-18398,-165,-683,0,-3,0,497,8192,1014,59,0,8192,1150,1358,1418,1737,-178,-2227,-180,-2258,0,-2370,204,141
10876,2414,-7606,78,54,951,12816,-11812,-14736,-217,-660,0,-2,0,497,8192,1019,59,0,8192,1150,1386,1380,1713,-126,-2010,-129,-2048,0,-2308,204,142
10926,3211,-7307,46,25,986,16417,-14497,-11196,-290,-636,-2,-2,0,497,8192,1045,57,0,8192,1150,1380,1379,1717,-161,-2021,-168,-2112,0,-2328,204,143
10976,4000,-6717,-57,90,997,14281,-10469,-15041,-351,-592,0,-2,1,498,8225,1026,29,0,8159,1150,1379,1430,1696,-17,-2019,-18,-2072,0,-2198,204,141
11026,4527,-5286,-28,37,921,7261,-4671,-14003,-406,-468,0,-2,0,497,8192,1034,44,0,8192,1150,1394,1447,1698,26,-2119,26,-2191,0,-2154,204,137
11076,4209,-3079,-245,29,1029,548,-2839,-8327,-385,-289,4,-2,1,497,8192,1032,58,0,8159,1150,1436,1441,1662,128,-2230,132,-2302,76,-2119,204,140
11126,3718,-954,-138,31,1084,-9095,578,-14370,-349,-94,-2,-3,0,498,8225,1041,53,0,8225,1150,1477,1463,1631,216,-2418,225,-2517,60,-2167,153,140
11176,2514,941,-44,-36,956,-15687,8390,-9243,-248,75,0,-2,0,497,8192,1038,61,0,8192,1150,1482,1471,1628,267,-2369,277,-2459,9,-2058,193,136
11226,1148,2206,-132,-48,935,-16968,3995,-2651,-132,183,0,-3,0,496,8159,1034,31,0,8159,1150,1526,1370,1619,41,-2500,42,-2585,0,-2273,204,137
11276,-185,2524,-41,-6,964,-9156,-7600,888,-5,230,0,-3,1,497,8192,1027,2,0,8192,1243,1569,1321,1568,-10,-2446,-10,-2512,0,-2362,255,132
11326,-942,2823,-110,-11,835,-5921,3080,5405,62,247,2,-3,2,496,8159,1047,-14,0,8159,1262,1567,1360,1530,166,-2359,173,-2470,0,-2326,204,136
11376,-1026,3285,19,-32,828,-2198,12723,2902,68,296,0,-3,1,497,8192,1029,-49,0,8225,1266,1576,1375,1515,377,-2410,388,-2480,0,-2407,204,136
11426,-1172,3798,-21,-23,985,-1832,17850,3085,83,335,-2,-3,1,497,8192,1041,-29,0,8192,1222,1553,1385,1550,295,-2185,307,-2275,0,-2198,204,138
11476,-1368,4182,-40,-15,1009,-1649,11686,2048,105,366,-2,-2,0,497,8192,1045,-13,0,8192,1232,1553,1355,1567,31,-2321,33,-2426,0,-2335,204,138
11526,-1528,3936,4,-21,980,-2808,-1985,4245,115,358,0,-3,1,497,8192,1039,-28,0,8192,1251,1592,1309,1550,-36,-2338,-38,-2430,0,-2275,204,136
11576,-1777,3318,-22,-25,1068,-10987,2164,5649,133,299,-2,-3,1,498,8225,1030,-50,0,8192,1245,1614,1305,1527,102,-2264,105,-2332,29,-2068,204,141
11626,-2389,3208,-87,-13,1013,-16419,7047,8457,190,284,0,-2,2,498,8225,1029,-43,0,8225,1251,1624,1293,1520,99,-2584,102,-2659,0,-2349,214,138
11676,-2979,3148,-33,-5,965,-16663,4911,7358,243,278,0,-2,0,498,8225,1033,-41,0,8192,1270,1621,1287,1518,75,-2494,78,-2576,0,-2294,204,135
11726,-3525,2808,22,-53,1081,-13306,1554,8823,282,254,-2,-4,0,498,8225,1026,-45,0,8225,1295,1631,1227,1519,-14,-2420,-15,-2483,0,-2279,204,139
11776,-3791,2226,23,-5,1001,-9461,639,12180,311,207,0,-4,1,497,8192,1021,-79,0,8192,1344,1641,1188,1496,13,-2293,13,-2344,0,-2230,204,134
11826,-3759,1602,60,-68,1107,-8607,2958,10043,303,153,0,-4,1,496,8159,1015,-93,0,8159,1308,1638,1234,1507,58,-2348,59,-2384,0,-2305,204,136
,,,,,,,,,,,,,,,,,,,,,,,,,,,,,,,
11926,-3637,1457,-28,-12,1150,-5006,10404,4916,299,133,2,-4,2,498,8225,1014,-58,0,8225,1254,1595,1324,1529,164,-2080,166,-2109,0,-2101,204,139
11976,-3735,2097,-56,-70,1060,-2137,9122,400,300,187,0,-4,2,498,8225,1015,-39,0,8192,1197,1560,1350,1578,-18,-2092,-18,-2123,-41,-2186,255,139
12026,-3767,2131,-33,-70,1136,792,-1985,-1613,305,198,0,-4,2,497,8192,1034,3,0,8192,1188,1548,1331,1607,-121,-2274,-126,-2352,0,-2398,255,138
12076,-3536,1423,19,-34,1122,3416,-7905,-2346,292,135,0,-4,0,497,8192,1027,24,0,8192,1161,1538,1339,1618,-161,-2159,-165,-2217,0,-2296,204,139
12126,-3307,335,62,-52,976,2501,-3877,-1735,269,41,2,-4,0,496,8159,1019,-16,0,8159,1163,1531,1362,1609,-51,-1924,-52,-1961,0,-2042,204,135
12176,-3117,-241,4,-4,1029,1768,3568,-454,257,-19,0,-4,0,498,8225,1020,-7,0,8225,1189,1552,1348,1593,35,-1978,36,-2018,0,-2071,204,131
12226,-3230,-277,31,-67,1025,792,2714,278,256,-19,-6,-4,0,498,8225,1007,1,0,8225,1213,1556,1330,1591,17,-2134,17,-2149,0,-2215,255,131
12276,-3062,-183,-15,-9,926,59,-1314,-270,250,-13,0,-4,0,497,8192,1026,53,0,8225,1189,1545,1328,1611,-103,-2237,-106,-2295,-34,-2276,255,137
12326,-2973,-295,4,-64,989,242,-3389,217,233,-24,0,-4,0,497,8192,1037,71,0,8192,1187,1555,1324,1603,-139,-2290,-145,-2374,-51,-2330,255,136
12376,-2899,-381,-23,-36,985,1402,-1680,-3200,237,-35,-4,-3,0,497,8192,1033,21,0,8192,1150,1526,1371,1616,-52,-2278,-54,-2353,-25,-2332,255,140
