,,,,,,,,
49000,11,-24,10,-14,1031,38,32,-83
101000,43,-69,-3,-1,1023,38,-150,39
149000,17,-69,-6,1,1040,38,-89,-22
201000,10,-41,0,2,1020,-22,-89,39
249000,24,-24,-4,1,1013,-22,-89,-22
301000,20,0,6,0,1018,38,-89,-22
349000,21,-52,11,0,1023,38,-89,-22
401000,2,-27,-4,-3,1011,99,32,39
449000,-17,-15,-2,2,1021,-22,-28,-22
501000,-1,18,-2,2,1015,38,-28,-83
549000,1,22,5,-2,1008,-22,-89,-22
601000,29,25,5,2,1030,-22,-28,-22
649000,-27,38,-3,1,1024,99,32,-22
701000,9,14,3,2,1025,-22,-28,39
749000,-16,-3,1,-2,1006,38,-28,-22
801000,-9,27,-3,7,1028,99,-150,-22
849000,11,6,4,3,1021,99,-28,-83
901000,7,0,-2,-5,1015,99,-28,-22
949000,-16,-26,0,-6,1014,38,-28,-83
1001000,-40,-13,0,1,1018,99,-150,-83
1049000,-41,-15,3,-6,1021,38,-89,-83
1101000,-39,-61,-5,-8,1014,38,-89,-22
1149000,-12,-75,8,-3,1031,99,-89,39
1201000,32,-39,1,1,1025,99,-89,-83
1249000,7,-28,-3,0,1020,-22,-28,39
1301000,-10,-54,-2,-1,1022,38,-89,39
1349000,-19,-50,0,1,1020,-22,-28,-22
1401000,-23,-67,1,-3,1014,-22,-89,39
1449000,-17,-68,2,-1,1017,38,-28,39
1501000,-11,-79,-4,2,1014,38,-89,-22
1549000,-20,-71,0,2,1015,38,-89,-83
1601000,1,-83,-1,-10,1019,38,-28,39
1649000,24,-74,-2,-3,1013,38,-28,-22
1701000,9,-79,4,-1,1008,38,-150,-22
1749000,0,-61,2,10,1017,-22,-28,-83
1801000,-2,-23,5,4,1015,99,-28,39
1849000,-39,0,-5,7,1018,38,-28,-22
1901000,-41,-13,-2,0,1028,99,-28,39
1949000,-46,-9,2,-7,1022,-22,-28,39
2001000,9,-15,0,-2,1015,-22,-28,-22
2049000,19,-44,0,-4,1022,-22,-28,-22
2101000,-5,-52,1,2,1014,38,-89,39
2149000,-23,-23,5,5,1015,38,-89,-22
2201000,2,-51,2,1,1027,38,-28,39
2249000,6,-16,-6,1,1019,-22,-28,-22
2301000,16,34,2,5,1022,99,-28,-22
2349000,-43,4,0,-1,1011,99,-28,-83
2401000,-88,-3,-9,-4,1015,-22,-89,-22
2449000,-95,-15,-15,-4,987,-22,-89,588
2501000,-152,-42,-20,-40,893,649,-333,2907
2549000,-75,-10,23,-50,893,649,216,832
2601000,82,-70,-10,-53,1072,-571,765,649
2649000,-3,53,28,17,1041,-1364,-394,1564
2701000,-39,-53,-16,28,959,-144,-516,-1669
2749000,-136,37,-21,4,1030,954,93,100
2801000,-31,103,5,5,963,221,1070,-510
2849000,-57,50,13,-21,982,-571,-516,1137
2901000,-143,24,-2,7,1031,-815,-699,-2524
2949000,-63,-77,-11,10,975,588,1131,1320
3001000,14,-61,-1,-14,1032,405,399,-1486
3049000,4,30,2,-6,1040,-205,-821,1442
3101000,24,-14,-9,0,1031,-388,277,-998
3149000,9,-30,-4,11,1018,405,-28,1076
3201000,27,52,-2,-3,1016,343,32,-1303
3249000,-12,61,-4,9,1019,-205,-89,1503
3301000,33,49,-4,1,1007,-449,93,-1608
3349000,-30,12,-3,7,1002,588,-577,1747
3401000,-48,-71,1,-15,1012,-22,32,-1486
3449000,-41,-39,11,10,1020,-83,-89,1076
3501000,-42,27,-16,-16,1001,-388,460,-876
3549000,-49,-63,6,-2,1044,-22,-28,893
3601000,-63,-54,5,2,1071,282,-1004,-327
3649000,-45,-27,-1,0,966,343,-1248,-205
3701000,-8,-4,1,1,990,-510,-150,405
3749000,-47,-30,0,1,1025,-266,216,39
3801000,-65,-108,-12,-16,1045,466,-760,1137
3849000,-131,-104,-16,-13,1032,160,-272,-876
3901000,-81,-67,6,-10,1021,-83,32,893
3949000,-30,-90,-11,-10,1018,-266,338,-876
4001000,-102,-90,-10,-7,1006,-22,32,1015
4049000,-86,-116,0,0,1017,-22,338,-998
4101000,-59,-69,-5,0,1006,405,-272,954
4149000,-47,-17,-4,3,1021,-22,216,-998
4201000,-73,-107,-4,-16,791,-1059,1009,4250
4249000,-140,-106,-29,-4,1074,99,1131,-2036
4301000,-76,-72,14,5,983,343,-699,1503
4349000,-96,-88,-50,4,817,221,1253,649
4401000,53,-219,5,-33,1049,-144,521,-1792
4449000,27,-198,15,-18,1074,-632,-821,2419
4501000,73,-171,38,-6,987,-815,-516,-1975
4549000,-26,-126,-19,13,998,710,-333,1320
4601000,-2,-80,-16,18,1072,954,826,-1731
4649000,27,-100,34,-7,1035,-327,-577,1870
4701000,-24,-15,14,-9,1043,-1120,-211,-1853
4749000,22,62,7,20,1051,649,399,1015
4801000,23,5,1,8,1002,527,277,-876
4849000,-59,17,1,-7,1022,-205,-333,344
4901000,-97,54,-3,-6,1057,-388,32,-388
4949000,-95,8,5,2,1005,282,277,344
5001000,-41,14,-2,12,1027,282,460,-266
5049000,-23,-21,11,-6,1015,99,-333,466
5101000,-1,40,6,0,1019,-144,93,-449
5149000,-22,16,-1,-13,1006,-266,-89,283
5201000,-50,-35,-16,-21,988,-388,948,-83
5249000,1,-11,7,3,1074,527,277,405
5301000,28,48,-16,-13,1057,-510,-516,-266
5349000,45,10,-15,-3,1018,-388,338,-266
5401000,2,-5,3,-8,1003,-22,338,-144
5449000,12,1,23,9,1063,771,-882,-144
5501000,3,-15,-15,-6,1012,221,-1370,283
5549000,-17,-3,-15,-4,1036,-22,-455,100
5601000,-25,-21,5,5,1005,160,93,39
5649000,-48,-16,7,10,1074,649,-638,-388
5701000,-43,36,0,6,1027,405,-882,466
5749000,-44,36,-14,-12,994,-205,277,-571
5801000,-45,-18,4,-3,1022,-83,-516,527
5849000,-18,-48,58,16,974,343,-455,-998
5901000,-2,-84,24,-21,901,99,-89,3090
5949000,-99,22,-55,6,885,-632,1131,-1669
6001000,-1,-270,29,15,1001,405,-150,2236
6049000,152,-54,12,-39,1236,-144,460,-2707
6101000,-7,-93,15,-3,1117,-815,-577,1320
6149000,-127,39,-32,-2,968,1137,-1187,-1242
6201000,-104,7,-22,-8,1048,710,277,466
6249000,-2,47,10,0,1046,-327,399,1137
6301000,-63,-4,11,-10,1016,-693,-1492,-1547
6349000,-71,-25,-20,-3,1001,649,-394,1320
6401000,-39,-74,-3,14,1040,527,32,-632
6449000,-2,-19,-3,-14,1010,-83,-333,832
6501000,-32,2,-6,0,1017,-144,-28,-815
6549000,-46,-14,-21,-1,1008,-632,765,649
6601000,-70,-93,-6,-14,1044,466,-272,-327
6649000,-72,-24,-5,7,969,527,-699,161
6701000,-43,-24,0,-2,989,-388,1009,-815
6749000,-30,-42,2,5,1030,-449,521,1015
6801000,-5,-61,-8,-11,984,588,-150,-998
6849000,-87,-45,-9,-7,1049,343,-28,893
6901000,-83,-33,7,6,1067,-327,-455,-876
6949000,-25,-64,15,1,1065,710,-1492,1076
7001000,-62,-38,9,7,1073,282,-272,-754
7049000,7,-79,17,0,964,-937,-28,588
7101000,26,-79,3,-2,1008,466,32,-449
7149000,-30,-99,8,-19,1074,893,-1431,161
7201000,-23,-80,7,27,949,-632,1131,-1181
7249000,12,-84,16,3,1016,-144,704,-266
7301000,-2,-95,1,-10,1103,1076,-1187,649
7349000,-51,-81,-12,-3,1048,-83,-882,-510
7401000,42,-68,15,7,1077,-83,-455,832
7449000,46,-30,-1,6,1008,160,-1065,-1242
7501000,-14,-71,-7,-6,995,-22,-28,1259
7549000,63,-126,20,-28,921,-510,1070,-1364
7601000,133,4,-19,-31,1142,710,521,2053
7649000,97,-141,-2,-12,1053,-632,-1431,-2402
7701000,-148,-196,-2,-17,935,-1120,-1554,4067
7749000,-150,-89,-34,29,1109,-205,1314,-2829
7801000,-86,-229,-5,14,1130,1015,-1431,2541
7849000,-70,-105,-23,18,952,-205,-211,-510
7901000,-72,-115,2,0,1002,-388,154,-1669
7949000,-9,-207,-1,5,1056,527,460,954
8001000,-114,-266,-10,-13,1008,588,399,-510
8049000,-222,-185,21,-7,996,-144,-943,1198
8101000,-91,-77,-18,7,1059,160,582,-1547
8149000,-32,-108,-6,12,997,405,154,2053
8201000,24,-162,0,-8,1013,-510,948,-1669
8249000,-112,-126,8,-5,1043,282,-1309,1992
8301000,-128,-67,-4,10,1072,832,-638,-1303
8349000,-51,-22,0,4,1013,38,-516,1686
8401000,-31,-32,-13,-14,1058,-754,216,-1547
8449000,-94,-82,-5,-1,1007,99,-1126,1931
8501000,-100,-38,1,-8,996,466,-89,-1975
8549000,-101,-16,0,-5,1020,282,-211,1198
8601000,-79,39,0,7,993,-510,277,-1425
8649000,-107,-13,-1,15,1048,99,93,283
8701000,-67,-25,11,-1,1062,282,-577,-266
8749000,-56,-24,-3,2,944,-144,-272,-754
8801000,-106,-27,-1,4,1050,-22,-1554,710
8849000,-54,-53,0,3,987,-266,93,-1303
8901000,42,38,4,15,876,-1303,643,2602
8949000,-82,82,-80,-17,1000,-205,3145,-4965
9001000,-88,-13,-30,3,958,282,399,5165
9049000,-71,199,26,23,1237,-510,-455,-2951
9101000,-184,244,22,11,992,588,-699,-815
9149000,-54,134,-3,18,982,588,216,344
9201000,-4,87,-20,3,1020,405,93,-1364
9249000,4,72,20,8,1027,832,-455,1015
9301000,-43,103,3,-7,980,-693,-28,-1181
9349000,-34,90,-13,-15,1017,-632,582,100
9401000,20,81,-16,16,999,893,1009,161
9449000,2,6,0,-2,1049,-266,-760,466
9501000,-59,64,-1,-7,1026,-693,32,-998
9549000,-61,55,-4,3,1003,282,32,649
9601000,-66,53,3,3,996,99,93,-266
9649000,-94,7,3,5,1001,-22,-211,-327
9701000,-71,12,12,0,999,-144,-272,-83
9749000,-76,-8,0,-9,1020,-22,93,-998
9801000,-120,13,4,10,1012,221,-211,1747
9849000,-61,-3,-1,0,1022,160,216,-2097
9901000,-74,-45,-4,2,1065,160,-333,1870
9949000,-59,-95,-8,-18,1032,-144,154,-1425
10001000,-80,-82,13,21,1028,282,-150,2663
10049000,-48,14,10,7,1033,-205,582,-1120
10101000,-78,-38,-11,-6,1011,-144,521,1442
10149000,-47,-29,4,-10,1031,-22,460,-998
10201000,-107,37,26,21,1221,-1792,93,3090
10249000,13,-44,18,5,1052,-693,2535,-2890
10301000,-84,-263,55,-21,1070,405,-211,1259
10349000,-5,-238,-56,-39,891,-205,1497,-1059
10401000,-22,-296,38,-23,1054,-571,-638,-22
10449000,-249,-155,18,7,1034,649,-2103,1442
10501000,-183,3,8,7,1007,-449,643,-1425
10549000,-145,-38,2,22,1025,-205,399,588
10601000,-73,19,6,17,1001,405,93,-1669
10649000,-139,5,11,-6,983,343,-882,1564
10701000,-141,32,8,15,1002,-22,-1004,-2707
10749000,-45,95,-14,14,1033,466,-89,2114
10801000,-35,51,-6,-20,1035,-754,1070,-1731
10849000,-149,-60,-10,-5,1028,-266,277,1503
10901000,-128,-51,-9,0,1009,466,-89,-1486
10949000,-51,4,-4,8,1038,343,32,1381
11001000,22,27,5,6,1032,-632,643,-1242
11049000,-41,-89,0,-15,1011,-205,-150,1198
11101000,-107,-85,3,-2,1008,282,-89,-1425
11149000,-107,-58,7,6,1035,588,-333,832
11201000,-37,-12,10,11,1034,99,-455,-388
11249000,-29,3,23,26,1141,893,-1065,3212
11301000,42,137,-12,-14,1085,-876,1925,-3012
11349000,95,80,2,24,1029,649,-2164,3945
11401000,-137,106,-30,32,1089,466,-1187,-1486
11449000,-18,-47,10,8,897,893,-28,-2280
11501000,-116,23,-2,54,834,1198,-272,222
11549000,-146,-80,5,16,909,-571,338,-1181
11601000,-166,-78,16,-23,981,-693,-211,1870
11649000,-138,-78,-21,-1,1012,-22,887,-1975
11701000,-127,-74,-36,10,1016,832,93,954
11749000,-143,-114,17,-3,1011,405,277,-571
11801000,-177,-79,6,2,1006,-693,-333,-632
11849000,-103,-72,-11,5,1008,160,399,893
11901000,-96,-164,-14,-12,1023,343,521,-876
11949000,-84,-92,21,10,1020,466,-760,1320
12001000,-22,-40,7,-6,998,-449,154,-1975
12049000,-41,-88,5,-7,980,38,-28,1870
12101000,-22,-103,5,-4,1024,160,-272,-2097
12149000,-65,-133,-3,-13,1017,282,-272,1564
12201000,-73,-76,-11,8,1024,-22,216,-1303
12249000,-102,-135,-35,-31,961,160,-89,1076
12301000,-235,-77,2,-33,1248,282,-150,-1547
12349000,-244,-280,80,11,973,-1181,-2530,-1242
12401000,-127,-232,33,-43,895,-1242,-577,2053
12449000,-330,-212,-56,-32,1064,-327,826,-4233
12501000,-203,-312,-33,-15,975,649,399,4067
12549000,-219,-148,-21,9,1046,-1059,826,-2829
12601000,-125,-96,27,-13,967,-876,-1248,1870
12649000,-134,-109,32,2,1022,-632,-272,100
12701000,-185,-176,0,-14,1015,405,-394,-266
12749000,-85,-199,0,-4,986,1503,-211,771
12801000,-93,-87,8,0,1033,-144,-943,-937
12849000,-104,-79,-4,-7,958,-1059,-333,893
12901000,-39,-119,11,10,1057,221,216,-1120
12949000,-90,-233,3,-13,990,1015,-882,893
13001000,-49,-133,10,0,1013,221,-211,-1303
13049000,-13,-97,4,0,1047,-22,216,710
13101000,0,-132,21,29,1082,771,-333,2724
13149000,-73,-246,-13,14,807,-1242,1070,-5332
13201000,-35,-276,-36,-29,821,466,1802,2907
13249000,-24,-67,-48,72,1071,893,1253,-1425
13301000,-105,-55,-84,6,1025,710,93,-266
13349000,-104,-42,37,7,1000,-83,216,-205
13401000,59,-150,22,-29,964,954,93,-2707
13449000,-63,0,10,3,942,893,-638,1809
13501000,-150,19,15,-10,1080,-266,-211,-1364
13549000,-216,155,6,-7,992,99,-1126,3640
13601000,-255,256,-41,29,1076,-83,-89,-1120
13649000,-239,117,11,44,1003,-22,-943,588
13701000,-39,8,-10,-23,1005,-83,-821,-3012
13749000,-278,-39,42,0,1058,343,-2225,2846
13801000,-137,9,39,21,1226,-510,-760,-327
13849000,-81,-15,23,27,969,-510,-394,-266
13901000,-164,-53,5,13,1015,405,-882,39
13949000,-89,-112,-20,-11,1136,2114,948,527
14001000,12,-154,15,-15,1169,99,-943,1870
14049000,122,48,58,-20,1201,-83,-516,-2036
14101000,-72,-184,-3,3,907,1747,-394,-876
14149000,-195,-267,-23,9,990,1503,1070,-937
14201000,-48,11,-1,57,1091,588,1009,222
14249000,34,-18,-23,1,1017,-266,1619,-1608
14301000,49,-179,-14,-6,1061,-266,338,1809
14349000,-68,-271,-5,-33,1032,-144,-28,-754
14401000,-131,-36,-28,35,1056,-388,-1004,3762
14449000,-5,-23,11,2,979,99,32,-1731
14501000,-120,-6,12,-5,1084,221,-89,1137
14549000,-289,59,25,-25,965,38,-699,-937
14601000,-190,165,4,-18,992,99,-1004,2236
14649000,-130,200,19,-2,968,-388,-394,405
14701000,-79,210,6,-15,1044,-1059,-211,161
14749000,-145,27,38,-1,990,-266,-516,161
14801000,-168,-50,-6,12,1012,1015,-150,-1242
14849000,-121,12,16,-5,1230,1991,-211,1564
14901000,-17,131,-41,-43,947,-876,-1370,1198
14949000,-8,90,-78,-23,1074,-1853,-28,1320
15001000,-53,122,-29,-21,1239,466,582,-1792
15049000,0,-50,5,-12,1194,1381,-150,771
15101000,120,110,24,13,990,1015,765,-144
15149000,157,133,-6,0,1013,-83,338,-205
15201000,179,157,-13,-26,998,-571,887,1259
15249000,59,163,24,-5,1030,-327,-211,-205
15301000,16,85,25,-18,1038,527,-821,710
15349000,98,182,8,23,1030,1076,32,-754
15401000,57,56,1,2,1069,-144,704,1992
15449000,-6,-37,4,-23,1014,-1059,-333,-1975
15501000,-99,-69,-3,3,1016,649,-1370,1625
15549000,-101,-103,-10,-3,1001,527,93,-1731
15601000,-6,-61,12,-1,999,-327,-272,1381
15649000,5,-81,-9,-12,1040,-632,93,-1303
15701000,-49,-104,-10,6,1005,221,-699,1503
15749000,5,-109,-7,-2,1004,221,643,-1914
15801000,15,-46,3,8,1030,527,-516,2053
15849000,74,0,4,0,990,-388,277,-1731
15901000,90,-76,2,1,1003,-388,460,1137
15949000,56,-59,-6,0,1003,38,399,-754
16001000,4,-80,-9,1,1035,1015,-943,771
16049000,46,16,-1,15,935,-693,32,-998
16101000,51,-25,0,-11,981,-693,1802,-510
16149000,27,-42,5,-5,1028,-144,338,832
16201000,-45,-72,0,-19,989,649,32,-449
16249000,-29,-6,0,-5,1045,527,32,1381
16301000,6,77,-1,12,1070,-388,-516,-998
16349000,10,25,-2,4,1012,-327,-455,1686
16401000,-47,-34,-4,-1,1011,38,32,-1486
16449000,-32,3,13,2,1005,710,-821,1992
16501000,-11,71,2,1,1016,-83,154,-2219
16549000,12,31,4,-6,1031,-449,-28,1931
16601000,-26,1,-2,2,1014,-83,216,-2036
16649000,-39,-48,0,7,989,710,-821,1381
16701000,12,30,0,4,1000,160,32,-1059
16749000,38,68,-4,10,1011,-205,216,283
16801000,77,-12,7,-11,1006,-327,93,-571
16849000,24,-58,0,-1,1021,221,-89,-83
16901000,22,-58,9,-4,1021,466,-333,527
16949000,16,-9,-3,5,1029,160,32,-1120
17001000,50,34,0,15,1143,-388,154,893
17049000,76,96,-32,28,845,-1426,338,3701
17101000,65,160,22,0,639,954,2047,283
17149000,-73,45,-26,-64,1160,-1059,826,-4355
17201000,72,-27,-35,-40,837,-571,2779,5288
17249000,306,-132,-15,-21,1008,-83,338,-4782
17301000,48,-181,5,-51,1071,1076,-1920,3090
17349000,67,-12,3,-8,1021,282,-211,1442
17401000,98,-44,36,-14,1016,-876,-577,-1120
17449000,113,-65,-11,9,991,-510,399,1870
17501000,94,-83,-1,5,1029,527,277,-2219
17549000,-24,-68,6,1,1022,649,-1431,2297
17601000,-37,36,3,-5,1017,-632,-638,-2341
17649000,64,-22,0,3,1027,343,399,1198
17701000,54,-70,-20,-4,1012,-571,704,-632
17749000,13,-36,-1,1,1028,-266,-89,100
17801000,-42,-107,-9,-13,1020,588,-455,405
17849000,-46,-21,2,13,1069,405,32,100
17901000,59,-11,11,1,1002,-510,-89,-22
17949000,-44,-47,-13,-1,964,-388,338,100
18001000,-44,-79,10,-9,990,221,-821,-388
18049000,-65,-53,0,4,1011,466,-333,100
18101000,-60,-51,-8,-7,1031,-83,460,-388
18149000,-3,-40,8,0,1051,-144,32,832
18201000,-2,-129,-5,-17,963,-510,1314,-754
18249000,-6,-132,4,-3,1096,649,216,527
18301000,-54,-15,8,26,1028,405,-1492,-449
18349000,-29,14,5,8,1022,38,-455,100
18401000,3,-44,-8,3,996,-693,338,-815
18449000,-41,-52,-28,-29,1014,-22,399,161
18501000,-58,-58,-11,-12,1012,343,399,344
18549000,-17,41,4,7,1044,99,-150,-449
18601000,-109,-67,-58,-74,743,-3623,3328,4677
18649000,256,-18,49,157,1514,5654,-1126,-510
18701000,4624,4186,602,458,-401,1198,-9488,-1731
18749000,-995,-1731,-157,-65,1820,1503,7296,10292
18801000,-3204,-5838,-195,-18,846,-1975,13704,-3745
18849000,-2677,-4763,-103,-25,897,-205,1558,4738
18901000,-2244,-3718,14,-10,1050,-205,-1004,-1425
18949000,-1992,-3072,14,11,1073,710,-3018,832
19001000,-1514,-2226,11,25,962,1137,-1187,466
19049000,-1127,-1701,13,0,1000,405,154,-1975
19101000,-919,-1384,-6,-2,1029,-1731,1192,2785
19149000,-692,-1180,-13,-3,1034,-266,582,-2890
19201000,-570,-1056,-4,7,1029,1747,-1309,2541
19249000,-516,-738,15,9,1016,527,-699,-1242
19301000,-390,-514,13,4,1027,-632,-516,832
19349000,-286,-415,-6,6,1014,-388,216,649
19401000,-264,-485,1,-13,1031,-327,826,-2768
19449000,-231,-446,4,-8,998,282,-89,3884
19501000,-192,-292,-1,9,1059,954,-150,-3867
19549000,-208,-209,-3,-1,1028,99,-394,3456
19601000,-161,-171,5,-3,1048,-1059,643,-1975
19649000,-142,-190,8,-1,1083,-327,399,-205
19701000,-185,-187,-2,-7,1011,343,-1248,710
19749000,-183,-145,-14,12,1008,221,216,-2280
19801000,-129,-111,-11,3,1069,-22,216,2602
19849000,-105,-107,-3,-14,1040,99,338,-3256
19901000,-67,-178,9,0,1062,-266,32,3151
19949000,-32,-121,17,22,1021,-83,-821,-1975
20001000,-53,-134,-5,-14,983,954,-1309,-510
20049000,-27,-127,6,0,1035,405,-455,1503
20101000,44,-99,15,2,1073,-205,-89,-2097
20149000,32,-120,-3,2,1024,-83,-943,2968
20201000,-59,-126,-12,-4,1028,160,-516,-2524
20249000,-78,-191,3,-13,1019,99,-150,1198
20301000,-56,-74,2,-2,1028,221,-577,-876
20349000,-104,-70,-20,3,998,-83,-28,-876
20401000,-381,-235,-58,-35,784,-2646,4366,6569
20449000,-223,-140,-11,-43,1181,-1731,4488,-5332
20501000,-346,-240,-83,-38,1035,-144,2047,5837
20549000,-388,-139,3,13,1002,99,338,-1914
20601000,-269,-139,50,-22,1121,649,-1737,-3501
20649000,-388,-42,-25,-31,1009,1320,-2286,6752
20701000,-319,45,11,-11,1027,-510,765,-5637
20749000,-126,51,-1,15,978,-1364,277,6386
20801000,-176,18,-12,-2,957,-937,-28,-5393
20849000,-109,-159,-13,-17,1029,771,277,1747
20901000,-204,-82,19,-14,996,649,-943,-266
20949000,-141,134,-10,0,1068,954,-394,-2707
21001000,-21,87,-8,0,979,-266,399,4982
21049000,-48,60,-6,-5,1018,-1792,948,-5881
21101000,-54,-64,-11,-7,1001,-266,-455,5898
21149000,-88,-61,-11,-9,1007,1259,32,-4538
21201000,-86,-80,14,-12,1057,466,-638,2480
21249000,-22,37,2,19,1002,-693,-455,466
21301000,-15,-97,-9,-1,1046,-571,277,-1181
21349000,-71,-186,-2,3,1010,-327,93,3823
21401000,-74,-171,8,-4,1060,1015,32,-5271
21449000,-93,-126,0,9,1019,771,-943,4799
21501000,-103,-47,-10,-10,979,-754,1375,-4294
21549000,-77,-52,18,-3,1062,-815,643,2175
21601000,-82,-139,5,2,1019,-266,-1309,222
21649000,-120,-200,-6,-4,1001,588,-516,-2951
21701000,-123,-186,5,1,1053,649,-1065,3456
21749000,-90,-136,3,2,1001,160,-272,-3928
21801000,-36,-115,3,1,973,-571,765,3579
21849000,-61,-187,2,-11,1014,-571,1131,-2585
21901000,-93,-207,-9,6,1016,282,-455,1564
21949000,-140,-113,-5,-6,987,588,-455,344
22001000,-146,-94,-5,-19,1037,160,338,-1792
22049000,-100,-89,3,0,1030,-571,154,3090
22101000,-102,-88,-11,-11,1026,-327,582,-3134
22149000,-96,-167,-6,-7,1015,160,-150,2724
22201000,-105,-146,5,0,1007,466,-516,-1975
22249000,-50,-83,5,1,1034,282,-455,283
22301000,17,-57,-3,9,1027,-449,216,-22
22349000,-8,-104,-5,-2,1038,-510,399,-1425
22401000,-53,-136,-8,-5,1016,99,-211,2419
22449000,-93,-102,4,0,1001,527,-272,-2585
22501000,-55,-87,1,4,1018,160,-211,2419
22549000,-56,-25,2,0,1017,-388,216,-1731
22601000,-41,-45,1,3,1014,-388,93,588
22649000,-103,-118,-10,-16,1001,-83,154,649
22701000,-126,-122,-12,-10,1015,466,-150,-876
22749000,-170,-55,-1,4,1024,282,-211,1870
22801000,-124,14,-2,9,1001,-205,277,-2219
22849000,-137,-46,-2,0,1009,-510,154,1931
22901000,-148,-90,-4,-4,1016,99,-150,-1792
22949000,-138,-84,1,1,1026,466,-455,832
23001000,-134,-81,-2,0,1012,99,-150,100
23049000,-88,-99,-2,-6,1031,-205,93,-1120
23101000,-80,-119,2,-4,1023,-266,32,1320
23149000,-104,-146,3,-7,1042,38,32,-1792
23201000,-91,-155,4,-3,1022,343,-394,1747
23249000,-65,-65,0,1,1010,282,-150,-1364
23301000,-58,-60,3,0,1002,-388,216,1198
23349000,-93,-58,1,5,1018,-388,216,-388
23401000,-96,-116,0,-6,1019,38,-150,-571
23449000,-123,-127,3,-10,1018,405,-333,1137
23501000,-156,-80,0,2,1023,99,32,-1303
23549000,-121,-112,0,-3,1007,-144,-89,1381
23601000,-87,-103,2,-6,1011,-327,216,-1303
23649000,-126,-138,-9,-5,1021,38,-28,832
23701000,-131,-105,-3,7,1024,466,-333,-693
23749000,-133,-108,-6,-6,1014,221,-211,-22
23801000,-95,-87,5,1,1022,-266,216,588
23849000,-92,-88,-7,0,1022,-266,154,-1242
23901000,-115,-143,-10,-4,1019,160,-211,1259
23949000,-126,-110,0,0,1018,282,-150,-1181
24001000,-97,-97,0,-1,1021,160,-211,1076
24049000,-50,-70,6,-2,1016,-144,-28,-632
24101000,-96,-94,-10,-8,1012,-266,93,-144
24149000,-132,-123,0,0,1005,-22,-28,527
24201000,-141,-117,-8,-2,1019,343,-333,-754
24249000,-106,-129,-3,-3,1013,221,-211,1076
24301000,-78,-104,-5,-7,1032,-205,216,-1059
24349000,-64,-130,0,-4,1001,-144,32,893
24401000,-63,-111,1,0,1027,221,-89,-815
24449000,-86,-92,6,0,1015,282,-272,466
24501000,-78,-78,-1,0,1024,99,-150,161
24549000,-82,-82,-6,-7,1044,-144,93,-571
24601000,-37,-121,2,-2,1007,-266,216,649
24649000,-63,-155,-1,-7,1019,160,-150,-937
24701000,-56,-168,0,9,1024,282,-333,832
24749000,-90,-111,-12,-6,1023,38,-89,-815
24801000,-110,-123,4,-3,1013,-205,32,649
24849000,-86,-141,-4,-11,1010,-144,154,-266
24901000,-118,-182,-5,-7,1033,99,-28,-205
24949000,-146,-192,-3,3,1025,282,-150,466
25001000,-121,-141,9,1,1008,99,-150,-510
25049000,-82,-135,-1,-7,1004,-144,93,771
25101000,-109,-145,-14,0,1015,-205,154,-754
25149000,-123,-151,-2,-9,1019,160,-150,588
25201000,-119,-105,2,0,1024,282,-150,-571
25249000,-98,-59,0,-3,1024,38,-150,222
25301000,-80,-47,0,2,1022,-266,154,39
25349000,-101,-122,-8,-9,1012,-144,32,-449
25401000,-112,-135,0,-1,1008,160,-272,283
25449000,-93,-129,3,3,1005,160,-150,-693
25501000,-90,-59,1,2,1017,99,-150,588
25549000,-112,-70,-6,-1,1022,-205,93,-449
25601000,-138,-87,-5,-2,1011,-22,32,466
25649000,-132,-70,-9,0,1003,221,-211,-266
25701000,-111,-63,1,-2,1022,221,-211,-83
25749000,-234,76,-11,13,1110,160,643,466
25801000,-54,-125,-19,14,1020,343,1558,-388
25849000,-140,-94,-21,12,1038,-388,-28,344
25901000,-77,-220,19,-18,1045,-22,-638,-632
25949000,-109,-99,-6,12,1013,38,32,222
26001000,-160,3,11,-2,1025,-693,-1187,-205
26049000,-15,-172,10,-3,1019,160,704,161
26101000,-118,-56,-2,10,1014,527,-760,-144
26149000,-163,-54,4,-7,1021,-327,-1187,-327
26201000,-52,-150,-15,7,1060,-205,1070,405
26249000,-75,7,-18,-1,1037,282,-150,-22
26301000,4,-124,5,-2,1015,221,-150,222
26349000,-32,-122,2,-6,1003,-571,216,-266
26401000,-39,-99,24,-6,987,-22,-1187,-205
26449000,-64,-84,-1,-9,1010,405,-394,-22
26501000,-118,-49,-13,5,1037,-449,521,-266
26549000,-79,-60,-12,-3,1052,99,399,466
26601000,-69,-12,-12,-4,1035,649,93,-144
26649000,-85,-33,3,1,1014,-388,93,283
26701000,-3,-64,17,2,996,-266,-211,-205
26749000,-81,-40,1,-1,1010,221,-821,-22
26801000,-95,-109,-1,1,1022,-144,-89,-22
26849000,-106,-121,-11,3,1027,38,521,-205
26901000,-80,-86,0,4,1015,405,-272,283
26949000,-92,-97,-1,-1,1012,160,93,-205
27001000,-115,-101,-3,-4,1009,-266,399,283
27049000,-112,-101,1,-4,1000,160,-577,-266
27101000,-177,-53,-10,0,1014,221,-333,100
27149000,-160,-76,-4,-8,1024,-266,338,-144
27201000,-136,-75,-4,5,1011,99,93,39
27249000,-70,-83,1,-3,1021,343,-150,100
27301000,-4,-126,3,-10,1015,-83,338,-4843
27349000,-114,0,-20,25,1044,-144,277,6752
27401000,-209,-76,13,-40,1002,1686,-1920,-7956
27449000,-160,14,-34,69,1027,-4599,5831,11269
27501000,303,-208,42,-10,1027,-2280,2413,-8261
27549000,-269,-328,13,-56,912,6081,-8512,222
27601000,-549,33,-17,11,971,8827,-6314,-510
27649000,-586,119,4,-4,1057,2907,460,-3562
27701000,-309,500,33,49,997,-83,-1981,-876
27749000,-297,770,10,-27,1074,13649,-11319,-5454
27801000,-1300,1369,24,-29,997,20302,-24625,2724
27849000,-1799,2333,39,76,1185,27687,-26761,-5515
27901000,-713,4134,176,122,917,6691,-12967,-3928
Hello,Junta.,Starting,Potato,Controller,now,,,
49000,0,-15,0,-4,1005,38,32,-22
101000,-30,-13,-6,-1,1021,-22,-89,-83
149000,-1,-61,0,-3,1015,38,-89,-22
201000,2,-107,1,-9,1009,-22,32,39
249000,22,-133,2,-1,1017,-22,-89,-83
301000,10,-149,12,-8,1028,38,-89,-22
349000,19,-123,0,0,1010,38,-28,-83
401000,58,-114,0,0,1024,99,32,39
449000,23,-111,-2,0,1020,-22,32,-22
501000,-7,-99,-1,-2,1040,99,-28,-22
549000,0,-119,-4,-5,1016,38,32,-22
601000,35,-168,2,-7,1017,160,32,-83
649000,29,-184,2,0,1018,38,-28,-83
701000,83,-185,6,-4,1021,38,32,39
749000,60,-195,0,2,1011,38,32,-22
801000,44,-194,2,-1,1017,38,-28,-83
849000,32,-207,5,-4,1028,-22,-89,-22
901000,-2,-214,-1,-3,1012,38,-89,-83
949000,-23,-194,-5,0,1003,38,-150,-22
1001000,-5,-219,-3,-4,1024,38,-28,-22
1049000,0,-190,5,-1,1024,-83,32,-22
1101000,-28,-179,-1,-14,1006,-22,-28,-22
1149000,-12,-232,6,-9,1031,99,-28,-22
1201000,-7,-277,-3,-12,1037,99,32,-83
1249000,57,-211,48,41,1238,771,-638,344
1301000,-117,-274,-27,-12,818,-1426,4305,-1120
1349000,-137,-147,-13,-33,1217,-22,1680,-571
1401000,-166,-152,7,59,936,-266,-2225,3029
1449000,-73,-237,72,31,1096,-83,-455,-4477
1501000,-114,-367,-6,-7,1003,2358,-699,2419
1549000,-202,-396,28,-14,991,893,-577,-388
1601000,-130,-275,4,-25,891,-876,-333,1564
1649000,-106,-165,-17,-26,919,-937,643,1137
1701000,-75,-194,10,0,1061,-388,-394,-815
1749000,24,-250,18,-25,876,-388,32,-144
1801000,208,-266,-3,15,1010,-449,765,-1975
1849000,224,-165,-16,66,1118,160,521,-327
1901000,127,-145,-102,-37,1096,343,1253,-388
1949000,54,-147,-33,-48,1083,343,704,588
2001000,33,-167,27,-53,1092,466,-211,710
2049000,3,-246,17,-37,987,221,-760,1015
2101000,-24,-256,50,29,1115,-693,-150,-327
2149000,-253,-139,52,9,1014,-876,-577,-449
2201000,-117,-132,96,9,774,-632,-760,-693
2249000,-119,-216,66,0,776,-571,-272,-1608
2301000,-284,-53,-48,20,1048,649,-394,100
2349000,-240,-181,-51,-36,849,405,582,-449
2401000,-181,-217,-87,35,890,649,887,-205
2449000,-59,-149,-21,30,1014,1320,521,-266
2501000,-120,-111,-125,9,1197,588,704,39
2549000,-182,-119,-23,-7,977,832,277,405
2601000,-65,-190,18,-27,1103,343,-333,1015
2649000,-3,-119,-54,-52,1125,-449,154,1564
2701000,-19,-180,67,-25,1008,-876,-89,-83
2749000,-40,-108,27,2,1053,-1426,-28,222
2801000,-57,-327,19,-45,985,-1120,-394,-510
2849000,-22,-284,23,57,1190,-388,-699,-1181
2901000,-75,-290,12,5,1056,893,-1309,100
2949000,-80,-281,2,40,971,1076,-821,-327
3001000,-60,-194,21,39,975,1381,-89,-449
3049000,37,-235,8,12,964,1320,-89,-205
3101000,32,-143,-35,12,943,710,521,-327
3149000,71,-149,-34,-26,1121,343,826,100
3201000,21,-95,-52,-58,1122,99,460,527
3249000,91,-144,-44,-76,1104,-693,521,771
3301000,211,-211,27,-46,940,-1426,826,-144
3349000,107,-167,26,7,986,-1853,338,-205
3401000,48,35,44,42,967,-510,-516,-449
3449000,48,-136,78,39,996,343,-1615,-815
3501000,66,-80,-34,25,958,893,-882,893
3549000,78,-181,41,11,964,710,-1187,344
3601000,-66,-171,-6,-17,982,649,-333,344
3649000,-146,-220,-65,-7,1059,1137,216,344
3701000,-202,-204,21,-38,949,527,93,-449
3749000,-145,-219,-35,-36,1039,38,887,-205
3801000,-117,-195,-82,-22,1161,-83,1375,-144
3849000,-91,-220,-21,-4,1119,282,765,100
3901000,-102,-235,-15,-2,1097,-205,643,-571
3949000,-45,-315,55,-3,978,-510,32,39
4001000,71,-232,53,13,967,-693,-577,-22
4049000,-10,-81,86,24,999,-815,-577,222
4101000,114,1,0,27,984,99,-699,893
4149000,139,-84,-19,-31,1022,99,-882,771
4201000,116,-119,-5,9,1171,282,-943,466
4249000,-29,-49,-42,-30,1099,588,-638,-144
4301000,62,-85,-11,-29,904,-388,32,-388
4349000,-99,-28,-51,-17,1050,1137,93,-144
4401000,-22,-196,-19,-31,958,343,765,-815
4449000,44,-131,24,2,1016,527,643,-571
4501000,90,-145,-14,20,1020,-144,826,39
4549000,72,-142,25,0,1025,-1059,948,466
4601000,183,-307,57,-47,889,-83,-28,161
4649000,183,-143,-9,-15,1053,-632,-150,405
4701000,95,-148,16,-30,1017,-632,-150,222
4749000,113,-3,-50,2,1037,-144,-821,-205
4801000,-1,-48,-45,-14,973,-327,-150,1381
4849000,123,-148,-1,27,1064,405,-943,588
4901000,1,-152,13,-13,935,1076,-760,100
4949000,-64,-204,56,20,937,771,32,39
5001000,-91,-174,28,-6,981,405,-638,-937
5049000,-99,-309,4,-25,1010,-22,32,-937
5101000,-121,-300,37,10,1067,-571,887,-571
5149000,-34,-410,-6,5,1086,-510,1436,-327
5201000,-93,-264,-42,0,1023,-571,1131,-693
5249000,-18,-178,-33,-25,1011,-449,826,-449
5301000,7,-217,-49,-33,979,-449,-455,-205
5349000,83,-176,-35,-26,1073,-510,-1004,-266
5401000,23,-184,-8,4,1053,-22,-150,1198
5449000,-59,-145,4,14,913,588,-821,1137
5501000,-127,-123,-9,2,880,710,-943,1076
5549000,-197,-150,-59,-13,910,771,-455,588
5601000,-108,-435,30,-59,965,-815,-516,-205
5649000,-272,-395,-35,-11,1030,-1059,521,-693
5701000,-376,-359,-80,-16,1093,-266,704,-937
5749000,-307,-338,-28,27,1078,343,582,-1242
5801000,-194,-285,-26,26,1095,-22,643,-1120
5849000,-5,-306,11,53,968,343,643,-1059
5901000,58,-190,60,7,1027,-144,460,-327
5949000,120,-154,45,2,938,-693,32,344
6001000,164,-197,16,-23,1088,466,-272,893
6049000,230,-245,-23,-85,1115,38,-150,1442
6101000,55,-135,-32,-13,1132,-449,32,1503
6149000,95,-174,-34,-13,1124,38,-333,1259
6201000,-8,-117,11,-4,911,-937,-272,100
6249000,115,-342,18,4,944,-571,-638,-510
6301000,51,-444,39,-10,1072,-327,-577,-1181
6349000,23,-421,47,17,1045,99,-211,-1242
6401000,-41,-372,1,39,1055,527,-272,-754
6449000,24,-375,32,40,850,649,-89,-754
6501000,53,-418,-37,-14,1128,343,582,-693
6549000,129,-297,-46,1,1076,38,1131,-266
6601000,66,-281,-35,-32,1070,771,704,710
6649000,130,-210,-41,-29,1022,466,826,1198
6701000,182,-197,-55,-12,1120,343,216,1259
6749000,115,-114,-5,-3,1123,38,-455,1320
6801000,93,-214,25,-28,1049,-1059,32,-266
6849000,26,-148,63,-2,1021,-754,-577,-510
6901000,66,-358,120,-10,1071,-388,-1065,-449
6949000,-179,-301,63,-18,1074,-571,-1187,-998
7001000,-180,-299,74,29,991,527,-1615,-22
7049000,-246,-344,-3,-1,977,38,-577,-327
7101000,-230,-360,-23,9,848,38,216,-815
7149000,-217,-236,-49,45,891,343,93,-876
7201000,-269,-150,-92,-39,1139,221,887,-83
7249000,-54,-253,-108,13,1096,588,1192,-144
7301000,-118,-208,-63,-18,1087,771,1253,344
7349000,-56,-230,-12,-19,912,343,765,893
7401000,-64,-225,65,-11,1125,-144,399,-571
7449000,96,-251,99,-31,1146,-754,-28,39
7501000,96,-94,37,-8,1197,-1181,154,344
7549000,-76,-111,-5,-7,1018,-1120,-150,-22
7601000,71,-173,-6,-1,935,-449,-150,1076
7649000,46,-289,-11,1,987,-22,-760,466
7701000,173,-224,39,66,1019,710,-1065,-266
7749000,-8,-160,31,29,1001,1137,-638,-449
7801000,-72,-270,-37,-5,895,588,-760,-266
7849000,-187,-323,-4,-17,1029,1381,-577,-205
7901000,-217,-311,-20,-24,999,893,-150,-144
7949000,-382,-325,-61,-43,1021,99,1192,466
8001000,-265,-382,-3,-14,1087,-693,826,-1181
8049000,-170,-361,-44,-46,1102,-693,1253,-632
8101000,-172,-430,-20,-31,1065,-937,643,-510
8149000,-110,-275,25,-6,995,-876,-89,-388
8201000,-37,-224,-9,2,1069,-388,154,893
8249000,71,-116,47,40,1046,-144,-333,954
8301000,166,-204,48,23,1151,405,-882,771
8349000,125,-217,48,16,1126,710,-1309,344
8401000,125,-283,41,-25,794,527,-1187,405
8449000,73,-255,53,-22,832,-83,-577,-22
8501000,-54,-318,-64,-27,1007,-83,93,-266
8549000,0,-416,-61,-14,1050,527,460,-510
8601000,-50,-340,-21,19,957,-327,277,-998
8649000,13,-365,-48,20,939,-83,582,-1242
8701000,-20,-375,-53,22,1024,160,887,-1059
8749000,-15,-424,31,-5,1062,-83,704,-510
8801000,38,-339,-39,-7,1064,1015,826,466
8849000,36,-424,25,-3,1017,832,32,954
8901000,104,-308,-6,-8,914,38,-89,1503
8949000,-90,-266,-39,-11,942,38,-333,1503
9001000,-69,-246,11,-56,1027,-571,-28,771
9049000,-135,-198,-22,-24,1133,-876,-89,649
9101000,-126,-328,0,-44,1046,-449,-821,-83
9149000,-214,-212,-15,8,968,466,-1004,-815
9201000,-47,-144,46,34,941,-144,-760,-1059
9249000,-90,-194,48,38,1027,221,-577,-1303
9301000,-4,-247,54,26,1141,221,93,-1364
9349000,-67,-139,1,24,1076,-327,704,-876
9401000,49,-274,-10,-18,937,-693,1131,-571
9449000,110,-306,-24,-35,1030,-937,826,-266
9501000,53,-268,-59,-57,1051,527,521,954
9549000,-40,-179,-56,-39,1023,-83,-89,1259
9601000,-3,-123,-12,-54,902,-83,-150,1198
9649000,62,-171,-10,-23,1063,38,-882,832
9701000,30,-106,9,1,1054,-449,-89,222
9749000,39,-195,53,17,1076,-266,-699,-327
9801000,45,-236,55,28,964,-22,-272,-449
9849000,145,-344,44,-1,971,-22,460,-754
9901000,-89,-256,-6,5,1007,221,-272,-693
9949000,-17,-293,-31,-6,1046,-205,521,-693
10001000,-55,-310,-6,-37,1113,-22,1131,-693
10049000,33,-295,-76,-4,1022,221,582,-327
10101000,68,-155,-43,36,1146,1381,399,283
10149000,19,-226,-19,-7,1008,1320,-89,893
10201000,90,-357,1,-12,1122,527,-333,1259
10249000,24,-279,36,-42,1003,-22,-272,1686
10301000,-19,-347,51,-35,998,-754,-272,161
10349000,3,-209,66,-11,949,-876,-333,283
10401000,66,-312,29,36,999,-876,-516,-205
10449000,94,-275,28,13,915,-449,-516,-1059
10501000,78,-249,5,44,1048,-144,-882,-510
10549000,-25,-152,1,23,969,282,-516,-1059
10601000,75,-221,4,38,1005,832,-28,-1059
10649000,96,-180,60,43,867,893,-28,-571
10701000,106,-376,-6,-6,1110,1076,704,-388
10749000,135,-431,-45,-24,1107,832,582,39
10801000,-93,-393,-56,-27,943,405,1131,527
10849000,63,-406,-29,-51,1007,-205,826,527
10901000,66,-315,14,-9,975,-144,765,222
10949000,109,-105,1,-34,927,-1242,643,588
11001000,189,-108,-16,30,1084,-998,32,954
11049000,75,-211,-29,20,1068,-144,-394,771
11101000,113,-269,32,-18,1081,-937,-28,527
11149000,-12,-375,6,-21,1106,-998,-394,-83
11201000,-76,-439,35,20,1052,-510,-943,161
11249000,-27,-377,27,64,1106,-83,-943,-388
11301000,-163,-608,42,-31,867,-632,-882,222
11349000,-109,-622,47,23,979,-144,-882,-571
11401000,-97,-667,28,-18,926,-83,-89,-998
11449000,-302,-983,-15,9,1061,99,338,-693
11501000,-334,-1007,-25,-32,987,282,-89,-83
11549000,-301,-637,-15,-8,958,282,154,-388
11601000,-347,-570,-24,25,1124,-83,582,-1364
11649000,-375,-598,-23,31,1147,38,521,-1364
11701000,-569,-985,-94,-69,1015,405,765,-83
11749000,-553,-1058,-53,-58,1218,405,826,-449
11801000,-615,-1174,-58,-61,920,282,1009,-693
11849000,-763,-1233,-54,-31,1146,-22,643,-815
11901000,-625,-1081,-49,-50,1127,649,1070,283
11949000,-614,-968,-62,-82,1046,343,1253,588
12001000,-654,-1226,-48,-95,1053,-205,582,283
12049000,-479,-1066,34,-37,1100,-632,338,-266
12101000,-427,-991,-26,-46,1108,-83,643,405
12149000,-150,-720,-28,-43,1096,-449,338,771
12201000,-68,-637,13,-23,968,-754,216,832
12249000,103,-220,42,-30,969,-1059,338,405
12301000,29,43,14,15,956,-266,-89,832
12349000,169,288,1,-42,956,-205,-211,1137
12401000,-7,-88,16,-60,1067,-327,-455,1625
12449000,-37,-121,15,-3,1034,-510,-577,588
12501000,31,-374,88,-12,1142,-144,-1065,588
12549000,-54,-575,11,-9,1050,38,-1309,527
12601000,101,-326,30,-9,1083,282,-1309,710
12649000,78,107,2,1,828,282,-516,161
12701000,0,307,93,0,953,527,-1492,-144
12749000,1,378,9,27,1070,282,-516,-83
12801000,-97,378,-20,4,876,160,-211,405
12849000,-24,184,-37,-13,1098,771,338,-22
12901000,113,150,33,-7,980,282,-455,-815
12949000,91,-26,-43,32,1032,38,216,-1120
13001000,-102,-159,-20,26,959,-22,521,-815
13049000,-84,-244,-25,38,914,405,643,100
13101000,-238,-287,8,3,1015,38,582,-1059
13149000,-99,-434,-17,-2,1064,-449,1192,-632
13201000,-127,-324,-25,-14,1150,-22,704,-571
13249000,-230,-303,1,39,802,-510,-211,-388
13301000,-155,-147,5,-68,1178,-815,-28,527
13349000,-278,-254,-22,-9,1291,-876,460,-327
13401000,-519,-212,-81,72,688,-22,-28,-388
13449000,-552,417,107,-18,1239,-83,-1126,649
13501000,-1575,945,5,-2,1501,1015,-760,283
13549000,-979,506,63,30,713,221,-2713,-998
13601000,-887,39,13,-99,1684,-449,1070,832
13649000,-5437,5178,-121,19,688,282,154,-693
13701000,-9833,9289,34,-28,140,-205,93,832
13749000,-12998,13082,-14,-57,2201,-205,1192,-937
13801000,-18925,20116,152,-30,255,771,-1798,-22
13849000,-26325,15509,-105,-46,-35,-144,1986,100
13901000,-24194,14925,-93,34,-572,-1120,154,771
13949000,-29808,11755,-170,13,-742,-144,-89,-693
14001000,-27241,12673,93,54,465,1381,-1004,466
14049000,-19536,11617,185,-60,2099,-1487,277,405
14101000,-24196,-740,94,69,60,1015,-638,466
14149000,-25622,-6798,140,-109,1256,-144,-28,1015
14201000,-21197,-5110,-30,74,2201,649,-1126,-510
14249000,-30102,-4646,-192,-8,354,160,-943,222
14301000,-32509,7116,135,27,2201,1320,-1492,1625
14349000,-31604,11193,-22,-76,1405,-1120,-1370,100
14401000,-29697,12553,-138,75,911,1015,-516,-510
14449000,-33376,11401,-123,40,-651,221,-821,-754
14501000,-29534,15841,76,3,1502,-1487,2840,-1364
14549000,-23855,10881,191,-10,2201,649,1070,954
14601000,-28317,10159,-57,0,1275,-388,1436,-1853
14649000,-31396,9126,4,-42,176,38,704,344
14701000,-31156,308,-102,149,1167,-388,1436,649
14749000,-28356,6985,-39,-11,-402,1320,-2164,771
14801000,-29683,-3144,98,-115,2145,-1792,3023,-1547
14849000,-27968,-7951,-31,109,1659,1198,93,1809
14901000,-24873,-6717,60,9,2201,99,-1309,222
14949000,-28658,-8313,-46,77,-10,-388,1131,283
15001000,-26319,-2286,81,-147,1466,-998,1375,-22
15049000,-27577,-7216,-191,50,337,2297,-1370,466
15101000,-31236,5840,-146,-84,1903,-1059,-760,1259
15149000,-22442,6649,10,17,-186,-1303,1253,-1669
15201000,-12080,10070,110,-108,1734,343,-2042,1381
15249000,-18231,8014,-42,84,980,343,216,-1669
15301000,-8128,-393,101,-27,2201,-327,-638,1503
15349000,-18148,494,-236,44,490,1198,277,-2951
15401000,-23486,-10376,239,-73,1280,-1364,-333,1198
15449000,-12377,-4371,-246,107,-222,-388,1925,-2585
15501000,-11082,-3654,-252,-142,92,954,-1248,527
15549000,-14503,-10397,-109,-68,-83,-22,3572,-144
15601000,-17320,-2034,-107,45,776,-1853,216,283
15649000,-26188,-2911,-60,-23,-203,893,93,-1608
15701000,-26286,-6209,233,-39,2201,771,765,649
15749000,-32158,-4110,-203,-24,1033,-2097,3084,1564
15801000,-27641,-1179,-99,29,156,-571,32,-937
15849000,-22736,-435,-192,103,-324,343,2169,-815
15901000,-29230,20459,-65,51,-283,-1609,2230,588
15949000,-27680,8919,-140,-46,-770,-998,1375,39
16001000,-15752,2800,145,17,1772,771,-1065,-1425
16049000,-12826,-5552,-284,67,-292,-632,3328,-876
16101000,-12740,-1805,271,-104,2201,-1975,1680,344
16149000,-11033,-3364,-151,-116,251,832,460,283
16201000,-15316,-10136,-125,-117,295,-205,704,-388
16249000,-12384,-10315,-37,-6,2155,-1487,2840,-815
16301000,-14268,-1800,131,54,-140,649,-699,-22
16349000,-18369,3089,-262,-84,901,710,1253,-22
16401000,-19655,-167,1,-28,1737,-1914,887,283
16449000,-27718,1589,-59,85,-361,-449,948,-1425
16501000,-29622,10260,195,-65,2201,1442,-1737,893
16549000,-22218,-3513,-229,-60,-138,-876,1863,-449
16601000,-15409,-2865,-8,-9,1526,-1242,277,-266
16649000,-18761,-2241,-58,69,249,771,1131,-1120
16701000,-18962,-4766,8,-69,1512,-815,1070,1015
16749000,-29466,4739,132,6,1133,-1303,2413,-22
16801000,-23574,2682,14,-74,274,405,-882,-266
16849000,-22541,6508,-97,102,1623,-205,1925,-1853
16901000,-21226,8632,99,-30,32,-327,277,-449
16949000,-23529,-521,-238,25,390,-388,2230,-144
17001000,-23478,-5291,34,-36,2201,-1059,-577,283
17049000,-21573,-7037,81,-84,437,-571,1497,-1975
17101000,-28645,7012,158,118,1966,1198,-28,466
17149000,-30671,-3991,-137,-81,-16,-632,1680,-144
17201000,-34969,8548,-108,-75,825,-1548,-28,100
17249000,-29727,3782,-69,-30,258,-205,1375,-815
17301000,-34403,3878,218,89,1455,710,-394,283
17349000,-31795,228,-120,-154,1710,-205,582,405
17401000,-36939,11882,188,31,2061,99,399,-22
17449000,-31868,6988,-295,-142,201,-388,1863,1503
17501000,-31379,11047,234,26,1398,282,-1309,527
17549000,-31669,3797,-100,-90,1679,-388,-943,710
17601000,-36784,4476,145,88,2072,1381,-1370,1015
17649000,-38166,14093,-50,-54,1874,-1853,948,222
17701000,-34895,15928,143,26,2201,1320,-1370,283
17749000,-30633,12790,-232,-117,472,1015,-1431,100
17801000,-29944,16490,251,-32,2201,-693,887,1259
17849000,-29697,5725,-165,-102,819,-2585,2230,-632
17901000,-29698,11055,-95,134,-482,1442,-577,1992
17949000,-18853,10339,34,-88,-420,-571,-1615,-388
18001000,-20504,12919,48,-49,170,2052,-1676,1686
18049000,-25342,-2091,123,-19,1448,-327,-516,283
18101000,-24280,-3380,-92,79,315,282,-1309,466
18149000,-19539,-7068,-84,-106,171,-815,-1065,-266
18201000,-19039,-10406,-72,58,645,1991,-1554,1931
18249000,-17942,-10803,-147,-72,-746,-693,216,344
18301000,-24375,-14936,208,73,2201,527,-638,344
18349000,-28213,-11557,-238,-47,-32,-205,-1065,710
18401000,-17440,-3945,-100,-30,1821,649,399,1442
18449000,-11532,-11246,-61,-46,-672,-449,-1370,100
18501000,-20222,-10864,61,88,2201,1076,-760,-83
18549000,-24416,-15691,-128,-95,367,-876,-28,-205
18601000,-28759,-12696,-59,90,1927,527,-1370,-693
18649000,-15551,-18809,35,-56,-179,832,-1676,-83
18701000,-17479,-20657,130,101,1292,-1242,2901,-1364
18749000,-14731,-4305,27,-78,1703,-388,704,649
18801000,-17328,-11326,173,102,1944,1747,-1187,-1486
18849000,-22339,-3377,-154,-83,299,-571,154,405
18901000,-20254,-4815,-35,-50,441,-876,2474,-2341
18949000,-23404,2405,170,75,1774,1137,-1065,1442
19001000,-26610,15833,4,119,-53,1381,93,-1242
19049000,-18414,15005,263,-115,2201,-632,-1248,344
19101000,-24146,4475,-261,-6,86,-327,1558,-1608
19149000,-18039,5084,82,22,-525,893,-699,649
19201000,-28244,20180,-227,16,-248,-998,1253,-2341
19249000,-27386,20600,259,3,1713,1259,-1187,527
19301000,-22671,5700,55,11,1886,-449,1680,-937
19349000,-27381,4652,68,108,1944,-388,582,161
19401000,-27457,-1646,25,-75,1630,-144,1375,-1425
19449000,-21843,-1286,16,-14,1188,1686,-1126,649
19501000,-16613,-818,65,-57,1130,1015,-2225,-144
19549000,-13045,-792,9,-60,1004,-1487,277,-510
19601000,-10175,-553,-33,5,1325,-754,1802,-144
19649000,-8001,-439,11,24,936,1015,-333,-388
19701000,-6073,-671,4,-55,1105,1442,-1492,1381
19749000,-4764,-404,63,22,959,160,-1187,161
19801000,-3656,-215,-5,-4,1068,221,-28,1381
19849000,-2958,-706,-40,-32,934,-937,154,588
19901000,-2419,-702,-29,-12,941,-22,338,-22
19949000,-1946,-621,-41,-71,976,405,887,-22
20001000,-1456,-319,20,30,908,-449,1009,222
20049000,-1144,-366,-39,3,792,-693,826,-266
20101000,-918,-194,-3,-18,929,1442,338,-205
20149000,-736,-301,-23,4,1071,1869,32,222
20201000,-691,-239,17,12,1020,1259,154,405
20249000,-409,-243,-1,26,1091,221,826,832
20301000,-365,-392,32,-25,1158,527,643,-1059
20349000,-190,-269,33,3,1047,466,216,-449
20401000,-107,-252,-31,15,1076,-144,338,-266
20449000,51,-371,-29,-7,1164,-937,765,100
20501000,-58,-364,-56,-25,1032,405,826,1137
20549000,121,-408,-3,-49,983,-144,399,1381
20601000,-28,-258,-55,-29,1118,-266,93,1381
20649000,69,-257,-16,-53,947,-205,-211,1381
20701000,74,-207,-1,-66,917,-1609,277,100
20749000,233,-230,2,1,1027,-1487,-211,-22
20801000,222,-187,70,21,1096,-754,-1065,-388
20849000,18,-97,69,23,1064,-144,-1615,-571
20901000,-44,24,60,50,980,38,-760,161
20949000,-112,-34,66,50,976,405,-1187,-83
21001000,27,-34,51,33,895,343,-1126,-205
21049000,-98,-116,-39,-2,872,99,-272,-449
21101000,-121,-88,20,-9,983,527,-333,283
21149000,-53,-137,-21,-49,1084,-327,948,-22
21201000,-51,-212,-50,-35,1076,38,1192,-83
21249000,-114,-156,-62,2,1012,893,704,-266
21301000,-56,-295,1,24,1103,-205,582,-1486
21349000,-57,-237,-12,28,1162,99,704,-1303
21401000,-63,-307,2,26,1187,466,399,-876
21449000,74,-271,45,-5,917,99,216,-449
21501000,-47,-229,-15,-12,1135,1076,460,405
21549000,77,-227,-21,-9,986,588,216,649
21601000,-64,-290,-36,-39,1050,-22,216,1442
21649000,19,-264,-23,-18,926,-205,-28,1198
21701000,35,-313,23,-39,1081,-815,-211,832
21749000,-76,-298,-14,-22,944,-571,-516,649
21801000,69,-419,39,-1,1051,160,-1004,527
21849000,46,-375,28,18,1001,405,-1309,-22
21901000,146,-418,33,43,1046,-327,-455,-876
21949000,-32,-298,33,34,1038,160,-821,-1303
22001000,-49,-328,34,11,977,-22,-211,-1364
22049000,-103,-375,-32,-12,1137,-388,704,-1486
22101000,-208,-239,-35,-16,993,771,-28,-144
22149000,-104,-266,-41,10,1054,466,765,100
22201000,-128,-269,-57,-2,994,832,1009,405
22249000,-43,-400,-19,-36,1039,832,582,649
22301000,-19,-370,-57,-44,1028,588,643,-22
22349000,96,-391,-19,14,1041,-83,277,344
22401000,78,-229,-18,-33,1099,-449,399,527
22449000,20,-187,20,-35,934,-571,-333,710
22501000,119,-357,31,32,950,-815,-272,-22
22549000,125,-390,77,6,964,-510,-1004,100
22601000,97,-381,67,25,1015,-327,-1126,-144
22649000,-89,-318,-1,4,1038,-815,-272,-388
22701000,-87,-377,11,-8,978,466,-943,832
22749000,-116,-383,-72,-20,1014,343,-333,466
22801000,-183,-273,-54,10,981,954,-150,-83
22849000,85,-288,29,18,1038,1625,-211,-205
22901000,-28,-266,-12,-3,990,-205,887,-1425
22949000,69,-413,6,17,987,160,643,-1242
23001000,42,-359,56,-6,924,221,521,-876
23049000,98,-508,17,-91,1049,-510,826,-327
23101000,33,-381,-12,-9,1098,649,521,39
23149000,72,-309,-1,-19,967,-449,582,405
23201000,43,-179,-24,-22,1084,-937,338,710
23249000,42,-57,31,43,985,-83,-333,344
23301000,-29,-68,-80,-14,1024,-144,154,1381
23349000,-142,-114,4,19,1054,527,-943,1015
23401000,-35,-277,38,2,895,954,-1370,588
23449000,-85,-168,23,15,892,893,-638,466
23501000,7,-217,68,23,1052,-22,-1370,-998
23549000,-31,-217,35,-20,978,-693,-272,-1059
23601000,-75,-315,9,-24,956,-693,582,-1547
23649000,65,-289,0,-4,1084,-632,1009,-1547
23701000,-23,-306,-54,-9,1000,405,521,-449
23749000,19,-327,-67,32,1147,649,582,-205
23801000,-143,-180,-11,17,934,771,582,100
23849000,143,-272,42,-7,1037,343,338,466
23901000,75,-327,-41,-31,1155,-22,277,710
23949000,47,-372,-17,-56,1033,-510,399,893
24001000,29,-437,18,-47,1028,-144,-577,1259
24049000,-23,-331,26,-24,1015,99,-699,954
24101000,2,-117,74,30,1062,-876,-577,100
24149000,0,-134,34,33,1001,-510,-577,-388
24201000,-51,-92,0,31,1059,-388,-455,-144
24249000,-128,-208,-8,14,796,-510,93,-693
24301000,-146,-282,-16,-28,789,-22,-516,771
24349000,-68,-317,-54,-25,1116,-205,93,-388
24401000,108,-270,8,-3,1150,-327,765,-1120
24449000,134,-6,10,61,1067,466,521,-1486
24501000,-27,157,-102,-21,1005,-22,460,-327
24549000,-58,-7,35,-19,1106,221,887,-205
24601000,-109,-65,21,12,1107,405,826,-632
24649000,-19,-65,-34,-5,1009,1015,765,-83
24701000,122,-233,26,-25,1089,1320,338,39
24749000,113,-298,25,29,970,649,582,-266
24801000,59,-162,-43,31,989,221,948,-449
24849000,107,-424,-31,-12,943,1015,399,-815
24901000,116,-258,-11,11,941,527,704,-571
24949000,319,-378,56,-2,985,38,-150,-693
25001000,37,-275,-18,4,982,-266,521,344
25049000,17,-365,-9,-58,844,-510,826,39
25101000,-109,-252,61,7,1319,710,-272,-571
25149000,-99,-167,-23,-24,529,-83,-821,-571
25201000,-13168,6690,-164,11,161,-449,32,1015
25249000,-10530,5629,91,49,1999,1381,-943,-693
25301000,-12213,9480,-74,-65,666,-205,-1920,1015
25349000,-15074,13672,-186,33,-36,-1181,1314,-1792
25401000,-22989,1284,-78,-59,-130,405,-2408,466
25449000,-23740,5634,11,-84,1338,-144,1802,-1059
25501000,-15760,14001,-89,4,-839,1076,-760,161
25549000,-20218,19652,-187,-26,1528,-327,-1248,1747
25601000,-21575,21371,117,102,2150,405,216,771
25649000,-28233,28409,121,-194,2201,-937,-394,1137
25701000,-21948,22005,-127,121,704,2419,-1615,-266
25749000,-17198,17006,67,-79,1014,1076,-2103,-22
25801000,-13133,13096,-35,19,783,-1853,216,-876
25849000,-10295,10253,-7,-21,936,-22,2474,-1120
25901000,-7853,7858,1,-37,1022,1198,582,161
25949000,-6391,6438,-20,45,1041,466,-1492,39
26001000,-4852,4782,89,39,1068,343,-1554,527
26049000,-3701,3756,21,-31,1174,-327,-821,1259
26101000,-2715,2749,90,-13,1031,-998,-150,588
26149000,-2141,2060,36,22,966,-632,-760,771
26201000,-1594,1559,5,-16,1032,-510,93,-449
26249000,-1311,1160,-9,-43,1010,-1181,582,-693
26301000,-938,708,16,-39,968,-1059,1436,-998
26349000,-688,729,-17,42,991,-327,399,-144
26401000,-647,514,-60,38,557,-510,-1187,588
26449000,7,8586,30,-52,2201,-327,1070,-1792
26501000,147,6836,266,154,1310,282,1070,466
26549000,-5575,-525,2,-190,1162,-1120,1253,222
26601000,1452,-3358,404,-90,1054,-571,277,-571
26649000,3642,-5924,146,-38,-389,1015,1619,-205
26701000,-826,-12331,-45,-361,-610,-1426,1558,39
26749000,20,-9331,193,245,1738,893,-272,-388
26801000,-701,-7895,-329,187,1430,649,704,-1425
26849000,-626,-5898,234,-190,678,-1120,521,-388
26901000,-6147,-8350,279,104,1484,1259,-638,222
26949000,1483,-10087,-267,-94,1097,-1181,1009,466
27001000,-3291,-13131,-109,-13,-306,-510,-333,-22
27049000,-6907,-11850,-35,12,1308,-22,1680,-2158
27101000,-5605,-8821,-34,67,843,954,154,100
27149000,-4285,-7002,42,-79,1385,1930,-1309,1137
27201000,-3459,-5755,-49,-17,1095,1381,2108,527
27249000,-2831,-4271,20,71,915,588,-1615,-205
27301000,-2331,-3061,20,42,915,-754,-2103,161
27349000,-1896,-2286,35,20,881,160,460,-754
27401000,-1420,-2058,21,-54,873,-876,-89,-83
27449000,-1300,-1784,-66,32,1081,-205,-28,-815
27501000,-1130,-1436,-109,-61,1167,-144,765,-83
27549000,-811,-1238,-28,-14,1039,-1364,1619,-693
27601000,-669,-945,11,9,1041,1686,32,39
27649000,-575,-758,-32,39,997,1930,-150,-266
27701000,-442,-616,51,32,1021,1076,521,-1059
27749000,-231,-439,29,61,1084,1076,216,-693
27801000,-322,-455,-73,16,919,-632,93,-693
27849000,-269,-321,-65,64,953,221,-28,-510
27901000,-310,-465,-10,4,1130,221,521,-1242
27949000,34,-493,47,56,1031,649,154,-998
28001000,-65,-497,-1,36,1073,-937,-28,-1303
28049000,54,-462,-8,26,1195,282,-333,-693
28101000,107,-409,-8,66,1211,1137,-516,-632
28149000,-153,-607,-54,-8,1084,1320,-89,222
28201000,-206,-654,23,40,951,-83,-333,-1181
28249000,-306,-680,0,2,1125,282,-516,-754
28301000,-332,-807,18,29,1029,-83,-272,-1059
28349000,-110,-562,47,38,913,-632,643,-693
28401000,7,-745,91,5,1045,343,-1065,344
28449000,92,-778,6,28,1181,282,-516,1137
28501000,-120,-883,17,-88,1090,-144,216,-205
28549000,-148,-700,-14,54,1288,99,-394,-632
28601000,-516,303,198,-74,1503,99,-1676,1198
28649000,-1788,1793,-147,64,386,-327,-150,466
28701000,-8222,7767,131,70,2200,1137,-2164,-83
28749000,-11088,11069,-89,-78,2179,343,-1004,954
28801000,-9227,6894,56,180,2201,954,-333,1015
28849000,-11524,-379,-56,-233,876,-1364,826,-266
28901000,-15971,-5415,-62,145,632,1137,-1187,771
28949000,-10679,-8599,-59,-227,1294,-1303,1131,100
29001000,-7673,-6647,152,-121,1055,-510,-28,1442
29049000,-10722,-1005,-13,14,-541,1381,-882,-449
29101000,-9236,-3599,-209,-284,230,-937,32,-449
29149000,2622,-15177,282,-21,-146,710,-943,527
29201000,4367,-18641,181,78,290,2297,-333,-998
29249000,3064,-15654,-282,-293,449,-1364,887,222
29301000,3166,-12046,247,-25,448,771,-699,1564
29349000,1512,-9814,34,107,1926,-327,704,-1486
29401000,3857,-9107,-101,-97,1405,-1181,1131,344
29449000,2578,-8447,260,-16,402,588,-1615,283
29501000,1828,-7892,-251,128,985,-876,1131,-1486
29549000,-3772,-13641,254,-254,468,99,-1187,1076
29601000,-3138,-10271,174,105,1913,282,-1615,161
29649000,-1922,-8731,259,240,1019,-3012,2718,161
29701000,-4178,-10068,-283,-335,39,-2036,887,100
29749000,-5406,-5481,83,157,1713,4311,-3873,1015
29801000,-3602,-4831,9,208,993,-22,1192,-1425
29849000,-2438,-4381,-209,-102,1079,-1059,-394,161
29901000,-88,-5036,79,-102,79,282,-1737,-205
29949000,-95,-3830,-120,207,1366,99,887,-1059
30001000,-289,-4015,-206,278,1794,-1487,826,-144
30049000,3445,-5764,-221,-268,963,1991,-1309,1686
30101000,2398,-3928,46,211,474,2846,-1492,283
30149000,1976,-3946,1,-89,1074,-2280,2657,-266
30201000,1753,-3223,87,-243,539,282,-1004,1747
30249000,1611,-2275,-58,36,1200,832,338,-1303
30301000,1198,-1968,-195,126,1364,1259,-89,-83
30349000,1503,-1690,208,-280,802,-1792,277,-571
30401000,1082,-1366,107,-296,557,893,-577,-22
30449000,1217,-1557,26,236,562,-1487,1375,-1303
30501000,1646,-2432,-123,-53,946,-1364,887,-1425
30549000,1378,-1302,306,-79,1385,893,-1920,771
30601000,377,-1323,304,199,1073,-571,2291,-449
30649000,-853,-2325,-261,171,861,-1242,338,1015
30701000,1037,-3098,-8,-330,810,-754,-638,161
30749000,246,-3348,126,185,1306,771,704,1625
30801000,1287,-4497,-262,-46,860,-2158,1558,-1120
30849000,3238,-5164,233,-216,396,1320,-2713,100
30901000,3572,-3630,92,-158,485,954,-1737,1015
30949000,3762,-2321,172,245,766,-449,1558,-1486
31001000,3123,-1658,45,-116,1971,-1303,93,-693
31049000,1976,-867,14,106,897,3334,-2469,466
31101000,1120,-215,195,218,1048,1869,-882,344
31149000,2244,-1928,-239,91,1434,-3745,3145,-1120
31201000,2285,-1780,-251,-177,1056,2052,-2652,1870
31249000,1841,-2674,-129,224,1167,2175,399,-388
31301000,1128,-2179,-145,217,1100,-693,2047,527
31349000,2010,-1720,-293,-303,1240,-266,-699,-144
31401000,1195,-1610,40,176,678,3884,-3140,893
31449000,1164,-2477,-168,-56,897,-2524,2169,-1853
31501000,3453,-4402,-214,-257,924,-4172,2047,-876
31549000,1935,-3862,135,-50,613,3212,-3873,39
31601000,1870,-2764,189,299,961,1869,154,-876
31649000,1373,-2831,-27,-274,928,-3684,2657,527
31701000,1158,-1485,105,-123,1730,-2158,1009,-937
31749000,1309,-1047,388,39,299,4006,-3018,2053
31801000,1200,-1816,-428,131,1846,-1120,2108,-815
31849000,600,-3172,-105,-316,359,-2524,1070,1198
31901000,363,-2160,-64,-9,1461,1930,-1737,1076
31949000,737,-2390,-244,200,1373,2236,-1065,283
32001000,153,-2383,-243,-134,880,-3867,2657,-1120
32049000,1672,-1814,143,-140,786,1320,-2225,161
32101000,1009,-1213,216,168,1348,4921,-4056,405
32149000,1007,-2860,-114,253,1899,-571,765,-1425
32201000,1709,-3124,-119,-204,574,-1914,643,-83
32249000,1698,-1861,35,207,805,1625,-1065,466
32301000,1470,-2000,72,355,716,2297,-1431,39
32349000,904,-1966,-285,-146,1085,-2890,2718,-876
32401000,1084,-1433,249,-42,1047,1076,-1615,2053
32449000,305,-1273,-89,133,1008,1747,460,-510
32501000,736,-1830,-344,221,2018,-327,1986,283
32549000,1859,-1802,-76,-343,437,-1426,277,405
32601000,1693,-1664,283,196,1389,1442,-821,283
32649000,1052,-3454,147,-122,368,-2219,1802,-1425
32701000,625,-2941,-154,-356,662,-3257,1986,-1364
32749000,445,-3384,388,-6,953,2785,-3018,466
32801000,-1926,-4114,28,316,1702,1076,643,-1303
32849000,-1433,-3813,-313,-248,903,-3562,2108,832
32901000,-371,-2285,-122,-166,1706,-1670,521,39
32949000,852,-3411,66,284,1125,3273,-1920,1564
33001000,-610,-3327,-442,15,1068,-1609,2047,-998
33049000,25,-2351,-176,-205,951,-449,-882,893
33101000,1236,-1440,-148,-139,863,1686,-1737,527
33149000,1978,-946,118,150,647,-22,765,-571
33201000,2105,-1509,24,-319,1095,-2158,1009,-1608
33249000,1832,-1456,239,112,776,3273,-2957,1137
33301000,-750,-4431,168,270,1278,3212,-2408,-266
33349000,-342,-5176,-158,-74,820,-3379,2718,-1059
33401000,-846,-3875,160,-144,1203,527,-1370,2175
33449000,-11,-2661,227,220,1121,2236,-455,-327
33501000,368,-2238,182,168,915,-815,2047,1076
33549000,1834,-2052,-270,-197,1924,-1853,338,-510
33601000,1811,-1143,27,4,321,4128,-3568,1015
33649000,1935,-1498,-13,144,1268,-1670,2047,-1853
33701000,1860,-2147,-19,-136,527,-2402,1558,-1303
33749000,2292,-2246,151,-202,761,2663,-3385,-83
33801000,490,-3102,233,293,818,893,93,-144
33849000,205,-3003,-104,-201,1125,-3623,3145,283
33901000,3556,2176,26,-151,1678,-2158,1192,100
33949000,3078,1658,319,72,398,3334,-2835,1625
34001000,1636,-1402,-243,221,2073,-1609,1925,-998
34049000,1989,-1667,-138,-222,751,-876,-638,283
34101000,1771,-1136,203,-171,1134,893,-1126,344
34149000,2509,-5718,-47,332,1198,1259,32,-632
34201000,2404,-5565,-47,-171,590,-3257,1925,-1608
34249000,1844,-3462,334,28,986,1869,-1981,1625
34301000,1501,-2218,114,105,1238,4067,-3324,-144
34349000,893,-2892,34,194,859,-1853,1986,-83
34401000,1362,-2420,-183,-203,1287,-3623,2047,-510
34449000,2148,-1513,82,-124,959,2724,-1492,771
34501000,1620,-1004,-37,-115,1092,466,338,-510
34549000,1612,-745,281,114,692,3884,-2408,405
34601000,1190,-501,97,229,1033,466,-882,710
34649000,542,-1051,-244,-13,1127,-3684,2474,-1242
34701000,643,-1056,-103,117,998,-2585,1863,-754
34749000,710,-1208,-152,-164,925,3334,-2469,161
34801000,425,-979,-32,-185,949,99,-638,-1731
34849000,755,-371,236,5,832,3639,-2164,1076
34901000,523,-1017,15,-194,991,282,-1431,-632
34949000,216,-757,227,113,1084,-1242,216,588
35001000,-50,-695,49,131,949,1991,-2164,222
35049000,-382,-698,-148,30,993,-4905,3572,527
35101000,-563,-761,75,232,1244,-2585,1619,39
35149000,-661,-908,-92,29,971,710,-150,-1669
35201000,90,-730,-96,-130,733,-3623,3511,588
35249000,-213,-835,-54,-210,987,1381,-943,-2585
35301000,-287,-732,-179,-186,1072,4921,-2713,2297
35349000,-203,-295,-40,-151,1100,5226,-3629,527
35401000,154,-597,167,-9,1072,4433,-3629,100
35449000,173,-138,226,183,1008,2846,-1798,1381
35501000,169,-239,107,49,1352,-937,-272,-1608
35549000,-321,-270,179,204,827,-3684,2352,1076
35601000,-304,-274,-60,99,707,-2829,2169,-510
35649000,-505,-643,-236,-143,966,-5332,4000,649
35701000,74,-326,28,156,959,-3745,3633,-510
35749000,-215,-459,-77,-150,1046,-1120,1375,-2585
35801000,-468,-260,-101,101,1170,-3806,2291,1564
35849000,-487,-451,-86,4,999,-1731,-211,-1486
35901000,-381,-67,-111,-17,973,-1181,277,1442
35949000,-168,-101,-42,-11,782,-4477,3145,-22
36001000,46,-242,65,107,850,-3196,521,39
36049000,-218,-429,148,104,791,-266,-577,1320
36101000,-19,-449,159,23,830,4311,-2774,-266
36149000,-269,-496,93,-116,1093,3090,-2286,-510
36201000,44,-416,-195,-89,1054,-1975,2657,-83
36249000,354,159,23,48,852,-1731,-1126,1503
36301000,359,103,120,31,678,-3928,1619,954
36349000,402,172,92,101,897,-3073,1741,1442
36401000,-58,-171,-65,33,1215,1442,-1431,1015
36449000,254,19,119,117,909,2114,-4666,1747
36501000,106,167,29,-26,1140,1991,-2042,-754
36549000,334,-176,-23,-114,1022,-1609,4671,-2280
36601000,787,-387,179,43,1078,-4111,1986,832
36649000,544,-505,-105,-51,880,4250,-1187,-3256
36701000,-211,-358,-54,19,1286,2541,-3446,2907
36749000,-274,-70,116,118,1247,221,-2591,161
36801000,-250,-606,-12,52,889,-937,338,-22
36849000,377,-169,161,145,703,-388,-2408,2419
36901000,443,339,-55,-49,926,2907,338,-2585
36949000,336,590,-78,50,1155,-2951,2474,-144
37001000,27,165,-1,-38,910,-327,3267,-3195
37049000,-251,-89,-70,30,1290,-2158,1680,1686
37101000,265,80,94,-7,1035,38,-1248,588
37149000,27,-41,-112,-104,977,99,3145,-2768
37201000,332,-205,43,-37,887,710,582,-388
37249000,406,-247,-66,0,984,2541,-150,-510
37301000,-580,5,27,70,1001,-1059,-3079,1992
37349000,-577,-536,-46,-161,1041,1198,3023,-1731
37401000,-470,-690,41,32,972,-754,-1615,1564
37449000,-346,-824,-87,-19,644,5043,-943,-3012
37501000,-553,-331,-21,22,1336,-1364,-516,1809
37549000,-139,-54,128,53,964,-266,-1065,1198
37601000,-425,-257,-26,17,1165,-3318,-333,1381
37649000,-584,-512,61,-43,834,-1059,1619,344
37701000,-815,-487,-62,-105,1084,-205,1863,-1669
37749000,-1036,-557,30,28,1292,-1548,-1859,1686
37801000,-450,-804,-53,-21,809,2419,-577,527
37849000,-389,-708,90,41,1071,-1731,-1309,2236
37901000,-417,-680,-8,-56,976,-327,3023,-3378
37949000,-205,-898,-47,24,1129,-3501,2596,2114
38001000,-803,-823,-125,-40,882,4677,-272,-2829
38049000,-904,-459,55,40,993,-937,-3324,2968
38101000,-860,-695,-15,-51,1249,649,2718,-2341
38149000,-757,-638,-7,35,1143,-144,-516,954
38201000,-420,-390,-68,-53,708,4067,-2042,-1486
38249000,-780,-446,70,-33,855,-449,-2896,954
38301000,-462,-703,-47,-14,1208,1686,1863,-449
38349000,-716,-480,-57,6,1145,-2158,1131,-693
38401000,-65,-860,-6,-46,763,2175,-333,-2890
38449000,-212,-712,42,51,1042,-327,-2408,3212
38501000,70,-594,32,-53,1105,2358,338,-1975
38549000,-535,-534,-97,-46,957,-449,-89,-388
38601000,-482,-337,-57,-85,933,3212,-638,-3928
38649000,-492,-355,28,-2,1100,-2707,643,2114
38701000,192,-700,108,30,1242,-937,2108,893
38749000,-90,-471,-116,-29,787,-1303,1619,-3317
38801000,158,-397,-87,-79,927,3517,-760,-2646
38849000,-466,-247,-39,7,1217,-1242,338,2175
38901000,-2,-833,98,27,1324,-2890,2047,-205
38949000,-443,-676,-98,-28,883,-1548,3084,-2036
39001000,-160,-894,-49,-79,867,7851,-2347,-5148
39049000,-882,-846,-137,-47,1164,4433,-4849,771
39101000,-637,-739,-174,-132,984,3273,-1920,161
39149000,-475,-215,-209,-192,1016,527,-1431,-3562
39201000,-291,-180,-107,-300,342,-1548,2901,2297
39249000,-2282,-5383,367,-188,737,-876,-821,-998
39301000,-487,-3659,-59,247,940,-2890,5587,-83
39349000,-10587,7508,-24,-92,804,-8078,5526,1809
39401000,-9301,5575,-50,68,901,-1120,460,-2280
39449000,-7711,4218,75,-55,919,4799,-5521,466
39501000,-6347,3475,-40,-36,1290,4982,-1615,1137
39549000,-5085,2768,-27,-21,1129,2785,-2591,-1792
39601000,-3687,2604,11,70,1118,2175,-943,405
39649000,-2914,2318,97,-1,1045,-1548,-272,-388
39701000,-1979,1508,30,47,1148,-1731,2413,1137
39749000,-1456,783,25,-80,1064,-4782,3939,1503
39801000,-837,290,-9,-16,943,-4660,1680,-571
39849000,-879,2,30,-35,969,1381,-1615,1015
39901000,-809,-9,11,-2,1078,3700,-1554,39
39949000,-663,254,17,23,939,343,-1431,-327
40001000,-448,326,-76,25,769,-144,1619,-266
40049000,-143,442,-25,-26,1055,-2768,1253,405
40101000,49,135,26,-32,978,282,-333,100
40149000,129,151,25,-10,1093,2907,-2164,-266
40201000,61,234,25,-7,1113,1564,-882,222
40249000,244,201,20,18,1005,-1364,460,-83
40301000,302,89,19,18,1103,-1426,338,222
40349000,262,-155,41,8,934,527,-1065,344
40401000,95,-314,-25,-35,1082,1015,-1187,283
40449000,20,-227,18,-22,1048,405,-821,1320
40501000,189,-256,45,-10,1125,-693,-211,466
40549000,8,-362,-4,-53,964,-571,-333,1198
40601000,-90,-453,41,-13,943,-144,-577,283
40649000,-196,-481,43,2,960,221,-516,161
40701000,-130,-307,29,16,1018,-388,-516,-327
40749000,-135,-303,5,2,991,-937,93,-693
40801000,-121,-320,-80,-36,1104,-327,460,-1425
40849000,-12,-303,33,73,1002,771,216,-1669
40901000,-67,-280,-71,19,1096,771,154,-266
40949000,-107,-254,-39,45,958,1320,154,-327
41001000,-122,-282,1,-32,1069,1076,277,588
