19⇥	0.00␍␊
39⇥	0.00␍␊
60⇥	0.00␍␊
80⇥	0.00␍␊
101⇥	0.00␍␊
121⇥	0.00␍␊
142⇥	0.00␍␊
162⇥	0.00␍␊
183⇥	0.00␍␊
203⇥	0.00␍␊
224⇥	0.00␍␊
244⇥	0.00␍␊
265⇥	0.00␍␊
285⇥	0.00␍␊
306⇥	0.00␍␊
326⇥	0.00␍␊
347⇥	0.00␍␊
367⇥	0.00␍␊
388⇥	0.00␍␊
407⇥	0.00␍␊
428⇥	0.00␍␊
448⇥	0.00␍␊
468⇥	0.00␍␊
489⇥	0.00␍␊
509⇥	0.00␍␊
530⇥	0.00␍␊
550⇥	0.00␍␊
571⇥	0.00␍␊
591⇥	0.00␍␊
612⇥	0.00␍␊
632⇥	0.00␍␊
653⇥	0.00␍␊
673⇥	0.00␍␊
694⇥	0.00␍␊
714⇥	0.00␍␊
735⇥	0.00␍␊
755⇥	0.00␍␊
776⇥	0.00␍␊
796⇥	0.00␍␊
817⇥	0.00␍␊
837⇥	0.00␍␊
858⇥	0.00␍␊
878⇥	0.00␍␊
899⇥	0.00␍␊
919⇥	0.00␍␊
940⇥	0.00␍␊
959⇥	0.00␍␊
979⇥	0.00␍␊
1000⇥	0.00␍␊
1020⇥	0.00␍␊
1041⇥	0.00␍␊
1061⇥	0.00␍␊
1082⇥	0.00␍␊
1102⇥	0.00␍␊
1124⇥	0.00␍␊
1144⇥	0.00␍␊
1165⇥	0.00␍␊
1185⇥	0.00␍␊
1206⇥	0.00␍␊
1226⇥	-0.81␍␊
1247⇥	-2.16␍␊
1267⇥	-3.78␍␊
1288⇥	-5.76␍␊
1308⇥	-8.01␍␊
1329⇥	-10.44␍␊
1349⇥	-13.14␍␊
1370⇥	-15.93␍␊
1390⇥	-18.81␍␊
1411⇥	-21.51␍␊
1432⇥	-24.03␍␊
1453⇥	-26.10␍␊
1473⇥	-27.81␍␊
1494⇥	-28.98␍␊
1514⇥	-29.43␍␊
1534⇥	-29.34␍␊
1555⇥	-28.53␍␊
1575⇥	-27.09␍␊
1597⇥	-24.93␍␊
1617⇥	-22.32␍␊
1638⇥	-19.08␍␊
1658⇥	-15.48␍␊
1679⇥	-11.61␍␊
1699⇥	-7.38␍␊
1720⇥	-3.06␍␊
1740⇥	1.35␍␊
1761⇥	5.67␍␊
1782⇥	9.99␍␊
1803⇥	13.95␍␊
1823⇥	17.73␍␊
1844⇥	21.06␍␊
1864⇥	23.94␍␊
1885⇥	26.28␍␊
1905⇥	28.08␍␊
1926⇥	29.25␍␊
1946⇥	29.79␍␊
1968⇥	29.79␍␊
1988⇥	29.16␍␊
2009⇥	27.81␍␊
2029⇥	26.01␍␊
2050⇥	23.58␍␊
2070⇥	20.70␍␊
2091⇥	17.46␍␊
2111⇥	13.86␍␊
2132⇥	9.90␍␊
2153⇥	5.85␍␊
2173⇥	1.71␍␊
2194⇥	-2.43␍␊
2214⇥	-6.48␍␊
2235⇥	-10.35␍␊
2255⇥	-13.95␍␊
2276⇥	-17.19␍␊
2296⇥	-19.98␍␊
2318⇥	-22.32␍␊
2338⇥	-24.12␍␊
2359⇥	-25.38␍␊
2379⇥	-26.01␍␊
2400⇥	-26.10␍␊
2420⇥	-25.65␍␊
2441⇥	-24.48␍␊
2461⇥	-22.77␍␊
2483⇥	-20.61␍␊
2503⇥	-17.91␍␊
2524⇥	-14.85␍␊
2544⇥	-11.43␍␊
2565⇥	-7.74␍␊
2585⇥	-3.87␍␊
2606⇥	0.09␍␊
2626⇥	4.05␍␊
2647⇥	7.92␍␊
2668⇥	11.61␍␊
2689⇥	15.12␍␊
2709⇥	18.27␍␊
2729⇥	20.97␍␊
2750⇥	23.31␍␊
2770⇥	25.11␍␊
2791⇥	26.37␍␊
2811⇥	27.09␍␊
2833⇥	27.18␍␊
2853⇥	26.82␍␊
2874⇥	25.83␍␊
2894⇥	24.30␍␊
2915⇥	22.23␍␊
2935⇥	19.80␍␊
2956⇥	16.92␍␊
2976⇥	13.68␍␊
2997⇥	10.26␍␊
3018⇥	6.57␍␊
3039⇥	2.88␍␊
3059⇥	-0.90␍␊
3080⇥	-4.68␍␊
3100⇥	-8.19␍␊
3121⇥	-11.52␍␊
3141⇥	-14.58␍␊
3162⇥	-17.28␍␊
3182⇥	-19.53␍␊
3204⇥	-21.24␍␊
3224⇥	-22.59␍␊
3245⇥	-23.31␍␊
3265⇥	-23.49␍␊
3286⇥	-23.13␍␊
3306⇥	-22.32␍␊
3326⇥	-20.88␍␊
3347⇥	-18.99␍␊
3368⇥	-16.65␍␊
3389⇥	-13.95␍␊
3409⇥	-10.89␍␊
3430⇥	-7.65␍␊
3450⇥	-4.14␍␊
3471⇥	-0.54␍␊
3491⇥	3.06␍␊
3512⇥	6.57␍␊
3532⇥	9.99␍␊
3553⇥	13.23␍␊
3574⇥	16.11␍␊
3595⇥	18.72␍␊
3615⇥	20.88␍␊
3636⇥	22.59␍␊
3656⇥	23.85␍␊
3677⇥	24.57␍␊
3697⇥	24.84␍␊
3718⇥	24.57␍␊
3738⇥	23.76␍␊
3760⇥	22.41␍␊
3780⇥	20.70␍␊
3801⇥	18.54␍␊
3821⇥	15.93␍␊
3842⇥	13.05␍␊
3862⇥	9.99␍␊
3883⇥	6.66␍␊
3903⇥	3.33␍␊
3923⇥	-0.18␍␊
3944⇥	-3.51␍␊
3965⇥	-6.75␍␊
3986⇥	-9.81␍␊
4006⇥	-12.60␍␊
4027⇥	-15.12␍␊
4047⇥	-17.19␍␊
4068⇥	-18.90␍␊
4088⇥	-20.07␍␊
4109⇥	-20.79␍␊
4129⇥	-21.06␍␊
4151⇥	-20.88␍␊
4171⇥	-20.07␍␊
4192⇥	-18.90␍␊
4212⇥	-17.19␍␊
4233⇥	-15.21␍␊
4253⇥	-12.78␍␊
4274⇥	-9.99␍␊
4294⇥	-7.11␍␊
4315⇥	-3.96␍␊
4336⇥	-0.72␍␊
4357⇥	2.52␍␊
4377⇥	5.76␍␊
4398⇥	8.91␍␊
4418⇥	11.79␍␊
4439⇥	14.49␍␊
4459⇥	16.83␍␊
4480⇥	18.81␍␊
4500⇥	20.43␍␊
4520⇥	21.60␍␊
4542⇥	22.23␍␊
4562⇥	22.50␍␊
4583⇥	22.32␍␊
4603⇥	21.60␍␊
4624⇥	20.43␍␊
4644⇥	18.90␍␊
4665⇥	16.92␍␊
4685⇥	14.67␍␊
4706⇥	12.06␍␊
4727⇥	9.27␍␊
4748⇥	6.30␍␊
4768⇥	3.24␍␊
4789⇥	0.18␍␊
4809⇥	-2.88␍␊
4830⇥	-5.85␍␊
4850⇥	-8.64␍␊
4871⇥	-11.16␍␊
4891⇥	-13.41␍␊
4912⇥	-15.30␍␊
4932⇥	-16.83␍␊
4954⇥	-17.91␍␊
4974⇥	-18.54␍␊
4995⇥	-18.81␍␊
5015⇥	-18.63␍␊
5036⇥	-17.91␍␊
5056⇥	-16.83␍␊
5076⇥	-15.39␍␊
5097⇥	-13.50␍␊
5117⇥	-11.34␍␊
5139⇥	-8.91␍␊
5159⇥	-6.21␍␊
5180⇥	-3.42␍␊
5200⇥	-0.45␍␊
5221⇥	2.43␍␊
5241⇥	5.40␍␊
5262⇥	8.19␍␊
5282⇥	10.80␍␊
5303⇥	13.14␍␊
5323⇥	15.30␍␊
5345⇥	17.10␍␊
5365⇥	18.54␍␊
5386⇥	19.53␍␊
5406⇥	20.16␍␊
5427⇥	20.34␍␊
5447⇥	20.16␍␊
5468⇥	19.53␍␊
5488⇥	18.45␍␊
5509⇥	17.01␍␊
5529⇥	15.21␍␊
5551⇥	13.14␍␊
5571⇥	10.89␍␊
5592⇥	8.28␍␊
5612⇥	5.67␍␊
5633⇥	2.88␍␊
5653⇥	0.09␍␊
5673⇥	-2.61␍␊
5694⇥	-5.31␍␊
5714⇥	-7.74␍␊
5735⇥	-9.99␍␊
5755⇥	-11.97␍␊
5777⇥	-13.68␍␊
5797⇥	-15.03␍␊
5818⇥	-16.02␍␊
5838⇥	-16.56␍␊
5859⇥	-16.74␍␊
5879⇥	-16.47␍␊
5900⇥	-15.84␍␊
5920⇥	-14.85␍␊
5942⇥	-13.50␍␊
5962⇥	-11.79␍␊
5983⇥	-9.81␍␊
6003⇥	-7.56␍␊
6024⇥	-5.13␍␊
6044⇥	-2.61␍␊
6065⇥	0.00␍␊
6085⇥	2.70␍␊
6106⇥	5.22␍␊
6126⇥	7.74␍␊
6147⇥	10.08␍␊
6167⇥	12.15␍␊
6189⇥	14.04␍␊
6209⇥	15.66␍␊
6230⇥	16.83␍␊
6250⇥	17.73␍␊
6270⇥	18.27␍␊
6291⇥	18.36␍␊
6311⇥	18.09␍␊
6332⇥	17.46␍␊
6352⇥	16.47␍␊
6374⇥	15.12␍␊
6394⇥	13.50␍␊
6415⇥	11.61␍␊
6435⇥	9.54␍␊
6456⇥	7.20␍␊
6476⇥	4.77␍␊
6497⇥	2.34␍␊
6517⇥	-0.18␍␊
6538⇥	-2.61␍␊
6558⇥	-4.95␍␊
6579⇥	-7.11␍␊
6600⇥	-9.18␍␊
6621⇥	-10.89␍␊
6641⇥	-12.33␍␊
6662⇥	-13.50␍␊
6682⇥	-14.22␍␊
6703⇥	-14.67␍␊
6723⇥	-14.76␍␊
6744⇥	-14.49␍␊
6764⇥	-13.86␍␊
6786⇥	-12.87␍␊
6806⇥	-11.61␍␊
6827⇥	-9.99␍␊
6847⇥	-8.19␍␊
6867⇥	-6.12␍␊
6888⇥	-3.96␍␊
6908⇥	-1.62␍␊
6929⇥	0.72␍␊
6949⇥	3.06␍␊
6970⇥	5.31␍␊
6990⇥	7.56␍␊
7011⇥	9.63␍␊
7032⇥	11.43␍␊
7053⇥	13.05␍␊
7073⇥	14.40␍␊
7094⇥	15.39␍␊
7114⇥	16.11␍␊
7135⇥	16.56␍␊
7155⇥	16.56␍␊
7176⇥	16.29␍␊
7196⇥	15.57␍␊
7218⇥	14.58␍␊
7238⇥	13.32␍␊
7259⇥	11.79␍␊
7279⇥	10.08␍␊
7300⇥	8.10␍␊
7320⇥	6.03␍␊
7341⇥	3.87␍␊
7361⇥	1.62␍␊
7382⇥	-0.54␍␊
7402⇥	-2.79␍␊
7422⇥	-4.77␍␊
7444⇥	-6.75␍␊
7464⇥	-8.46␍␊
7485⇥	-9.90␍␊
7505⇥	-11.16␍␊
7526⇥	-12.06␍␊
7546⇥	-12.69␍␊
7567⇥	-12.96␍␊
7587⇥	-12.96␍␊
7608⇥	-12.60␍␊
7629⇥	-11.97␍␊
7650⇥	-10.98␍␊
7670⇥	-9.72␍␊
7691⇥	-8.28␍␊
7711⇥	-6.57␍␊
7732⇥	-4.77␍␊
7752⇥	-2.70␍␊
7773⇥	-0.63␍␊
7793⇥	1.44␍␊
7814⇥	3.51␍␊
7834⇥	5.58␍␊
7855⇥	7.47␍␊
7875⇥	9.27␍␊
7897⇥	10.80␍␊
7917⇥	12.15␍␊
7938⇥	13.32␍␊
7958⇥	14.13␍␊
7979⇥	14.67␍␊
7999⇥	14.85␍␊
8019⇥	14.85␍␊
8040⇥	14.40␍␊
8060⇥	13.77␍␊
8082⇥	12.78␍␊
8102⇥	11.61␍␊
8123⇥	10.17␍␊
8143⇥	8.46␍␊
8164⇥	6.75␍␊
8184⇥	4.86␍␊
8205⇥	2.88␍␊
8225⇥	0.90␍␊
8246⇥	-1.08␍␊
8266⇥	-2.97␍␊
8287⇥	-4.68␍␊
8308⇥	-6.39␍␊
