33001000,-1182,2778,746,579,-531,1100000,1100000,1100000,1100000,1499000,1496000,999000,1498000,1998000,997000,0,0,0,0,0,0
33101000,-746,3045,135,30,-470,1100000,1100000,1100000,1100000,1499000,1497000,997000,1499000,1997000,999000,0,0,0,0,0,0
33201000,577,3881,-901,-945,-104,1100000,1100000,1100000,1100000,1499000,1498000,997000,1499000,1998000,998000,0,0,0,0,0,0
33301000,1329,3690,502,274,200,1100000,1100000,1100000,1100000,1499000,1497000,997000,1499000,1998000,998000,0,0,0,0,0,0
33401000,2606,3151,-47,-213,383,1100000,1100000,1100000,1100000,1499000,1497000,997000,1500000,1997000,999000,0,0,0,0,0,0
33501000,4331,3882,-230,-518,200,1100000,1100000,1100000,1100000,1499000,1497000,998000,1499000,1999000,997000,0,0,0,0,0,0
33601000,5896,4466,135,30,566,1100000,1100000,1100000,1100000,1499000,1497000,999000,1498000,1998000,998000,0,0,0,0,0,0
33701000,7165,3502,-230,-91,505,1100000,1100000,1100000,1100000,1499000,1496000,998000,1499000,1997000,998000,0,0,0,0,0,0
33801000,8166,3424,-108,274,-165,1100000,1100000,1100000,1100000,1499000,1497000,998000,1499000,1998000,998000,0,0,0,0,0,0
33901000,8502,2779,13,213,-226,1100000,1100000,1100000,1100000,1499000,1497000,998000,1499000,1998000,998000,0,0,0,0,0,0
34001000,8977,1872,-108,91,-348,1100000,1100000,1100000,1100000,1499000,1497000,997000,1499000,1997000,997000,0,0,0,0,0,0
34101000,7850,2415,74,-213,-226,1100000,1100000,1100000,1100000,1499000,1497000,998000,1499000,1998000,998000,0,0,0,0,0,0
34201000,7080,2349,-47,-762,-348,1100000,1100000,1100000,1100000,1499000,1498000,997000,1499000,1998000,998000,0,0,0,0,0,0
34301000,5452,1570,380,-518,-837,1100000,1100000,1100000,1100000,1498000,1496000,999000,1498000,1997000,998000,0,0,0,0,0,0
34401000,2818,1866,746,-30,-43,1100000,1100000,1100000,1100000,1499000,1496000,998000,1499000,1998000,998000,0,0,0,0,0,0
34501000,412,1790,-657,-762,261,1100000,1100000,1100000,1100000,1499000,1497000,998000,1499000,1998000,998000,0,0,0,0,0,0
34601000,-532,2133,-230,-518,383,1100000,1100000,1100000,1100000,1499000,1497000,997000,1499000,1998000,998000,0,0,0,0,0,0
34701000,-1175,2818,807,396,444,1100000,1100000,1100000,1100000,1499000,1497000,998000,1499000,1998000,998000,0,0,0,0,0,0
34801000,-263,2983,-47,152,78,1100000,1100000,1100000,1100000,1499000,1497000,998000,1499000,1998000,998000,0,0,0,0,0,0
34901000,849,3054,-108,-91,505,1100000,1100000,1100000,1100000,1498000,1498000,997000,1499000,1998000,998000,0,0,0,0,0,0
35001000,2633,2770,258,335,-104,1100000,1100000,1100000,1100000,1499000,1496000,999000,1499000,1997000,998000,0,0,0,0,0,0
35101000,3887,2457,441,396,-348,1100000,1100000,1100000,1100000,1499000,1497000,999000,1498000,1998000,998000,0,0,0,0,0,0
35201000,4713,2129,-474,91,-287,1100000,1100000,1100000,1100000,1499000,1497000,998000,1498000,1998000,998000,0,0,0,0,0,0
35301000,6042,2185,-718,-396,-348,1100000,1100000,1100000,1100000,1499000,1497000,998000,1498000,1997000,998000,0,0,0,0,0,0
35401000,6738,2371,-108,-396,-470,1100000,1100000,1100000,1100000,1499000,1497000,998000,1499000,1998000,998000,0,0,0,0,0,0
35501000,7684,1698,624,396,17,1100000,1100000,1100000,1100000,1499000,1497000,998000,1499000,1998000,998000,0,0,0,0,0,0
35601000,8193,2094,-47,-213,17,1100000,1100000,1100000,1100000,1499000,1496000,998000,1499000,1997000,998000,0,0,0,0,0,0
35701000,8566,2885,-47,-457,444,1100000,1100000,1100000,1100000,1499000,1497000,998000,1499000,1998000,998000,0,0,0,0,0,0
35801000,8889,2799,-352,-640,383,1100000,1100000,1100000,1100000,1499000,1497000,998000,1499000,1998000,998000,0,0,0,0,0,0
35901000,8902,3259,441,-335,322,1100000,1100000,1100000,1100000,1499000,1496000,997000,1499000,1997000,998000,0,0,0,0,0,0
36001000,8076,3636,1173,335,-43,1100000,1100000,1100000,1100000,1499000,1497000,997000,1500000,1998000,998000,0,0,0,0,0,0
36101000,7467,3982,-169,30,322,1100000,1100000,1100000,1100000,1499000,1497000,998000,1499000,1998000,998000,0,0,0,0,0,0
36201000,7020,4317,-1206,-640,17,1100000,1100000,1100000,1100000,1499000,1497000,997000,1499000,1998000,998000,0,0,0,0,0,0
36301000,6115,4024,-169,274,-165,1100000,1100000,1100000,1100000,1499000,1497000,997000,1500000,1997000,999000,0,0,0,0,0,0
36401000,6265,3366,380,763,-898,1100000,1100000,1100000,1100000,1499000,1497000,998000,1499000,1998000,998000,0,0,0,0,0,0
36501000,5982,3329,-291,91,-653,1100000,1100000,1100000,1100000,1498000,1498000,997000,1499000,1998000,998000,0,0,0,0,0,0
36601000,4531,3552,-230,-335,78,1100000,1100000,1100000,1100000,1500000,1496000,998000,1500000,1997000,998000,0,0,0,0,0,0
36701000,3180,4054,-108,-640,17,1100000,1100000,1100000,1100000,1499000,1498000,997000,1499000,1998000,998000,0,0,0,0,0,0
36801000,1757,4512,380,-457,444,1100000,1100000,1100000,1100000,1498000,1497000,999000,1498000,1998000,998000,0,0,0,0,0,0
36901000,1427,3857,502,-518,261,1100000,1100000,1100000,1100000,1499000,1497000,998000,1498000,1997000,998000,0,0,0,0,0,0
37001000,1136,4303,441,-396,444,1100000,1100000,1100000,1100000,1499000,1497000,998000,1499000,1998000,998000,0,0,0,0,0,0
37101000,2138,4673,-47,-213,261,1100000,1100000,1100000,1100000,1499000,1498000,997000,1499000,1998000,998000,0,0,0,0,0,0
37201000,3067,4044,-169,-640,-43,1100000,1100000,1100000,1100000,1500000,1496000,999000,1498000,1998000,997000,0,0,0,0,0,0
37301000,3687,3181,13,-396,139,1100000,1100000,1100000,1100000,1499000,1497000,998000,1499000,1998000,998000,0,0,0,0,0,0
37401000,4508,2239,74,-30,-776,1100000,1100000,1100000,1100000,1499000,1497000,999000,1498000,1998000,998000,0,0,0,0,0,0
37501000,5438,2271,685,274,-715,1100000,1100000,1100000,1100000,1499000,1497000,997000,1499000,1997000,998000,0,0,0,0,0,0
37601000,4920,1659,319,-30,-409,1100000,1100000,1100000,1100000,1499000,1497000,997000,1499000,1998000,997000,0,0,0,0,0,0
37701000,4604,1515,-535,-701,-531,1100000,1100000,1100000,1100000,1499000,1498000,997000,1499000,1998000,998000,0,0,0,0,0,0
37801000,3916,1996,-413,-701,78,1100000,1100000,1100000,1100000,1498000,1497000,997000,1499000,1997000,998000,0,0,0,0,0,0
37901000,4149,3632,135,91,78,1100000,1100000,1100000,1100000,1499000,1497000,998000,1499000,1998000,998000,0,0,0,0,0,0
38001000,4202,3941,-47,213,139,1100000,1100000,1100000,1100000,1499000,1497000,998000,1499000,1998000,998000,0,0,0,0,0,0
38101000,4831,4263,-596,-518,200,1100000,1100000,1100000,1100000,1499000,1496000,997000,1499000,1997000,998000,0,0,0,0,0,0
38201000,4228,4450,685,763,627,1100000,1100000,1100000,1100000,1499000,1496000,998000,1499000,1998000,998000,0,0,0,0,0,0
38301000,4289,4416,-352,-701,505,1100000,1100000,1100000,1100000,1499000,1497000,998000,1499000,1998000,998000,0,0,0,0,0,0
38401000,4086,4125,-47,-274,810,1100000,1100000,1100000,1100000,1499000,1497000,997000,1499000,1997000,999000,0,0,0,0,0,0
38501000,3895,3249,624,457,-43,1100000,1100000,1100000,1100000,1499000,1497000,997000,1500000,1997000,998000,0,0,0,0,0,0
38601000,4433,3775,563,335,139,1100000,1100000,1100000,1100000,1499000,1497000,998000,1499000,1998000,998000,0,0,0,0,0,0
38701000,4499,3850,-474,213,200,1100000,1100000,1100000,1100000,1498000,1496000,998000,1499000,1998000,998000,0,0,0,0,0,0
38801000,4647,4278,-657,-335,-226,1100000,1100000,1100000,1100000,1499000,1496000,999000,1499000,1998000,998000,0,0,0,0,0,0
38901000,5604,4624,74,-213,-226,1100000,1100000,1100000,1100000,1499000,1497000,998000,1499000,1998000,998000,0,0,0,0,0,0
39001000,5910,3803,-47,91,-348,1100000,1100000,1100000,1100000,1499000,1496000,999000,1498000,1999000,999000,0,0,0,0,0,0
39101000,6036,3179,-47,-396,-43,1100000,1100000,1100000,1100000,1499000,1497000,997000,1500000,1998000,998000,0,0,0,0,0,0
39201000,5533,2951,13,152,17,1100000,1100000,1100000,1100000,1499000,1497000,998000,1499000,1998000,1000000,0,0,0,0,0,0
39301000,5414,2552,-413,-335,200,1100000,1100000,1100000,1100000,1498000,1497000,997000,1499000,1999000,997000,0,0,0,0,0,0
39401000,4491,2515,-230,-274,383,1100000,1100000,1100000,1100000,1499000,1497000,997000,1500000,1998000,999000,0,0,0,0,0,0
39501000,3716,2220,-108,-457,261,1100000,1100000,1100000,1100000,1499000,1497000,997000,1499000,1998000,999000,0,0,0,0,0,0
39601000,3294,1657,258,152,749,1100000,1100000,1100000,1100000,1498000,1496000,998000,1499000,1998000,1000000,0,0,0,0,0,0
39701000,2945,2447,13,-396,-348,1100000,1100000,1100000,1100000,1500000,1496000,999000,1499000,1998000,998000,0,0,0,0,0,0
39801000,2799,2787,563,274,78,1100000,1100000,1100000,1100000,1499000,1497000,998000,1499000,1998000,998000,0,0,0,0,0,0
39901000,1939,3125,-596,-152,-409,1100000,1100000,1100000,1100000,1499000,1497000,997000,1499000,1998000,998000,0,0,0,0,0,0
40001000,676,3128,-352,152,-287,1100000,1100000,1100000,1100000,1499000,1496000,998000,1499000,1997000,999000,0,0,0,0,0,0
40101000,169,2366,13,152,-409,1100000,1100000,1100000,1100000,1499000,1497000,998000,1499000,1998000,998000,0,0,0,0,0,0
40201000,1423,1693,-718,-213,-470,1100000,1100000,1100000,1100000,1498000,1497000,997000,1499000,1999000,997000,0,0,0,0,0,0
40301000,3745,1541,-230,152,383,1100000,1100000,1100000,1100000,1499000,1496000,998000,1500000,1998000,998000,0,0,0,0,0,0
40401000,6372,2285,-108,-335,-226,1100000,1100000,1100000,1100000,1499000,1497000,998000,1499000,1998000,998000,0,0,0,0,0,0
40501000,7078,2319,135,-213,200,1100000,1100000,1100000,1100000,1498000,1496000,998000,1498000,1998000,998000,0,0,0,0,0,0
40601000,7828,2684,135,-30,566,1100000,1100000,1100000,1100000,1499000,1497000,997000,1500000,1998000,997000,0,0,0,0,0,0
40701000,8511,3329,197,-274,627,1100000,1100000,1100000,1100000,1498000,1497000,998000,1499000,1998000,998000,0,0,0,0,0,0
40801000,8516,3592,74,-335,505,1100000,1100000,1100000,1100000,1499000,1497000,997000,1499000,1998000,998000,0,0,0,0,0,0
40901000,7562,3891,197,91,17,1100000,1100000,1100000,1100000,1499000,1497000,997000,1500000,1997000,998000,0,0,0,0,0,0
41001000,6906,4765,13,91,78,1100000,1100000,1100000,1100000,1499000,1497000,998000,1499000,1998000,997000,0,0,0,0,0,0
41101000,5994,4077,-352,213,-165,1100000,1100000,1100000,1100000,1498000,1497000,997000,1499000,1998000,999000,0,0,0,0,0,0
41201000,4313,3692,-169,152,-226,1100000,1100000,1100000,1100000,1499000,1496000,999000,1499000,1997000,998000,0,0,0,0,0,0
41301000,3738,3454,197,518,-226,1100000,1100000,1100000,1100000,1499000,1497000,998000,1499000,1998000,998000,0,0,0,0,0,0
41401000,3897,2576,-1206,-640,-470,1100000,1100000,1100000,1100000,1499000,1496000,998000,1499000,1999000,997000,0,0,0,0,0,0
41501000,5007,2090,-474,-335,-348,1100000,1100000,1100000,1100000,1499000,1496000,997000,1499000,1998000,998000,0,0,0,0,0,0
41601000,4900,2960,197,274,-592,1100000,1100000,1100000,1100000,1498000,1497000,998000,1498000,1998000,998000,0,0,0,0,0,0
41701000,3328,3903,258,-152,-409,1100000,1100000,1100000,1100000,1499000,1497000,997000,1499000,1998000,998000,0,0,0,0,0,0
41801000,2034,2916,135,-91,-226,1100000,1100000,1100000,1100000,1499000,1497000,998000,1499000,1997000,998000,0,0,0,0,0,0
41901000,976,2044,-535,-579,566,1100000,1100000,1100000,1100000,1499000,1497000,998000,1499000,1998000,998000,0,0,0,0,0,0
42001000,2731,2230,13,-152,627,1100000,1100000,1100000,1100000,1499000,1496000,998000,1499000,1997000,998000,0,0,0,0,0,0
42101000,1909,2862,197,152,444,1100000,1100000,1100000,1100000,1499000,1496000,997000,1499000,1998000,998000,0,0,0,0,0,0
42201000,333,3287,197,518,871,1100000,1100000,1100000,1100000,1499000,1497000,998000,1499000,1998000,998000,0,0,0,0,0,0
42301000,376,2744,-474,30,871,1100000,1100000,1100000,1100000,1498000,1496000,998000,1499000,1997000,998000,0,0,0,0,0,0
42401000,1029,1601,-169,396,749,1100000,1100000,1100000,1100000,1499000,1497000,998000,1499000,1997000,999000,0,0,0,0,0,0
42501000,1552,2334,258,579,17,1100000,1100000,1100000,1100000,1499000,1497000,998000,1499000,1998000,998000,0,0,0,0,0,0
42601000,1006,3141,258,152,-104,1100000,1100000,1100000,1100000,1498000,1497000,997000,1499000,1997000,998000,0,0,0,0,0,0
42701000,251,2487,13,-152,-287,1100000,1100000,1100000,1100000,1499000,1497000,998000,1499000,1997000,999000,0,0,0,0,0,0
42801000,436,1694,-352,-213,78,1100000,1100000,1100000,1100000,1499000,1497000,998000,1499000,1998000,1000000,0,0,0,0,0,0
42901000,1585,1832,-47,-274,-409,1100000,1100000,1100000,1100000,1499000,1496000,999000,1498000,1997000,998000,0,0,0,0,0,0
43001000,3237,1506,74,30,-715,1100000,1100000,1100000,1100000,1499000,1497000,997000,1499000,1997000,998000,0,0,0,0,0,0
43101000,3850,2207,-230,91,-592,1100000,1100000,1100000,1100000,1498000,1497000,998000,1498000,1998000,998000,0,0,0,0,0,0
43201000,2299,3400,-169,30,17,1100000,1100000,1100000,1100000,1499000,1496000,999000,1498000,1997000,998000,0,0,0,0,0,0
43301000,1851,2792,-47,457,78,1100000,1100000,1100000,1100000,1499000,1497000,998000,1499000,1997000,999000,0,0,0,0,0,0
43401000,2374,2102,-230,-213,322,1100000,1100000,1100000,1100000,1499000,1497000,998000,1499000,1998000,998000,0,0,0,0,0,0
43501000,3228,1876,-108,335,261,1100000,1100000,1100000,1100000,1500000,1496000,997000,1499000,1998000,997000,0,0,0,0,0,0
43601000,5434,2364,-230,152,444,1100000,1100000,1100000,1100000,1498000,1497000,998000,1499000,1998000,998000,0,0,0,0,0,0
43701000,6620,2478,-291,30,688,1100000,1100000,1100000,1100000,1499000,1497000,998000,1499000,1998000,998000,0,0,0,0,0,0
43801000,7665,2977,74,-396,505,1100000,1100000,1100000,1100000,1500000,1497000,997000,1500000,1997000,998000,0,0,0,0,0,0
43901000,7721,3356,624,-335,383,1100000,1100000,1100000,1100000,1499000,1497000,998000,1499000,1998000,998000,0,0,0,0,0,0
44001000,6985,3552,1356,396,17,1100000,1100000,1100000,1100000,1499000,1497000,998000,1499000,1998000,998000,0,0,0,0,0,0
44101000,5895,3936,135,-518,-43,1100000,1100000,1100000,1100000,1499000,1497000,998000,1499000,1998000,997000,0,0,0,0,0,0
44201000,5954,4336,-47,-30,139,1100000,1100000,1100000,1100000,1499000,1497000,998000,1499000,1998000,998000,0,0,0,0,0,0
44301000,5866,2885,-1023,-335,78,1100000,1100000,1100000,1100000,1499000,1497000,998000,1499000,1998000,998000,0,0,0,0,0,0
44401000,7049,2833,-596,-274,-470,1100000,1100000,1100000,1100000,1500000,1497000,998000,1499000,1998000,998000,0,0,0,0,0,0
44501000,7762,3449,685,946,-715,1100000,1100000,1100000,1100000,1499000,1497000,998000,1499000,1998000,998000,0,0,0,0,0,0
44601000,7382,3405,74,-274,-470,1100000,1100000,1100000,1100000,1498000,1497000,998000,1498000,1999000,997000,0,0,0,0,0,0
44701000,4966,3341,-230,-91,200,1100000,1100000,1100000,1100000,1499000,1496000,999000,1499000,1998000,998000,0,0,0,0,0,0
44801000,3557,3275,-291,-579,139,1100000,1100000,1100000,1100000,1499000,1498000,997000,1499000,1998000,998000,0,0,0,0,0,0
44901000,3785,3167,-108,-457,-165,1100000,1100000,1100000,1100000,1499000,1496000,999000,1498000,1997000,998000,0,0,0,0,0,0
45001000,5199,2632,258,-335,261,1100000,1100000,1100000,1100000,1499000,1497000,997000,1499000,1997000,997000,0,0,0,0,0,0
45101000,4579,2893,135,-91,505,1100000,1100000,1100000,1100000,1499000,1497000,998000,1498000,1998000,998000,0,0,0,0,0,0
45201000,2347,3946,258,-274,322,1100000,1100000,1100000,1100000,1499000,1496000,999000,1498000,1998000,997000,0,0,0,0,0,0
45301000,630,3929,-291,-213,566,1100000,1100000,1100000,1100000,1499000,1497000,998000,1499000,1998000,998000,0,0,0,0,0,0
45401000,-53,2667,380,396,17,1100000,1100000,1100000,1100000,1499000,1497000,997000,1499000,1998000,998000,0,0,0,0,0,0
45501000,728,2053,502,274,-226,1100000,1100000,1100000,1100000,1500000,1497000,997000,1499000,1997000,998000,0,0,0,0,0,0
45601000,613,2549,74,640,78,1100000,1100000,1100000,1100000,1499000,1497000,998000,1499000,1997000,997000,0,0,0,0,0,0
45701000,294,3280,-901,-762,-104,1100000,1100000,1100000,1100000,1498000,1497000,998000,1499000,1998000,998000,0,0,0,0,0,0
45801000,-276,3474,-230,-274,-226,1100000,1100000,1100000,1100000,1500000,1496000,998000,1500000,1998000,997000,0,0,0,0,0,0
45901000,-590,1921,502,702,-165,1100000,1100000,1100000,1100000,1499000,1497000,998000,1499000,1998000,998000,0,0,0,0,0,0
46001000,-46,1022,-47,-213,-470,1100000,1100000,1100000,1100000,1498000,1497000,998000,1499000,1998000,998000,0,0,0,0,0,0
46101000,1485,1412,-474,-91,139,1100000,1100000,1100000,1100000,1499000,1496000,999000,1499000,1997000,999000,0,0,0,0,0,0
46201000,3319,1563,-108,-91,-104,1100000,1100000,1100000,1100000,1499000,1497000,998000,1499000,1998000,998000,0,0,0,0,0,0
46301000,4673,1100,197,-91,-348,1100000,1100000,1100000,1100000,1499000,1497000,997000,1499000,1998000,998000,0,0,0,0,0,0
46401000,5616,1348,563,-213,688,1100000,1100000,1100000,1100000,1499000,1497000,997000,1500000,1997000,999000,0,0,0,0,0,0
46501000,6451,1538,135,-640,200,1100000,1100000,1100000,1100000,1499000,1497000,998000,1499000,1998000,998000,0,0,0,0,0,0
46601000,7918,1088,-596,-945,566,1100000,1100000,1100000,1100000,1499000,1496000,999000,1498000,1997000,999000,0,0,0,0,0,0
46701000,8166,1131,-47,-579,-226,1100000,1100000,1100000,1100000,1499000,1497000,997000,1499000,1997000,997000,0,0,0,0,0,0
46801000,8908,2009,807,640,-531,1100000,1100000,1100000,1100000,1498000,1497000,998000,1499000,1998000,999000,0,0,0,0,0,0
46901000,9508,1819,441,396,-348,1100000,1100000,1100000,1100000,1499000,1496000,998000,1498000,1997000,998000,0,0,0,0,0,0
47001000,8718,1830,-596,-30,-165,1100000,1100000,1100000,1100000,1499000,1497000,998000,1499000,1997000,998000,0,0,0,0,0,0
47101000,8680,2097,-657,-30,200,1100000,1100000,1100000,1100000,1499000,1497000,999000,1498000,1998000,998000,0,0,0,0,0,0
47201000,7605,1840,197,-30,-409,1100000,1100000,1100000,1100000,1500000,1497000,997000,1500000,1997000,998000,0,0,0,0,0,0
47301000,6650,1780,74,274,-104,1100000,1100000,1100000,1100000,1499000,1497000,998000,1499000,1998000,998000,0,0,0,0,0,0
47401000,5759,2732,-230,91,383,1100000,1100000,1100000,1100000,1499000,1497000,998000,1499000,1998000,997000,0,0,0,0,0,0
47501000,4756,2766,-474,-457,78,1100000,1100000,1100000,1100000,1499000,1497000,997000,1499000,1998000,997000,0,0,0,0,0,0
47601000,3862,2624,319,335,627,1100000,1100000,1100000,1100000,1499000,1497000,998000,1499000,1999000,997000,0,0,0,0,0,0
47701000,3373,3236,197,-274,444,1100000,1100000,1100000,1100000,1499000,1496000,999000,1498000,1997000,998000,0,0,0,0,0,0
47801000,2885,3398,807,213,505,1100000,1100000,1100000,1100000,1499000,1497000,997000,1499000,1997000,997000,0,0,0,0,0,0
47901000,3264,3138,-352,-701,627,1100000,1100000,1100000,1100000,1499000,1497000,998000,1498000,1998000,998000,0,0,0,0,0,0
48001000,2983,2159,502,91,566,1100000,1100000,1100000,1100000,1498000,1497000,997000,1499000,1997000,998000,0,0,0,0,0,0
48101000,3689,2012,319,335,-470,1100000,1100000,1100000,1100000,1499000,1497000,998000,1499000,1998000,998000,0,0,0,0,0,0
48201000,4389,2406,135,213,-226,1100000,1100000,1100000,1100000,1499000,1498000,997000,1499000,1998000,998000,0,0,0,0,0,0
48301000,4363,2425,-108,274,-287,1100000,1100000,1100000,1100000,1500000,1497000,997000,1500000,1997000,998000,0,0,0,0,0,0
48401000,3904,2995,-779,-579,-348,1100000,1100000,1100000,1100000,1499000,1497000,998000,1499000,1998000,998000,0,0,0,0,0,0
48501000,1765,3788,563,30,-470,1100000,1100000,1100000,1100000,1499000,1497000,998000,1499000,1998000,999000,0,0,0,0,0,0
48601000,72,3509,258,-152,-959,1100000,1100000,1100000,1100000,1499000,1497000,998000,1499000,1997000,999000,0,0,0,0,0,0
48701000,-11,2446,135,-274,-226,1100000,1100000,1100000,1100000,1499000,1497000,998000,1498000,1998000,998000,0,0,0,0,0,0
48801000,-583,2294,-352,-396,78,1100000,1100000,1100000,1100000,1498000,1496000,998000,1499000,1997000,998000,0,0,0,0,0,0
48901000,1345,2706,-352,-457,261,1100000,1100000,1100000,1100000,1499000,1497000,998000,1499000,1997000,997000,0,0,0,0,0,0
49001000,2032,2684,380,335,566,1100000,1100000,1100000,1100000,1499000,1497000,998000,1499000,1998000,998000,0,0,0,0,0,0
49101000,2423,2348,-779,-91,383,1100000,1100000,1100000,1100000,1500000,1497000,997000,1499000,1997000,999000,0,0,0,0,0,0
49201000,1820,3221,-413,518,749,1100000,1100000,1100000,1100000,1499000,1497000,998000,1499000,1997000,997000,0,0,0,0,0,0
49301000,1129,3537,-535,335,566,1100000,1100000,1100000,1100000,1499000,1497000,999000,1498000,1999000,997000,0,0,0,0,0,0
49401000,908,3028,-47,396,322,1100000,1100000,1100000,1100000,1500000,1497000,998000,1499000,1997000,999000,0,0,0,0,0,0
49501000,1618,3747,441,824,139,1100000,1100000,1100000,1100000,1499000,1497000,998000,1499000,1998000,998000,0,0,0,0,0,0
49601000,1737,3695,135,-152,-165,1100000,1100000,1100000,1100000,1499000,1497000,997000,1499000,1998000,997000,0,0,0,0,0,0
49701000,2036,3456,-47,213,-287,1100000,1100000,1100000,1100000,1499000,1496000,998000,1499000,1998000,997000,0,0,0,0,0,0
49801000,2106,4271,-596,-213,-287,1100000,1100000,1100000,1100000,1499000,1497000,997000,1499000,1999000,997000,0,0,0,0,0,0
49901000,2369,3677,-657,-396,-165,1100000,1100000,1100000,1100000,1498000,1496000,997000,1499000,1997000,998000,0,0,0,0,0,0
50001000,2627,3778,197,213,-592,1100000,1100000,1100000,1100000,1499000,1497000,998000,1498000,1997000,998000,0,0,0,0,0,0
50101000,2954,3636,258,30,139,1100000,1100000,1100000,1100000,1499000,1497000,998000,1499000,1998000,998000,0,0,0,0,0,0
50201000,2864,4446,-169,-518,505,1100000,1100000,1100000,1100000,1500000,1496000,998000,1500000,1997000,998000,0,0,0,0,0,0
50301000,3870,4239,13,-640,444,1100000,1100000,1100000,1100000,1499000,1497000,998000,1499000,1998000,998000,0,0,0,0,0,0
50401000,3656,3530,624,152,444,1100000,1100000,1100000,1100000,1498000,1496000,998000,1499000,1999000,997000,0,0,0,0,0,0
50501000,4434,4013,685,274,17,1100000,1100000,1100000,1100000,1499000,1496000,999000,1499000,1997000,999000,0,0,0,0,0,0
50601000,5448,3734,13,-152,322,1100000,1100000,1100000,1100000,1499000,1497000,998000,1499000,1998000,998000,0,0,0,0,0,0
50701000,5867,3813,-535,-91,-104,1100000,1100000,1100000,1100000,1498000,1497000,997000,1499000,1997000,998000,0,0,0,0,0,0
50801000,6886,3959,-108,91,-104,1100000,1100000,1100000,1100000,1499000,1497000,998000,1499000,1998000,997000,0,0,0,0,0,0
50901000,7905,3527,-718,30,-409,1100000,1100000,1100000,1100000,1498000,1497000,998000,1499000,1998000,998000,0,0,0,0,0,0
51001000,8084,3244,-718,213,-287,1100000,1100000,1100000,1100000,1500000,1496000,999000,1499000,1997000,999000,0,0,0,0,0,0
51101000,8237,3287,-291,274,200,1100000,1100000,1100000,1100000,1498000,1497000,998000,1499000,1998000,998000,0,0,0,0,0,0
51201000,8587,2692,135,335,-104,1100000,1100000,1100000,1100000,1499000,1498000,997000,1499000,1998000,998000,0,0,0,0,0,0
51301000,7333,2453,-108,457,871,1100000,1100000,1100000,1100000,1499000,1496000,999000,1499000,1997000,999000,0,0,0,0,0,0
51401000,7248,2979,-352,-274,383,1100000,1100000,1100000,1100000,1499000,1497000,998000,1499000,1998000,998000,0,0,0,0,0,0
51501000,6875,2467,685,274,749,1100000,1100000,1100000,1100000,1499000,1496000,998000,1499000,1997000,998000,0,0,0,0,0,0
51601000,5628,2160,-108,-213,810,1100000,1100000,1100000,1100000,1499000,1497000,998000,1499000,1998000,997000,0,0,0,0,0,0
51701000,5078,3193,-535,-457,78,1100000,1100000,1100000,1100000,1499000,1497000,998000,1499000,1998000,998000,0,0,0,0,0,0
51801000,4738,2800,685,396,-104,1100000,1100000,1100000,1100000,1499000,1497000,998000,1499000,1998000,998000,0,0,0,0,0,0
51901000,4849,3155,-47,30,-776,1100000,1100000,1100000,1100000,1499000,1497000,999000,1498000,1998000,998000,0,0,0,0,0,0
52001000,4669,2687,-352,30,-226,1100000,1100000,1100000,1100000,1498000,1496000,998000,1499000,1999000,997000,0,0,0,0,0,0
52101000,4729,2173,-1084,-945,-470,1100000,1100000,1100000,1100000,1499000,1497000,997000,1499000,1998000,997000,0,0,0,0,0,0
52201000,4898,1893,13,30,-653,1100000,1100000,1100000,1100000,1499000,1497000,998000,1499000,1998000,998000,0,0,0,0,0,0
52301000,5092,2600,502,-152,-226,1100000,1100000,1100000,1100000,1499000,1497000,997000,1499000,1998000,997000,0,0,0,0,0,0
52401000,5683,2225,441,-91,-43,1100000,1100000,1100000,1100000,1499000,1497000,998000,1499000,1998000,998000,0,0,0,0,0,0
52501000,5154,1446,-230,-152,749,1100000,1100000,1100000,1100000,1498000,1498000,997000,1499000,1999000,997000,0,0,0,0,0,0
52601000,5590,1791,-718,-579,383,1100000,1100000,1100000,1100000,1500000,1496000,998000,1500000,1997000,998000,0,0,0,0,0,0
52701000,4755,2161,624,335,566,1100000,1100000,1100000,1100000,1499000,1497000,998000,1499000,1999000,997000,0,0,0,0,0,0
52801000,5533,2443,258,91,383,1100000,1100000,1100000,1100000,1499000,1496000,998000,1499000,1997000,998000,0,0,0,0,0,0
52901000,5763,1882,-413,-152,322,1100000,1100000,1100000,1100000,1499000,1497000,998000,1499000,1997000,998000,0,0,0,0,0,0
53001000,4946,2129,258,396,261,1100000,1100000,1100000,1100000,1499000,1497000,998000,1499000,1998000,998000,0,0,0,0,0,0
53101000,4739,3537,197,396,-409,1100000,1100000,1100000,1100000,1499000,1496000,999000,1499000,1997000,998000,0,0,0,0,0,0
53201000,3581,3645,-291,-30,-165,1100000,1100000,1100000,1100000,1499000,1497000,998000,1499000,1998000,998000,0,0,0,0,0,0
53301000,2094,3902,-718,-396,-104,1100000,1100000,1100000,1100000,1498000,1497000,997000,1499000,1998000,998000,0,0,0,0,0,0
53401000,716,4720,-779,-335,-226,1100000,1100000,1100000,1100000,1499000,1496000,998000,1499000,1997000,998000,0,0,0,0,0,0
53501000,184,4869,441,885,-287,1100000,1100000,1100000,1100000,1499000,1497000,998000,1499000,1998000,998000,0,0,0,0,0,0
53601000,-818,3933,74,274,-226,1100000,1100000,1100000,1100000,1499000,1496000,999000,1498000,1997000,999000,0,0,0,0,0,0
53701000,-2017,3718,-596,-152,-226,1100000,1100000,1100000,1100000,1499000,1497000,998000,1499000,1998000,998000,0,0,0,0,0,0
53801000,-1969,4218,-169,-274,-165,1100000,1100000,1100000,1100000,1499000,1497000,998000,1499000,1998000,998000,0,0,0,0,0,0
53901000,-2470,3551,502,30,-104,1100000,1100000,1100000,1100000,1499000,1497000,997000,1500000,1998000,997000,0,0,0,0,0,0
54001000,-2794,2850,746,-152,505,1100000,1100000,1100000,1100000,1499000,1497000,998000,1499000,1998000,998000,0,0,0,0,0,0
54101000,-2779,2846,-840,-1251,566,1100000,1100000,1100000,1100000,1498000,1496000,998000,1499000,1998000,997000,0,0,0,0,0,0
54201000,-1069,1916,-413,-884,627,1100000,1100000,1100000,1100000,1499000,1497000,998000,1499000,1998000,997000,0,0,0,0,0,0
54301000,256,1382,807,-30,-104,1100000,1100000,1100000,1100000,1498000,1497000,997000,1499000,1998000,998000,0,0,0,0,0,0
54401000,2379,1746,563,30,-531,1100000,1100000,1100000,1100000,1500000,1497000,997000,1500000,1997000,998000,0,0,0,0,0,0
54501000,4021,2169,-169,152,383,1100000,1100000,1100000,1100000,1498000,1498000,997000,1499000,1998000,998000,0,0,0,0,0,0
54601000,2932,2799,-1084,-396,-348,1100000,1100000,1100000,1100000,1499000,1497000,997000,1499000,1997000,998000,0,0,0,0,0,0
54701000,1946,3330,197,396,-592,1100000,1100000,1100000,1100000,1499000,1497000,998000,1499000,1997000,998000,0,0,0,0,0,0
54801000,1821,2316,563,702,-470,1100000,1100000,1100000,1100000,1499000,1497000,998000,1499000,1998000,998000,0,0,0,0,0,0
54901000,3092,1463,-291,-152,-104,1100000,1100000,1100000,1100000,1499000,1496000,999000,1498000,1999000,997000,0,0,0,0,0,0
55001000,4754,2137,-474,-91,383,1100000,1100000,1100000,1100000,1499000,1497000,997000,1500000,1998000,997000,0,0,0,0,0,0
55101000,5794,2380,-413,91,17,1100000,1100000,1100000,1100000,1499000,1497000,998000,1499000,1998000,998000,0,0,0,0,0,0
55201000,5829,2627,197,30,200,1100000,1100000,1100000,1100000,1499000,1497000,998000,1499000,1999000,997000,0,0,0,0,0,0
55301000,6021,3561,563,213,139,1100000,1100000,1100000,1100000,1499000,1497000,997000,1499000,1997000,998000,0,0,0,0,0,0
55401000,5698,2616,-413,-518,566,1100000,1100000,1100000,1100000,1499000,1496000,998000,1499000,1998000,998000,0,0,0,0,0,0
55501000,5605,3453,-657,-823,627,1100000,1100000,1100000,1100000,1499000,1497000,998000,1499000,1998000,998000,0,0,0,0,0,0
55601000,6649,3447,807,-335,-165,1100000,1100000,1100000,1100000,1499000,1496000,998000,1499000,1998000,999000,0,0,0,0,0,0
55701000,6673,3349,319,-457,-348,1100000,1100000,1100000,1100000,1499000,1496000,998000,1500000,1997000,998000,0,0,0,0,0,0
55801000,7250,4060,135,-335,-226,1100000,1100000,1100000,1100000,1499000,1497000,998000,1499000,1998000,998000,0,0,0,0,0,0
55901000,7514,3351,74,-640,-592,1100000,1100000,1100000,1100000,1499000,1497000,998000,1499000,1998000,998000,0,0,0,0,0,0
56001000,7517,3185,-291,-335,-837,1100000,1100000,1100000,1100000,1499000,1497000,997000,1500000,1997000,999000,0,0,0,0,0,0
56101000,7343,3318,746,213,-837,1100000,1100000,1100000,1100000,1499000,1497000,998000,1499000,1998000,997000,0,0,0,0,0,0
56201000,7306,2413,380,-152,-165,1100000,1100000,1100000,1100000,1498000,1497000,998000,1499000,1998000,998000,0,0,0,0,0,0
56301000,6410,2829,-901,-1006,200,1100000,1100000,1100000,1100000,1499000,1498000,997000,1498000,1997000,999000,0,0,0,0,0,0
56401000,6308,2758,197,-518,383,1100000,1100000,1100000,1100000,1499000,1500000,995000,1499000,1998000,997000,0,0,0,0,0,0
56501000,5836,2709,563,30,-104,1100000,1100000,1100000,1100000,1499000,1502000,993000,1499000,1998000,998000,0,0,0,0,0,0
56601000,4566,3006,-47,-91,200,1100000,1100000,1100000,1100000,1498000,1503000,991000,1499000,1999000,997000,0,0,0,0,0,0
56701000,3849,3184,-718,-335,505,1100000,1100000,1100000,1100000,1499000,1496000,999000,1499000,1998000,997000,0,0,0,0,0,0
56801000,2210,3338,135,30,383,1100000,1100000,1100000,1100000,1499000,1496000,999000,1499000,1998000,998000,0,0,0,0,0,0
56901000,1224,3126,868,213,200,1100000,1100000,1100000,1100000,1499000,1497000,998000,1499000,1999000,997000,0,0,0,0,0,0
57001000,1371,1836,380,396,-43,1100000,1100000,1100000,1100000,1500000,1496000,998000,1499000,1998000,997000,0,0,0,0,0,0
57101000,3091,1946,258,213,17,1100000,1100000,1100000,1100000,1499000,1496000,999000,1499000,1997000,998000,0,0,0,0,0,0
57201000,4889,2055,-413,30,-287,1100000,1100000,1100000,1100000,1499000,1497000,998000,1499000,1999000,997000,0,0,0,0,0,0
57301000,5808,1604,-47,213,-409,1100000,1100000,1100000,1100000,1499000,1496000,998000,1499000,1998000,997000,0,0,0,0,0,0
57401000,5155,2561,-47,213,17,1100000,1100000,1100000,1100000,1499000,1496000,999000,1499000,1997000,999000,0,0,0,0,0,0
57501000,4565,3567,-169,-213,-287,1100000,1100000,1100000,1100000,1498000,1497000,999000,1498000,1998000,998000,0,0,0,0,0,0
57601000,3159,2955,-108,-335,78,1100000,1100000,1100000,1100000,1499000,1496000,998000,1499000,1998000,999000,0,0,0,0,0,0
57701000,3528,2938,13,-30,17,1100000,1100000,1100000,1100000,1500000,1496000,998000,1500000,1997000,999000,0,0,0,0,0,0
57801000,4278,2076,319,-274,17,1100000,1100000,1100000,1100000,1499000,1496000,999000,1499000,1998000,998000,0,0,0,0,0,0
57901000,5322,1841,319,-213,139,1100000,1100000,1100000,1100000,1499000,1497000,999000,1498000,1998000,998000,0,0,0,0,0,0
58001000,7210,2650,-169,-640,688,1100000,1100000,1100000,1100000,1500000,1496000,998000,1499000,1998000,997000,0,0,0,0,0,0
58101000,7819,2864,502,-518,444,1100000,1100000,1100000,1100000,1499000,1496000,999000,1499000,1997000,997000,0,0,0,0,0,0
58201000,7979,2450,441,-30,322,1100000,1100000,1100000,1100000,1498000,1497000,999000,1498000,1999000,997000,0,0,0,0,0,0
58301000,8312,3486,-352,-91,200,1100000,1100000,1100000,1100000,1498000,1496000,999000,1498000,1997000,998000,0,0,0,0,0,0
58401000,8553,3878,13,30,78,1100000,1100000,1100000,1100000,1499000,1496000,998000,1499000,1997000,998000,0,0,0,0,0,0
58501000,9064,3381,74,335,-348,1100000,1100000,1100000,1100000,1499000,1497000,998000,1499000,1998000,998000,0,0,0,0,0,0
58601000,8468,2744,135,457,-165,1100000,1100000,1100000,1100000,1499000,1496000,998000,1499000,1998000,998000,0,0,0,0,0,0
58701000,8738,2814,-718,-213,-226,1100000,1100000,1100000,1100000,1499000,1496000,998000,1500000,1997000,999000,0,0,0,0,0,0
58801000,8794,2989,-108,30,-531,1100000,1100000,1100000,1100000,1499000,1496000,999000,1499000,1998000,998000,0,0,0,0,0,0
58901000,8923,2395,563,91,-43,1100000,1100000,1100000,1100000,1499000,1497000,998000,1499000,1998000,998000,0,0,0,0,0,0
59001000,8798,1859,135,-274,-165,1100000,1100000,1100000,1100000,1500000,1496000,998000,1500000,1997000,999000,0,0,0,0,0,0
59101000,8833,1407,-413,-1006,261,1100000,1100000,1100000,1100000,1499000,1496000,999000,1499000,1998000,998000,0,0,0,0,0,0
59201000,9224,2548,-47,-396,261,1100000,1100000,1100000,1100000,1499000,1497000,998000,1499000,1998000,999000,0,0,0,0,0,0
59301000,9633,2670,13,-579,78,1100000,1100000,1100000,1100000,1499000,1496000,998000,1499000,1997000,998000,0,0,0,0,0,0
59401000,10107,1729,807,274,78,1100000,1100000,1100000,1100000,1499000,1496000,998000,1499000,1997000,998000,0,0,0,0,0,0
59501000,8847,1544,624,91,-104,1100000,1100000,1100000,1100000,1499000,1497000,998000,1499000,1998000,998000,0,0,0,0,0,0
59601000,7394,2525,-230,-152,78,1100000,1100000,1100000,1100000,1498000,1496000,998000,1499000,1997000,998000,0,0,0,0,0,0
59701000,7322,2041,-291,91,-43,1100000,1100000,1100000,1100000,1499000,1496000,998000,1499000,1998000,997000,0,0,0,0,0,0
59801000,5661,1997,-535,-335,-348,1100000,1100000,1100000,1100000,1498000,1497000,999000,1498000,1998000,999000,0,0,0,0,0,0
59901000,4340,2249,13,-152,-531,1100000,1100000,1100000,1100000,1498000,1496000,998000,1499000,1998000,998000,0,0,0,0,0,0
60001000,3808,2083,-169,-30,-531,1100000,1100000,1100000,1100000,1499000,1496000,999000,1499000,1997000,999000,0,0,0,0,0,0
60101000,3019,1393,-718,-518,-287,1100000,1100000,1100000,1100000,1499000,1496000,999000,1499000,1998000,997000,0,0,0,0,0,0
60201000,2126,2351,197,396,-43,1100000,1100000,1100000,1100000,1499000,1497000,999000,1498000,1998000,998000,0,0,0,0,0,0
60301000,1925,3871,135,-152,200,1100000,1100000,1100000,1100000,1500000,1496000,998000,1500000,1997000,997000,0,0,0,0,0,0
60401000,2498,4238,74,-213,261,1100000,1100000,1100000,1100000,1499000,1496000,999000,1499000,1998000,998000,0,0,0,0,0,0
60501000,3722,3573,380,152,810,1100000,1100000,1100000,1100000,1499000,1497000,998000,1499000,1998000,999000,0,0,0,0,0,0
60601000,4575,3159,-169,-396,810,1100000,1100000,1100000,1100000,1499000,1496000,999000,1498000,1997000,998000,0,0,0,0,0,0
60701000,4521,3002,-108,-213,-43,1100000,1100000,1100000,1100000,1499000,1496000,999000,1499000,1997000,997000,0,0,0,0,0,0
60801000,3788,2818,441,396,-165,1100000,1100000,1100000,1100000,1498000,1497000,998000,1498000,1998000,998000,0,0,0,0,0,0
60901000,2798,2104,-47,-91,-653,1100000,1100000,1100000,1100000,1499000,1496000,998000,1499000,1997000,998000,0,0,0,0,0,0
61001000,2073,2130,-474,-396,-470,1100000,1100000,1100000,1100000,1499000,1496000,998000,1499000,1997000,998000,0,0,0,0,0,0
61101000,2495,2665,-718,-640,-409,1100000,1100000,1100000,1100000,1499000,1497000,998000,1499000,1999000,997000,0,0,0,0,0,0
61201000,3909,2542,380,274,-531,1100000,1100000,1100000,1100000,1499000,1496000,998000,1499000,1997000,999000,0,0,0,0,0,0
61301000,5215,2177,197,-91,-287,1100000,1100000,1100000,1100000,1499000,1496000,998000,1500000,1997000,999000,0,0,0,0,0,0
61401000,6130,1499,258,274,322,1100000,1100000,1100000,1100000,1499000,1497000,999000,1498000,1998000,998000,0,0,0,0,0,0
61501000,7260,1399,-596,-701,627,1100000,1100000,1100000,1100000,1499000,1496000,999000,1498000,1999000,997000,0,0,0,0,0,0
61601000,7903,2460,-596,-457,444,1100000,1100000,1100000,1100000,1500000,1496000,998000,1500000,1997000,998000,0,0,0,0,0,0
61701000,7916,3559,258,-274,261,1100000,1100000,1100000,1100000,1499000,1496000,999000,1499000,1998000,998000,0,0,0,0,0,0
61801000,7512,3704,502,-91,322,1100000,1100000,1100000,1100000,1499000,1497000,998000,1499000,1998000,999000,0,0,0,0,0,0
61901000,7036,3948,441,-91,-226,1100000,1100000,1100000,1100000,1499000,1496000,998000,1500000,1997000,998000,0,0,0,0,0,0
62001000,6268,4267,74,91,17,1100000,1100000,1100000,1100000,1499000,1496000,999000,1499000,1998000,998000,0,0,0,0,0,0
62101000,6577,5088,-1023,-579,-348,1100000,1100000,1100000,1100000,1498000,1497000,999000,1498000,1998000,997000,0,0,0,0,0,0
62201000,5774,4694,-230,152,-165,1100000,1100000,1100000,1100000,1499000,1496000,999000,1498000,1998000,998000,0,0,0,0,0,0
62301000,5315,4114,74,213,-409,1100000,1100000,1100000,1100000,1499000,1496000,999000,1499000,1998000,997000,0,0,0,0,0,0
62401000,5228,4461,-108,274,-226,1100000,1100000,1100000,1100000,1499000,1497000,998000,1499000,,,,,,,,
