8329	-7.83
8349	-9.00
8370	-9.99
8390	-10<0xfd>0	0.00
19	0.00
39	0.00
60	0.00
80	0.00
101	0.00
121	0.00
142	0.00
162	0.00
183	0.00
203	0.00
224	0.09
244	0.09
265	0.09
285	0.09
306	0.09
326	0.09
347	0.09
367	0.09
388	0.09
408	0.09
429	0.09
449	0.18
470	0.18
490	0.18
510	0.18
531	0.18
551	0.18
572	0.18
592	0.18
613	0.18
633	0.18
654	0.18
674	0.18
695	0.18
715	0.18
736	0.18
756	0.18
777	0.18
797	0.18
818	0.18
838	0.18
859	0.18
879	0.18
900	0.27
920	0.27
941	0.27
961	0.27
982	0.36
1002	0.36
1022	0.36
1043	0.45
1063	0.45
1084	0.45
1105	0.54
1126	0.54
1146	0.63
1167	0.72
1187	0.72
1208	0.81
1228	0.81
1249	0.90
1269	0.99
1290	0.99
1310	1.08
1331	1.08
1351	1.17
1372	1.17
1392	1.26
1413	1.26
1433	1.26
1455	1.35
1475	1.35
1496	1.35
1516	1.35
1537	1.35
1557	1.35
1577	1.35
1598	1.35
1618	1.35
1639	1.35
1659	1.35
1680	1.35
1700	1.35
1721	1.26
1741	1.26
1762	1.26
1783	1.26
1804	1.26
1824	1.26
1845	1.26
1865	1.26
1886	1.26
1906	1.26
1927	1.26
1947	1.26
1968	1.26
1988	1.26
2009	1.26
2029	1.26
2050	1.26
2070	1.26
2091	1.26
2112	1.26
2132	1.26
2153	1.35
2173	1.35
2194	1.35
2214	1.35
2235	1.35
2255	1.35
2276	1.35
2296	1.35
2317	1.35
2337	1.35
2358	1.35
2378	1.35
2399	1.35
2419	1.35
2440	1.35
2461	1.35
2482	1.35
2502	1.35
2523	1.35
2543	1.35
2564	1.35
2584	1.35
2605	1.35
2625	1.35
2646	1.35
2666	1.35
2686	1.35
2707	1.35
2727	1.35
2748	1.35
2768	1.35
2790	1.35
2810	1.35
2831	1.35
2851	1.35
2872	1.35
2892	1.35
2913	1.35
2933	1.35
2954	1.35
2974	1.35
2995	1.35
3015	1.35
3036	1.35
3056	1.35
3077	1.35
3097	1.35
3119	1.35
3139	1.26
3160	1.26
3180	1.26
3201	1.26
3221	1.26
3241	1.26
3262	1.26
3282	1.26
3303	1.44
3323	1.62
3344	1.89
3364	2.25
3385	2.70
3405	3.15
3426	3.69
3447	4.32
3468	4.95
3488	5.58
3509	6.21
3529	6.84
3550	7.38
3570	7.92
3591	8.37
3611	8.73
3632	9.09
3652	9.36
3673	9.45
3693	9.54
3714	9.54
3734	9.45
3755	9.18
3776	8.91
3796	8.64
3817	8.19
3837	7.74
3858	7.20
3878	6.66
3899	6.12
3919	5.58
3940	5.04
3960	4.50
3981	4.05
4001	3.60
4022	3.24
4042	2.88
4063	2.61
4083	2.43
4105	2.34
4125	2.34
4146	2.34
4166	2.52
4187	2.79
4207	3.06
4228	3.42
4248	3.78
4269	4.23
4289	4.68
4310	5.04
4330	5.31
4350	5.49
4371	5.58
4391	5.85
4413	6.12
4433	6.39
4454	6.57
4474	6.75
4495	6.93
4515	7.11
4536	7.38
4556	7.65
4577	8.01
4597	8.28
4618	8.64
4638	9.09
4659	9.45
4679	9.90
4700	10.35
4721	10.80
4742	11.25
4762	11.61
4783	12.06
4803	12.42
4824	12.87
4844	13.41
4865	13.95
4885	14.49
4905	15.12
4927	15.75
4947	16.38
4968	16.92
4988	17.55
5009	18.00
5029	18.45
5050	18.99
5070	19.53
5091	20.07
5112	20.70
5133	21.42
5153	22.05
5174	22.77
5194	23.40
5215	23.94
5235	24.57
5256	25.20
5276	25.83
5297	26.46
5318	27.09
5339	27.54
5359	28.17
5380	28.71
5400	29.52
5421	30.33
5441	31.14
5462	31.95
5483	32.85
5504	33.75
5524	34.65
5544	35.55
5565	36.36
5585	37.26
5606	38.16
5626	38.97
5647	39.78
5668	40.68
5689	41.49
5709	42.39
5730	43.38
5750	44.28
5771	45.27
5791	46.17
5812	46.98
5832	47.79
5854	48.60
5874	49.50
5895	50.22
5915	50.94
5936	51.39
5956	51.75
5977	52.02
5997	52.38
6019	52.74
6039	53.01
6060	53.28
6080	53.46
6100	53.55
6121	53.64
6141	53.82
6162	54.00
6182	54.18
6204	54.18
6224	54.27
6245	54.27
6265	54.27
6286	54.27
6306	54.27
6327	54.18
6347	54.18
6368	54.09
6389	54.00
6410	53.91
6430	53.82
6451	53.73
6471	53.64
6492	53.55
6512	53.46
6533	53.37
6553	53.37
6575	53.28
6595	53.19
6616	53.19
6636	53.19
6657	53.10
6677	53.10
6697	53.10
6718	53.01
6738	53.01
6760	52.92
6780	52.92
6801	52.92
6821	52.92
6842	52.83
6862	52.83
6883	52.74
6903	52.74
6924	52.65
6945	52.65
6966	52.65
6986	52.65
7007	52.65
7027	52.56
7048	52.56
7068	52.56
7089	52.56
7109	52.56
7131	52.47
7151	52.47
7172	52.38
7192	52.29
7213	52.20
7233	52.11
7254	52.11
7274	52.02
7294	51.93
7316	51.93
7336	51.84
7357	51.84
7377	51.75
7398	51.75
7418	51.75
7439	51.75
7459	51.75
7480	51.66
7501	51.66
7522	51.66
7542	51.66
7563	51.66
7583	51.66
7604	51.66
7624	51.66
7645	51.66
7665	51.66
7687	51.66
7707	51.66
7728	51.66
7748	51.66
7769	51.66
7789	51.66
7810	51.66
7830	51.66
7851	51.66
7872	51.66
7892	51.66
7913	51.66
7933	51.66
7954	51.66
7974	51.66
7995	51.66
8015	51.66
8036	51.66
8057	51.66
8078	51.66
8098	51.66
8119	51.75
8139	51.75
8160	51.84
8180	51.84
8201	51.93
8221	51.93
8243	51.93
8263	51.93
8284	51.93
8304	51.93
8325	51.84
8345	51.84
8366	51.75
8386	51.66
8407	51.57
8428	51.48
8449	51.30
8469	51.12
8489	51.03
8510	50.85
8530	50.58
8551	50.31
8571	50.04
8592	49.68
8613	49.32
8634	48.96
8654	48.51
8675	48.06
8695	47.70
8716	47.34
8736	46.89
8757	46.26
8777	45.63
8799	45.00
8819	44.37
8840	43.74
8860	43.20
8881	42.57
8901	42.03
8922	41.40
8942	40.68
8963	39.87
8984	38.97
9005	38.16
9025	37.35
9046	36.54
9066	35.64
9086	34.56
9107	33.39
9127	31.95
9148	30.42
9169	28.89
9190	27.18
9210	25.47
9231	23.58
9251	21.60
9272	19.44
9292	17.19
9313	14.94
9334	12.69
9355	10.53
9375	8.28
9396	6.30
9416	4.86
9437	3.87
9457	3.06
9478	2.43
9498	2.07
9519	1.98
9539	2.07
9560	2.34
9581	2.70
9602	2.97
9622	3.33
9643	3.60
9663	3.78
9683	4.05
9704	4.32
9724	4.50
9745	4.68
9765	4.86
9786	4.95
9806	5.04
9827	5.13
9847	5.31
9868	5.49
9889	5.67
9910	6.03
9930	6.39
9951	6.84
9971	7.29
9992	7.74
10012	8.19
10033	8.73
10053	9.18
10074	9.63
10094	10.08
10115	10.44
10136	10.80
10157	11.07
10177	11.25
10198	11.43
10218	11.52
10238	11.52
10259	11.43
10280	11.34
10301	11.16
10321	10.98
10342	10.89
10362	10.89
10383	10.89
10404	11.07
10425	11.43
10445	12.06
10466	13.05
10486	14.22
10507	15.48
10527	16.83
10549	18.27
10569	19.89
10590	21.60
10610	23.40
10631	25.20
10651	26.82
10673	28.17
10693	29.34
10714	29.97
10734	30.15
10755	29.88
10775	29.16
10797	28.17
10817	26.64
10838	24.84
10858	22.50
10878	19.89
10899	17.10
10920	14.04
10941	10.89
10961	7.83
10982	4.77
11002	1.80
11023	-0.90
11044	-3.42
11065	-5.67
11085	-7.56
11106	-9.09
11126	-10.17
11147	-10.80
11167	-10.98
11188	-10.71
11209	-9.99
11230	-8.91
11250	-7.38
11271	-5.49
11291	-3.24
11312	-0.72
11332	1.98
11353	4.86
11374	7.74
11395	10.71
11415	13.68
11436	16.47
11456	19.08
11476	21.51
11498	23.58
11518	25.38
11539	26.73
11559	27.72
11580	28.35
11600	28.53
11622	28.26
11642	27.54
11663	26.46
11683	24.93
11704	23.13
11724	20.97
11746	18.63
11766	16.02
11787	13.32
11807	10.53
11828	7.74
11848	4.95
11869	2.34
11890	-0.18
11911	-2.43
11931	-4.41
11952	-6.03
11972	-7.38
11993	-8.28
12013	-8.82
12034	-8.91
12054	-8.64
12076	-8.01
12096	-6.93
12116	-5.49
12137	-3.69
12157	-1.71
12178	0.63
12198	3.06
12219	5.67
12240	8.28
12261	10.98
12281	13.59
12302	16.11
12322	18.45
12343	20.61
12363	22.41
12385	24.03
12405	25.20
12426	26.10
12446	26.55
12467	26.64
12487	26.28
12509	25.65
12529	24.57
12550	23.13
12570	21.51
12591	19.53
12611	17.28
12633	14.94
12653	12.51
12674	9.90
12694	7.38
12715	4.95
12735	2.52
12755	0.36
12777	-1.71
12797	-3.42
12818	-4.86
12838	-5.94
12859	-6.75
12879	-7.11
12900	-7.20
12920	-6.84
12941	-6.12
12962	-5.13
12983	-3.69
13003	-2.07
13024	-0.18
13044	1.89
13065	4.14
13085	6.48
13106	8.91
13126	11.34
13148	13.68
13168	15.93
13189	18.00
13209	19.89
13230	21.51
13250	22.86
13272	23.85
13292	24.48
13313	24.84
13333	24.84
13353	24.48
13374	23.76
13395	22.68
13416	21.42
13436	19.80
13457	17.91
13477	15.93
13498	13.77
13519	11.52
13540	9.18
13560	6.93
13581	4.77
13601	2.61
13622	0.72
13642	-0.99
13663	-2.52
13684	-3.69
13705	-4.68
13725	-5.22
13746	-5.49
13766	-5.40
13787	-5.04
13807	-4.32
13828	-3.24
13848	-1.98
13870	-0.45
13890	1.35
13911	3.24
13931	5.31
13952	7.47
13972	9.63
13992	11.79
14013	13.86
14034	15.84
14055	17.64
14075	19.26
14096	20.61
14116	21.69
14137	22.50
14157	23.04
14179	23.22
14199	23.13
14220	22.68
14240	21.96
14261	20.97
14281	19.62
14303	18.18
14323	16.47
14344	14.58
14364	12.60
14385	10.53
14405	8.55
14427	6.48
14447	4.50
14468	2.70
14488	1.08
14509	-0.45
14529	-1.71
14550	-2.70
14570	-3.42
14590	-3.78
14612	-3.96
14632	-3.78
14653	-3.33
14673	-2.52
14694	-1.53
14714	-0.27
14735	1.17
14755	2.79
14776	4.59
14797	6.48
14818	8.37
14838	10.26
14859	12.24
14879	14.04
14900	15.75
14920	17.28
14942	18.63
14962	19.80
14983	20.70
15003	21.33
15024	21.60
15044	21.69
15066	21.51
15086	20.97
15107	20.25
15127	19.17
15148	18.00
15168	16.56
15188	14.94
15210	13.23
15230	11.52
15251	9.63
15271	7.83
15292	6.03
15312	4.32
15333	2.79
15354	1.35
15375	0.09
15395	-0.90
15416	-1.71
15436	-2.16
15457	-2.43
15477	-2.43
15498	-2.16
15518	-1.62
15540	-0.90
15560	0.09
15581	1.35
15601	2.70
15622	4.23
15642	5.85
15663	7.56
15683	9.27
15705	10.98
15725	12.60
15746	14.22
15766	15.66
15787	16.92
15807	18.09
15827	18.99
15849	19.62
15869	20.07
15890	20.25
15910	20.25
15931	19.89
15951	19.35
15973	18.54
15993	17.55
16014	16.38
16034	15.03
16055	13.59
16075	12.06
16096	10.44
16117	8.82
16138	7.20
16158	5.67
16179	4.23
16199	2.88
16220	1.71
16240	0.72
16261	-0.09
16281	-0.63
16303	-0.99
16323	-1.08
16344	-0.99
16364	-0.63
16385	-0.09
16405	0.72
16425	1.71
16446	2.88
16466	4.14
16487	5.49
16508	7.02
16529	8.46
16549	9.99
16570	11.52
16590	12.96
16611	14.31
16631	15.48
16653	16.56
16673	17.46
16694	18.18
16714	18.63
16735	18.90
16755	18.99
16776	18.81
16797	18.36
16818	17.82
16838	17.01
16859	16.02
16879	14.94
16900	13.68
16921	12.33
16942	10.89
16962	9.45
16983	8.10
17003	6.66
17024	5.40
17044	4.14
17064	3.06
17086	2.07
17106	1.35
17127	0.72
17147	0.36
17168	0.18
17188	0.18
17209	0.36
17229	0.81
17250	1.44
17271	2.25
17292	3.24
17312	4.32
17333	5.49
17353	6.75
17374	8.01
17394	9.36
17415	10.71
17435	11.97
17457	13.23
17477	14.31
17498	15.30
17518	16.20
17539	16.83
17559	17.37
17581	17.64
17601	17.73
17622	17.73
17642	17.37
17662	16.92
17683	16.29
17704	15.48
17725	14.58
17745	13.50
17766	12.33
17786	11.16
17807	9.90
17827	8.64
17849	7.47
17869	6.30
17890	5.13
17910	4.14
17931	3.24
17951	2.52
17972	1.98
17992	1.53
18013	1.35
18034	1.26
18055	1.44
18075	1.71
18096	2.25
18116	2.88
18137	3.69
18157	4.59
18178	5.58
18198	6.66
18219	7.83
18240	9.00
18260	10.17
18281	11.25
18301	12.33
18322	13.32
18342	14.22
18364	15.03
18384	15.66
18405	16.20
18425	16.47
18446	16.65
18466	16.65
18487	16.47
18508	16.11
18529	15.57
18549	14.94
18570	14.13
18590	13.23
18611	12.24
18632	11.25
18653	10.17
18673	9.09
18694	8.01
18714	6.93
18735	5.94
18755	5.04
18776	4.23
18797	3.60
18818	3.06
18838	2.70
18859	2.43
18879	2.34
18899	2.43
18920	2.70
18940	3.06
18961	3.60
18982	4.23
19003	5.04
19023	5.85
19044	6.75
19064	7.74
19085	8.73
19105	9.81
19126	10.80
19147	11.70
19168	12.60
19188	13.41
19209	14.13
19229	14.67
19250	15.12
19270	15.39
19292	15.57
19312	15.66
19333	15.48
19353	15.21
19374	14.76
19394	14.22
19416	13.59
19436	12.87
19457	12.06
19477	11.16
19497	10.17
19518	9.27
19538	8.37
19560	7.47
19580	6.57
19601	5.76
19621	5.13
19642	4.50
19662	4.05
19683	3.69
19703	3.42
19724	3.33
19745	3.33
19766	3.51
19786	3.87
19807	4.32
19827	4.86
19848	5.49
19868	6.21
19889	7.02
19909	7.83
19931	8.73
19951	9.54
19972	10.44
19992	11.25
20013	12.06
20033	12.69
20054	13.32
20075	13.86
20096	14.22
20116	14.58
20136	14.67
20157	14.76
20177	14.67
20198	14.40
20219	14.13
20240	13.68
20260	13.05
20281	12.42
20301	11.79
20322	10.98
20343	10.26
20364	9.45
20384	8.64
20405	7.83
20425	7.11
20446	6.39
20466	5.85
20487	5.31
20508	4.86
20529	4.50
20549	4.32
20570	4.23
20590	4.23
20611	4.41
20631	4.68
20652	4.95
20672	5.49
20694	6.03
20714	6.57
20734	7.29
20755	8.01
20775	8.73
20796	9.45
20816	10.17
20837	10.89
20858	11.52
20879	12.15
20899	12.69
20920	13.14
20940	13.50
20961	13.68
20981	13.86
21003	13.86
21023	13.86
21044	13.68
21064	13.41
21085	12.96
21105	12.51
21127	11.97
21147	11.43
21168	10.80
21188	10.08
21209	9.45
21229	8.73
21250	8.10
21270	7.47
21292	6.84
21312	6.39
21332	5.94
21353	5.58
21373	5.31
21394	5.13
21414	5.04
21435	5.04
21455	5.13
21476	5.31
21497	5.67
21518	6.03
21538	6.48
21559	7.02
21579	7.56
21600	8.10
21620	8.73
21641	9.36
21661	9.99
21683	10.62
21703	11.16
21724	11.70
21744	12.06
21765	12.51
21785	12.78
21807	12.96
21827	13.14
21848	13.14
21868	13.05
21889	12.96
21909	12.69
21929	12.42
21951	11.97
21971	11.52
21992	11.07
22012	10.53
22033	9.99
22053	9.36
22074	8.82
22095	8.28
22116	7.74
22136	7.29
22157	6.84
22177	6.48
22198	6.21
22218	6.03
22239	5.85
22259	5.76
22281	5.85
22301	5.94
22322	6.12
22342	6.39
22363	6.75
22383	7.11
22404	7.56
22424	8.01
22445	8.46
22465	9.00
22487	9.54
22507	10.08
22528	10.53
22548	10.98
22568	11.34
22589	11.70
22609	12.06
22631	12.24
22651	12.42
22672	12.51
22692	12.51
22713	12.42
22733	12.33
22755	12.06
22775	11.79
22796	11.52
22816	11.16
22837	10.71
22857	10.26
22879	9.81
22899	9.36
22920	8.91
22940	8.46
22961	8.01
22981	7.65
23002	7.29
23022	7.02
23043	6.75
23063	6.57
23085	6.48
23105	6.48
23126	6.48
23146	6.57
23166	6.75
23187	6.93
23207	7.20
23228	7.56
23248	7.92
23270	8.28
23290	8.64
23311	9.09
23331	9.54
23352	9.90
23372	10.26
23393	10.62
23413	10.98
23435	11.25
23455	11.43
23476	11.61
23496	11.79
23517	11.79
23537	11.79
23558	11.79
23579	11.61
23600	11.43
23620	11.25
23641	10.98
23661	10.62
23682	10.35
23702	9.99
23724	9.63
23744	9.27
23764	8.91
23785	8.55
23805	8.19
23826	7.92
23846	7.65
23867	7.47
23887	7.29
23909	7.11
23929	7.11
23950	7.02
23970	7.11
23991	7.20
24011	7.29
24032	7.47
24052	7.74
24073	8.01
24093	8.28
24115	8.55
24135	8.91
24156	9.18
24176	9.54
24197	9.81
24217	10.17
24238	10.44
24258	10.62
24280	10.89
24300	10.98
24321	11.16
24341	11.25
24361	11.25
24382	11.25
24403	11.16
24424	11.07
24444	10.89
24465	10.71
24485	10.53
24506	10.26
24526	10.08

