time_ms,imu_roll,imu_pitch,ax,ay,az,gx,gy,gz,Setpoint_rollRate,set_pitchRate,Setpoint_yawRate,Setpoint_roll,Setpoint_pitch,radio_3,height,heightRate,Setpoint_heightRate,height_PID_output
50000,-43,37,8,-6,1003,-40,64,94,-213,-246,240,-80,-80,0,144,663,-1600,0
101000,-78,47,4,-2,998,-40,3,33,-9,-420,240,-80,-119,0,161,680,-1600,0
150000,-83,53,6,8,985,-40,-57,33,23,-153,119,-80,-80,0,114,343,-1600,0
201000,-78,51,-5,5,1003,81,3,33,-10,-167,119,-80,-80,0,123,284,-1600,0
250000,-66,50,3,-2,1000,20,-57,-27,156,-401,240,-39,-119,0,89,20,-1600,0
301000,-54,46,-9,4,1000,-40,64,-27,-147,-429,240,-80,-119,0,132,164,-1600,0
350000,-45,47,7,-4,996,-40,64,94,33,-422,240,-39,-119,0,68,-131,-1600,0
401000,-32,42,4,-4,1002,-101,-57,94,-276,-217,119,-80,-80,0,126,100,-1600,0
450000,-25,37,5,-2,998,-101,3,33,-317,-244,119,-80,-80,0,104,-21,-1600,0
501000,-19,27,-1,2,1000,20,64,33,-353,-73,240,-80,-39,0,107,-18,-1600,0
550000,-20,24,-1,-7,999,-101,3,33,-579,-91,240,-119,-39,0,106,-50,-1600,0
601000,-26,28,5,-2,993,20,-57,33,-541,-299,119,-119,-80,0,90,-84,-1600,0
650000,-35,32,-4,4,1016,81,-119,33,-258,-277,119,-80,-80,0,120,34,-1600,0
701000,-38,38,-6,-4,997,-40,-57,33,-238,-471,119,-80,-119,0,147,141,-1600,0
750000,-45,40,0,-8,990,20,3,33,32,-231,119,-39,-80,0,140,89,-1600,0
801000,-54,32,6,-1,994,-40,3,33,-150,-277,240,-80,-80,0,147,132,-1600,0
850000,-56,21,-5,3,1003,20,-57,33,-135,-105,119,-80,-39,0,125,-16,-1600,0
901000,-54,22,-3,7,1000,20,3,-27,-150,-335,240,-80,-80,0,121,-52,-1600,0
950000,-54,25,-9,0,998,-40,3,-27,-148,-18683,119,-80,-3240,0,81,-138,-1600,0
1001000,-54,33,-1,7,997,-40,-57,-27,86,-14686,119,-39,-2560,0,87,-98,-1600,0
1050000,-55,41,7,2,1001,-40,3,94,-140,-225,240,-80,-80,0,106,-10,-1600,0
1101000,-52,44,0,-1,1006,20,64,33,-162,-206,119,-80,-80,0,95,6,-1600,0
1150000,-42,45,-4,-10,1016,20,3,33,17,-432,240,-39,-119,0,140,70,-1600,0
1201000,-44,47,-5,1,990,-40,3,33,-204,-421,119,-80,-119,0,119,20,-1600,0
1250000,-50,49,1,8,985,-40,-57,33,-173,-175,119,-80,-80,0,122,22,-1600,0
1301000,-45,55,-2,0,1002,20,3,94,-199,89,240,-80,-39,0,103,-65,-1600,0
1350000,-41,52,0,-4,999,-40,-119,33,-456,71,119,-119,-39,0,137,105,-1600,0
1401000,-43,45,0,-2,996,-40,3,94,-443,-198,240,-119,-80,0,141,95,-1600,0
1450000,-47,37,2,-5,1001,-40,-57,33,41,-480,240,-39,-119,0,80,-82,-1600,0
1501000,-54,23,0,1,994,20,3,33,82,-559,240,-39,-119,0,138,106,-1600,0
1550000,-62,16,-5,4,996,-40,3,33,132,-369,240,-39,-80,0,163,199,-1600,0
1601000,-68,12,4,-4,995,-40,-57,-27,167,-622,240,-39,-119,0,151,136,-1600,0
1650000,-71,0,5,-3,1008,-40,3,-27,-47,-464,240,-80,-80,0,105,-62,-1600,0
1701000,-68,-11,5,2,992,20,-57,-27,-66,-533,240,-80,-80,0,109,-15,-1600,0
1750000,-61,-14,-8,2,994,20,-57,33,-108,-549,240,-80,-80,0,129,41,-1600,0
1801000,-49,-7,-2,0,1005,-40,-57,-27,-176,-741,119,-80,-119,0,113,-37,-1600,0
1850000,-44,2,5,1,1005,-40,3,94,-438,-450,240,-119,-80,0,123,89,-1600,0
1901000,-39,13,6,1,998,-40,3,33,-467,-385,119,-119,-80,0,146,83,-1600,0
1950000,-28,13,-3,3,991,20,-57,-88,-296,-387,240,-80,-80,0,121,-19,-1600,0
2001000,-14,17,7,7,989,20,3,-27,-380,-362,119,-80,-80,0,96,-113,-1600,0
2050000,-4,18,0,1,1003,20,-57,94,-437,-357,119,-80,-80,0,96,-124,-1600,0
2101000,2,24,3,-2,1009,-40,64,-27,-482,-323,240,-80,-80,0,109,-24,-1600,0
2150000,4,29,3,0,1004,20,3,33,-259,-528,240,-39,-119,0,123,91,-1600,0
2201000,2,32,-10,-4,986,81,3,94,-710,-277,240,-119,-80,0,120,13,-1600,0
2250000,-3,37,-1,0,998,20,3,33,-679,-482,240,-119,-119,0,156,245,-1600,0
2301000,0,43,1,-2,1002,-40,64,33,-463,-675,119,-80,-160,0,129,34,-1600,0
2350000,-6,47,0,-1,1000,-101,-57,33,-427,-190,119,-80,-80,0,96,-99,-1600,0
2401000,-15,49,0,2,1000,-101,3,94,-609,-178,240,-119,-80,0,79,-149,-1600,0
2450000,-16,49,-1,-6,993,20,-57,33,-366,-175,119,-80,-80,16,116,50,-1536,16
2501000,-20,49,2,5,993,-101,3,94,-344,-176,119,-80,-80,65,133,72,-1340,65
2550000,-21,47,-1,5,996,81,3,155,-339,-191,119,-80,-80,84,109,-28,-1264,84
2601000,-19,39,-13,2,1004,20,3,-27,-353,-465,0,-80,-119,84,127,25,-1264,84
2650000,-13,43,1,-5,1003,20,-57,33,-389,-212,119,-80,-80,84,111,-63,-1264,84
2701000,-11,48,-1,1,987,20,3,33,-399,-181,240,-80,-80,84,142,72,-1264,84
2750000,-11,53,-5,-10,1002,-40,3,-88,-629,-156,119,-119,-80,85,132,63,-1260,85
2801000,-20,59,8,-9,996,20,3,33,-579,-119,240,-119,-80,94,150,104,-1224,94
2850000,-31,54,3,-5,990,20,3,94,-279,85,240,-80,-39,115,123,-16,-1140,115
2901000,-42,39,6,-1,991,-101,3,-27,-215,-1,119,-80,-39,147,70,-231,-1011,147
2950000,-56,26,8,7,1066,142,-485,827,-138,-79,0,-80,-39,169,106,-28,-924,169
3001000,-61,17,124,54,51,-8280,-363,6503,-105,-133,119,-80,-39,168,91,-167,-928,168
3050000,-62,31,11,193,956,-1444,-3048,-5581,-103,-48,119,-80,-39,169,160,132,-924,169
3101000,-48,6,-38,0,1349,3193,64,4061,-180,-192,240,-80,-39,171,160,217,-916,171
3150000,-55,3,13,-36,956,1423,1162,-5764,-143,-210,240,-80,-39,191,120,-34,-836,191
3201000,-47,78,-36,6,950,-590,64,4672,-187,-241,119,-80,-119,194,150,77,-824,194
3250000,-22,29,-6,85,992,264,552,-6008,-102,-291,119,-39,-80,194,92,-174,-824,194
3301000,6,74,-77,-49,1029,-590,491,6259,-501,198,240,-80,-39,194,96,-98,-824,194
3350000,32,50,183,26,840,1668,-1766,-4238,-656,-168,119,-80,-80,195,146,195,-820,195
3401000,21,-43,-20,6,1422,5513,-1583,643,-590,-486,119,-80,-39,194,141,78,-824,194
3450000,12,-23,97,173,1023,6672,-2011,949,-534,-370,119,-80,-39,194,105,-77,-824,194
3501000,20,-107,0,103,857,5147,-2804,-1736,-351,-857,119,-39,-39,196,130,-29,-816,196
3550000,-10,-130,-97,-151,920,-1810,1345,-2896,-402,-759,240,-80,0,221,123,191,-716,221
3601000,-5,-102,150,-321,546,-7426,-5917,3817,-430,-828,240,-80,-39,232,123,215,-672,232
3650000,-53,-106,-202,80,801,-1078,-2072,-1858,-389,-1082,480,-119,-80,254,134,185,-584,254
3701000,-81,-41,-402,285,1101,1973,1712,2108,9,-708,240,-80,-80,272,98,116,-511,272
3750000,-96,66,-79,56,1829,1118,-1828,19686,95,-75,240,-80,-80,300,125,119,-399,300
3801000,-69,135,357,-15,730,-40,1406,-9854,-294,322,240,-119,-80,317,123,-51,-332,317
3850000,-23,124,173,-38,511,2461,857,-7962,-561,488,240,-119,-39,332,92,-141,-272,332
3901000,70,232,-32,57,1004,447,-57,-2957,-641,889,240,-39,-80,334,101,-182,-264,334
3950000,125,222,148,-66,929,-346,-119,-576,-1196,1062,119,-80,-39,342,135,123,-231,342
4001000,154,278,173,-1,902,1179,3421,-698,-1362,1387,119,-80,-39,341,112,148,-236,341
4050000,158,184,-321,-50,772,-468,-5612,1315,-1385,604,240,-80,-80,342,76,-166,-231,342
4101000,156,105,140,45,840,1668,4580,-2957,-1604,145,240,-119,-80,343,103,-14,-228,343
4150000,93,166,-49,-48,894,-1261,-1889,1376,-1239,268,240,-119,-119,343,113,39,-228,343
4201000,74,57,94,24,732,935,-5917,2536,-898,-360,240,-80,-119,348,118,26,-208,348
4250000,65,95,-16,-57,1142,-2177,4641,94,-843,90,240,-80,-80,373,111,-46,-108,373
4301000,91,170,-179,-97,1127,-1139,-2072,2719,-766,523,240,-39,-80,387,106,-32,-52,387
4350000,116,35,-94,-43,1038,-101,857,-2102,-1374,-261,359,-119,-80,405,100,-75,0,405
4401000,107,159,-91,-101,1351,-3886,-2438,3512,-1092,463,240,-80,-80,420,100,59,0,420
4450000,97,-13,-99,-66,1837,386,-2865,338,-1032,-544,119,-80,-80,454,108,4,0,454
4501000,145,26,-113,-165,1506,5269,918,3024,-1308,-309,240,-80,-80,467,157,391,0,467
4550000,190,-85,82,-50,1790,11616,-5429,-1736,-1802,-962,359,-119,-80,474,137,56,0,474
4601000,152,-200,264,102,577,-6876,-3964,-1370,-1119,-1632,240,-39,-80,484,108,1,0,484
4650000,122,-123,224,67,1287,1484,-14523,3329,-1176,-1182,359,-80,-80,505,136,44,0,505
4701000,156,-252,-396,-18,1299,3865,12149,-149,-1373,-2163,240,-80,-119,532,126,107,0,532
4750000,239,-60,358,-14,647,2522,918,-5520,-1855,-586,359,-80,-39,546,121,94,0,546
4801000,267,-392,240,-55,1597,6001,16604,-1370,-2252,-2284,359,-119,0,547,152,74,0,547
4850000,286,49,3,4,1489,-4252,-16049,827,-1899,-176,359,-39,-80,548,90,-271,0,548
4901000,77,-465,-182,-129,-269,-9440,11904,3634,-915,-3170,240,-80,-80,547,109,-845,0,547
4950000,188,298,77,-138,383,11799,-7687,-1126,-1563,1268,240,-80,-80,547,137,-543,0,547
5001000,273,-265,-127,-50,1736,-6327,4702,6381,-2055,-1778,240,-80,-39,548,118,-175,0,548
5050000,199,425,-214,-127,395,10274,10989,5343,-1622,2241,240,-80,-39,561,117,49,0,561
5101000,225,-461,-101,-117,48,-9135,-12509,8029,-1545,-2916,359,-39,-39,571,124,-230,0,571
5150000,-179,268,-18,-5,1049,7466,20632,6930,343,1330,359,-119,-39,574,50,-693,0,574
5201000,369,-230,125,194,823,10823,-23190,155,-2842,-1573,240,-119,-39,577,114,-335,0,577
5250000,164,-209,-134,53,1115,-8768,26004,6320,-1420,-1679,240,-80,-80,587,159,29,0,587
5301000,309,895,-389,38,1205,1729,979,9432,-2265,4738,240,-80,-80,600,113,-343,0,600
5350000,647,636,242,65,1933,1912,-12203,13583,-4229,3467,240,-80,-39,606,122,-195,24,606
5401000,808,571,-171,-111,-607,-3092,-4574,5282,-4934,2626,240,-39,-119,609,129,-859,36,609
5450000,843,688,-103,76,847,-4313,552,4306,-5370,3535,119,-80,-80,612,156,-316,47,612
5501000,1111,718,48,132,1765,3926,-6527,9188,-7159,3712,359,-119,-80,618,148,-284,71,618
5550000,1043,662,-36,-78,1732,-7304,-6466,7113,-6532,3383,359,-80,-80,623,136,9,92,623
5601000,889,618,-46,219,1471,-1444,-13912,9432,-5400,2897,359,-39,-119,627,157,292,107,627
5650000,802,563,-228,-108,772,-4496,-9457,11386,-5129,2811,240,-80,-80,630,150,-197,119,630
5701000,862,550,-395,45,552,5147,-2438,8883,-5478,2503,240,-80,-119,636,122,-37,143,636
5750000,908,720,-42,39,1207,-6144,3237,7174,-5512,3725,240,-39,-80,640,137,-25,159,640
5801000,558,420,362,62,574,-4069,-12081,9738,-3711,1747,240,-80,-119,646,121,-291,184,646
5850000,541,503,-54,-216,302,4170,-1278,7968,-3845,2227,240,-119,-119,648,117,-97,192,648
5901000,182,600,163,2,364,-11454,-11898,9066,-1527,2790,359,-80,-119,650,189,92,199,650
5950000,87,84,53,-98,1605,1484,-5429,5221,-738,-669,240,-39,-199,650,157,347,199,650
6001000,170,502,-170,-55,1302,-4374,2566,9982,-1225,-1727,240,-39,-800,648,138,256,192,648
6050000,-313,584,3,-36,183,-11149,-5307,8090,1359,-11251,240,-80,-2519,649,160,13,195,649
6101000,-180,1181,-113,120,248,5757,21975,6991,352,-11733,240,-119,-3200,648,137,120,192,648
6150000,-314,1300,149,-64,494,-12431,-3903,9677,1597,-15692,359,-39,-3999,649,189,342,195,649
6201000,-770,1476,8,16,413,-2360,12026,7235,4015,-17689,240,-80,-4520,649,180,100,195,649
6250000,-617,2175,29,5,1142,-285,8364,5099,3125,-18045,240,-80,-5279,649,217,191,195,649
6301000,-981,2187,-262,-108,1198,-6693,13186,4428,5240,-20998,240,-80,-5800,647,250,442,188,647
6350000,-1115,3003,-538,-20,157,6184,31924,7357,6482,-24161,119,0,-7160,647,261,-12,188,647
6401000,-924,3385,84,161,372,-1017,13430,9310,4908,-24963,119,-80,-7680,646,294,159,184,646
6450000,-805,4125,6,-82,1292,1607,31069,7540,4449,-20660,119,-39,-7680,646,307,192,184,646
6501000,-376,4805,-28,240,1538,7344,19168,7052,1955,-14148,119,-39,-7240,647,344,409,188,647
6550000,-28,5081,242,67,1069,4414,12149,7235,-66,2798,119,-39,-4600,647,371,433,188,647
6601000,187,5197,-178,57,1933,8259,11843,3634,4955,16494,0,1040,-2359,646,385,560,184,646
6650000,540,4447,-5,-179,849,15523,-13912,5831,4994,23757,0,1400,-360,646,395,326,184,646
6701000,822,3893,-43,103,1756,8137,-1461,5587,6379,22167,240,1919,-80,647,411,528,188,647
6750000,1074,3301,150,234,1645,12288,-17758,3146,10260,18958,119,2839,-39,646,416,338,184,646
6801000,1643,2417,12,-38,1429,15645,-2438,3085,14861,15446,119,4200,239,647,434,419,188,647
6850000,1871,2333,214,-66,733,15828,-10861,8029,18881,15654,119,5120,360,647,447,271,188,647
6901000,2251,1269,345,-46,944,19185,-21115,9310,15977,9241,0,5000,320,646,454,106,184,646
6950000,2478,1130,-126,-75,1651,16011,4092,5953,-4177,6336,0,1760,-39,646,493,150,184,646
7001000,2467,655,-210,-80,958,12349,-21359,5892,-15043,3579,119,-119,-39,647,491,296,188,647
7050000,2082,404,274,-39,669,2217,3543,5343,-12802,1884,119,-119,-80,647,491,129,188,647
7101000,1587,786,-68,154,1933,2339,-6710,6259,-9459,3875,119,-39,-119,648,535,454,192,648
7150000,1419,160,232,-66,777,4048,-13729,8395,-8714,469,119,-80,-80,647,509,-166,188,647
7201000,912,407,343,105,1284,-7975,7144,6991,-6004,2138,240,-119,-39,647,525,221,188,647
7250000,556,-225,-162,-162,1436,569,-20748,4489,-3702,-1775,359,-80,-80,649,527,165,195,649
7301000,403,-513,106,146,1933,-2787,11233,5770,-2812,-3452,359,-80,-80,648,528,359,192,648
7350000,109,-39,-108,-97,1398,-1810,-14584,6137,-4592,-928,240,-679,-119,648,531,-272,192,648
7401000,-8,-211,-32,-4,467,-4374,-851,6137,-6230,-2858,240,-1080,-279,649,558,-49,195,649
7450000,-144,392,-81,-157,170,-4435,9280,6625,-5671,-4460,359,-1119,-1160,648,556,-97,192,648
7501000,-408,420,-419,5,1359,-3519,-9762,6991,-8555,-2670,5039,-1879,-880,648,565,155,192,648
7550000,-658,1024,-28,138,878,-8524,11721,2780,-7330,608,7319,-1920,-920,647,581,-146,188,647
7601000,-867,1250,-692,10,1402,-8768,-10617,1193,-6348,2155,7799,-1959,-880,649,574,113,195,649
7650000,-920,1144,48,112,641,-5228,1406,1620,-4184,1306,15720,-1640,-920,648,573,-9,192,648
7701000,-1057,1576,243,-27,1115,-13529,-302,-6558,-3388,2418,17039,-1640,-1160,647,583,-61,188,647
7750000,-1113,1592,-241,-94,1933,-8036,-8908,-8999,-1665,2516,20760,-1399,-1160,646,579,-280,184,646
7801000,-1107,2013,171,-185,0,-5411,1712,-10403,854,4960,25679,-959,-1160,646,598,-276,184,646
7850000,-1267,1887,-315,-102,-314,-13224,-2438,-19192,2949,4463,32760,-759,-1119,648,595,-385,192,648
7901000,-1189,1713,-518,74,1928,-590,4824,-21817,2029,3682,34560,-839,-1080,649,616,172,195,649
7950000,-900,1621,513,-149,1624,-8463,-10861,-23159,4070,-1036,40920,-199,-1799,649,602,50,195,649
8001000,-1161,1397,-310,-260,953,-8341,-1034,-31155,5591,-6525,47160,-199,-2519,650,618,-112,199,650
8050000,-929,1384,407,125,623,2766,857,-35122,4240,-14505,47520,-199,-3880,649,603,-105,195,649
8101000,-788,1430,42,-45,1841,-9074,10379,-35183,3653,-25396,40560,-160,-5800,646,625,235,184,646
8150000,-770,2008,161,-179,874,-1261,10684,-27432,3313,-34826,3600,-199,-7999,647,601,171,188,647
8201000,-515,2270,-150,-376,-28,508,12332,-9060,2297,-41211,359,-119,-9360,647,618,193,188,647
8250000,-459,2907,26,170,706,-3214,30703,-5947,1739,-49133,119,-160,-11360,646,604,-12,184,646
8301000,-445,3961,-531,-180,1197,2522,20388,-4238,1662,-43705,240,-160,-11480,646,602,34,184,646
8350000,-224,4607,-492,29,-66,4841,35159,-1248,377,-37159,240,-160,-11000,647,606,-85,188,647
8401000,-50,5959,-155,-298,96,-223,36868,33,-638,-19533,119,-160,-9320,646,606,57,184,646
8450000,100,5829,-121,-364,-273,-1017,7754,1132,-1283,-1456,119,-119,-6080,647,607,-73,188,647
8501000,149,5906,-360,-157,386,2461,23440,1559,-1796,11080,240,-160,-3999,647,598,-92,188,647
8550000,351,5600,42,-145,294,1118,-12997,1315,-2273,24646,359,-39,-1360,647,599,-116,188,647
8601000,486,4504,-120,-171,744,-1810,-1950,3085,-3526,24790,2279,-119,-240,646,599,-88,184,646
8650000,543,4005,25,211,909,-1322,-6466,-332,-3625,22816,13320,-80,-80,646,577,-56,184,646
8701000,599,2615,308,188,1088,1790,-23983,-8450,-3951,14503,17039,-80,-119,646,573,-58,184,646
8750000,570,1709,-197,-211,-340,-1017,-2316,-10769,-3780,9469,23040,-80,-80,648,559,-109,192,648
8801000,361,1093,164,-35,-749,-2665,-14279,-13577,-2568,5660,26640,-80,-119,648,554,-185,192,648
8850000,257,394,-13,99,1268,-1810,-7321,-16323,-1726,1829,31080,-39,-80,649,558,-290,195,649
8901000,160,196,-272,-44,1174,-651,-9274,-20291,-1164,212,33960,-39,-160,649,540,-304,195,649
8950000,383,189,390,-131,312,3926,-12997,-24258,-2694,401,38520,-80,-119,649,522,-223,195,649
9001000,510,532,-340,-19,598,2888,-485,-29385,-3434,2629,39480,-80,-80,648,532,-73,192,648
9050000,536,749,118,16,414,2705,-12020,-28713,-3585,3894,41880,-80,-80,647,530,-168,188,647
9101000,440,891,-211,-205,-538,447,-241,-34268,-3022,4485,47160,-80,-119,648,504,-614,192,648
9150000,536,1036,-146,249,818,3621,-3842,-35977,-3352,5326,51960,-39,-119,648,488,-610,192,648
9201000,583,1018,-8,0,1933,2888,-8663,-39089,-3625,5221,52320,-39,-119,648,469,-271,192,648
9250000,531,1217,-36,-53,1007,3865,-1828,-42080,-3554,6844,51480,-80,-39,648,471,-240,192,648
9301000,443,1132,135,-37,1757,2766,-17147,-42019,-3044,6117,50160,-80,-80,648,473,118,192,648
9350000,222,971,-815,158,1456,3193,2749,-41897,8236,14019,43920,1640,1440,648,444,-415,192,648
9401000,148,1043,-142,-194,462,5391,-16720,-35244,15876,15830,27840,2880,1679,649,394,-495,195,649
9450000,353,742,-223,332,434,9419,-4330,-19741,14455,13385,359,2839,1559,649,412,-306,195,649
9501000,771,1140,-248,-101,1080,19124,-24838,-7107,-1693,15232,359,480,1480,647,415,-171,188,647
9550000,923,471,-70,-203,271,4902,-21786,-1370,-6067,5760,240,-119,520,646,403,-275,184,646
9601000,751,884,-153,-319,-211,-1994,-1461,1376,-4833,4907,240,-80,-39,647,375,-525,188,647
9650000,761,641,115,14,-182,3743,-21725,155,-4890,3261,119,-80,-80,647,366,-397,188,647
9701000,680,847,-167,-70,987,10213,6167,1498,-4418,4464,240,-80,-80,648,350,-347,192,648
9750000,474,1059,303,119,1933,935,-13546,399,-3919,5693,240,-199,-80,649,390,-270,195,649
9801000,163,777,230,145,1933,6306,4946,1315,-3044,2889,359,-360,-279,652,302,-418,208,652
9850000,168,1242,-175,373,1933,4658,3787,2047,-5394,1874,119,-759,-920,678,297,-517,311,678
9901000,-282,1089,-151,338,1201,-14078,8975,4000,-2774,-1106,240,-759,-1280,680,280,-477,320,680
9950000,-549,1786,-11,-180,1101,1118,14163,5892,-993,-3332,240,-720,-2359,680,246,-616,320,680
10001000,-798,1608,309,-153,1197,-10966,-6649,3207,221,-9017,240,-759,-3159,679,316,-37,316,679
10050000,-1257,2106,-204,247,1933,-5228,24478,1376,3355,-13098,480,-679,-4359,680,225,-366,320,680
10101000,-1369,2562,208,144,1933,-3275,-2072,3634,-872,-16727,2640,-1519,-5440,680,240,-135,320,680
10150000,-1542,2871,-339,272,750,-3031,28689,2047,-6846,-14930,10679,-2719,-5440,681,249,-391,323,681
10201000,-1652,3864,-406,34,971,-8463,17642,-3994,-6436,-6135,18240,-2760,-4920,683,242,-230,332,683
10250000,-1633,3839,849,-173,1088,-2909,2139,-8572,-6548,1159,22800,-2760,-3639,681,263,-87,323,681
10301000,-1905,4072,11,-103,775,-12003,17764,-12295,2703,5071,23760,-1440,-3200,680,222,-211,320,680
10350000,-2073,4012,-12,225,600,-1139,2017,-17666,11588,10765,30599,-80,-2159,682,279,123,327,682
10401000,-1540,3749,15,-198,885,4231,5191,-20657,8491,16216,33600,-80,-959,681,275,1,323,681
10450000,-1304,3491,-43,-200,344,-1505,-7687,-23831,6884,19596,36960,-119,-119,679,318,276,316,679
10501000,-819,2556,-255,20,1022,9297,-2621,-27066,4064,14395,38880,-119,-80,676,352,428,304,676
10550000,-618,2267,559,54,1570,-407,-8908,-27371,3128,12946,40680,-80,-39,677,345,170,307,677
10601000,-395,1495,-511,-327,208,9541,-12875,-31460,1834,8462,41280,-80,-39,676,333,253,304,676
10650000,-113,1189,59,-107,391,3682,-3842,-32925,197,6682,42960,-80,-39,677,384,256,307,677
10701000,-164,683,-281,71,1933,6734,-14035,-34634,489,3740,42360,-80,-39,678,406,625,311,678
10750000,34,610,369,95,1759,8931,-8053,-32498,-663,3086,30840,-80,-80,677,414,87,307,677
10801000,-149,447,-600,-10,1154,-956,-11959,-27371,637,1902,15599,-39,-119,678,428,151,311,678
10850000,-182,598,-196,-217,-395,4841,1895,-11257,594,3014,359,-80,-80,677,461,193,307,677
10901000,-86,602,217,-100,1271,4658,-21725,-4360,38,2805,240,-80,-119,677,505,568,307,677
10950000,-60,533,77,109,1253,81,9585,-4360,-344,2406,240,-119,-119,677,520,478,307,677
11001000,-66,1022,189,181,1365,-590,-14462,-1309,-81,1993,240,-80,-679,677,534,227,307,677
11050000,220,263,149,201,1933,4536,-13058,94,-1747,-8929,119,-80,-1799,675,560,462,300,675
11101000,250,912,119,-97,911,-2726,13125,1315,-1920,-7249,240,-80,-2159,621,575,172,83,621
11150000,112,811,-425,-182,548,264,-20077,399,-1118,-7605,119,-80,-2120,596,606,201,0,596
11201000,225,480,-69,33,-1280,2217,11843,2352,-1542,-9527,119,-39,-2120,595,623,90,0,595
11250000,198,1118,109,32,-529,-3580,13674,3451,-1619,-3265,119,-80,-1679,595,661,64,0,595
11301000,155,1106,-349,-82,1123,447,-4513,2963,-1370,-3098,240,-80,-1640,599,677,273,0,599
11350000,94,1473,11,-156,758,-2543,13858,1742,-783,-1430,240,-39,-1720,619,681,346,76,619
11401000,-117,1815,-55,-156,-33,-8280,-5551,4733,-15,-3394,240,-119,-2400,625,716,-21,100,625
11450000,-148,1493,94,-180,-124,-4191,1895,5465,-3789,-12710,359,-800,-3680,625,736,125,100,625
11501000,-169,2057,-440,-82,1561,-4069,17581,5770,-5758,-14316,240,-1160,-4520,624,747,488,96,624
11550000,-331,2250,-70,-178,230,-12553,-424,4244,-9466,-16447,240,-1959,-5080,625,735,121,100,625
11601000,-649,2718,-114,19,389,-7059,25149,5221,-7387,-13026,240,-1920,-4960,643,736,49,172,643
11650000,-754,3312,276,134,411,-11271,8670,4244,-1891,-8179,240,-1080,-4720,680,737,-17,320,680
11701000,-820,3203,320,179,300,-4679,12332,4855,3373,-7652,240,-240,-4520,681,733,-211,323,681
11750000,-623,3794,6,194,1386,874,22097,4122,3394,-2358,240,-39,-4200,682,734,175,327,682
11801000,-446,3619,-398,58,1581,-1444,-7382,5465,2130,-2909,359,-80,-4119,681,730,92,323,681
11850000,-367,3774,158,317,829,-1505,28140,6442,1673,-2938,119,-80,-4279,682,725,1,327,682
11901000,-247,3988,-118,352,711,-40,-3659,6259,738,-2160,240,-119,-4359,681,721,-172,323,681
11950000,-251,3280,-11,-95,1107,-2909,-851,8090,-8533,-4649,240,-1720,-4080,681,717,14,323,681
12001000,-288,3854,533,-49,602,-5839,12149,7479,-13903,1479,720,-2680,-3600,685,732,118,340,685
12050000,-457,3269,-171,110,1623,-9867,-12814,4428,-14316,3196,240,-2920,-2719,679,717,98,316,679
12101000,-738,3097,138,-189,1070,-10294,20449,5526,-12678,4519,359,-2920,-2320,681,727,34,323,681
12150000,-927,3107,-360,180,1529,-12308,-5795,6564,-11117,8995,359,-2840,-1560,680,745,196,320,680
12201000,-1086,2159,1,11,956,-12553,-1583,7907,-10427,4877,240,-2879,-1319,680,752,118,320,680
12250000,-1197,2334,144,-66,872,-8097,491,8090,-10010,7526,240,-2920,-1039,680,766,73,320,680
12301000,-1226,1567,-202,-194,832,-8524,-20687,4183,-9845,3993,359,-2920,-880,681,767,179,323,681
12350000,-1341,1635,92,-23,699,-13407,11355,5282,-9177,6947,240,-2920,-440,681,784,197,323,681
12401000,-1366,1506,-257,-20,1144,-7548,-22457,5099,-1126,5736,240,-1560,-520,682,813,355,327,682
12450000,-1247,811,-281,-58,978,-3458,-2011,7357,7249,3319,359,0,-240,682,798,196,327,682
12501000,-954,1276,295,365,1590,-2604,-241,7418,7174,6257,240,280,-199,681,813,92,323,681
12550000,-626,501,-5,145,1933,3255,-25204,6686,16897,1518,359,2279,-240,683,817,156,332,683
12601000,-107,684,41,42,1910,8504,8975,7907,13879,2815,359,2279,-199,683,843,365,332,683
12650000,267,690,179,116,1017,8015,-22274,2963,11696,2852,480,2279,-199,683,844,337,332,683
12701000,599,32,-173,-378,-8,9419,-912,6564,9068,-1205,359,2160,-240,681,868,242,323,681
12750000,830,741,-68,-206,73,6428,6961,8151,752,3378,240,959,-160,673,903,293,291,673
12801000,1065,146,-540,-37,599,9480,-16842,8029,-6427,387,359,-39,-80,662,880,121,248,662
12850000,1045,490,239,-33,1150,-651,10684,9555,-6541,2383,0,-80,-80,661,915,399,244,661
12901000,867,1017,-376,286,1633,3193,-9091,5587,-5276,5217,240,-39,-119,661,911,93,244,661
12950000,885,915,102,135,1556,5879,-6710,7601,-5382,4622,359,-39,-119,663,914,159,251,663
13001000,710,1763,366,105,835,-285,186,7174,-4132,9787,240,0,-80,661,936,92,244,661
13050000,576,1420,-173,565,1905,5025,-14340,4428,-3582,7791,119,-39,-80,661,930,339,244,661
13101000,507,1533,106,146,1779,3132,3543,5160,-3183,8216,240,-39,-119,661,936,52,244,661
13150000,336,1731,-52,-6,1521,4292,-10678,3329,-2186,9365,240,-39,-119,661,965,44,244,661
13201000,345,1146,-510,275,1520,2888,2810,3390,-2472,5968,240,-80,-119,663,958,53,251,663
13250000,254,1430,162,154,595,1362,-2194,4061,-1945,7847,839,-80,-80,664,972,9,255,664
13301000,267,1041,-78,49,924,325,-7199,1925,-2021,5589,4799,-80,-80,663,972,-35,251,663
13350000,66,1252,-121,-265,607,-1810,5496,399,-618,6813,7079,-39,-80,664,980,88,255,664
13401000,69,1418,352,118,465,5879,-9518,-637,-1103,7783,6840,-119,-80,664,977,-82,255,664
13450000,28,1488,-111,-82,711,-407,6838,-2651,-395,7957,3119,-39,-119,665,1005,80,260,665
13501000,-72,1667,184,-114,839,5208,-11288,1254,-41,8993,240,-80,-119,685,1011,144,340,685
13550000,-42,1599,282,-15,843,-407,-2621,3756,13,1391,240,-39,-1360,688,1005,152,352,688
13601000,-197,2080,-305,-3,197,1668,2139,1681,683,-2092,359,-80,-2439,689,1020,-59,356,689
13650000,-126,1824,292,20,1251,386,-6710,5221,268,-8462,240,-80,-3279,689,1019,-12,356,689
13701000,-182,2251,47,299,1355,-956,22036,2780,594,-12487,240,-80,-4400,688,1011,-98,352,688
13750000,-137,1891,229,127,1666,-101,-8114,3939,333,-18765,119,-80,-5120,688,1008,47,352,688
13801000,-133,1624,446,41,941,-2299,29483,5160,311,-19619,240,-80,-5000,687,1014,9,347,687
13850000,-190,1970,-444,-298,1052,3071,7937,5221,642,-7380,240,-80,-3240,688,1030,123,352,688
13901000,-185,1407,567,131,1420,4658,5984,6869,844,-6000,359,-39,-2439,687,1029,195,347,687
13950000,-396,1740,-548,71,1700,-712,25759,5282,2072,815,119,-39,-1599,688,1016,48,352,688
14001000,-471,1188,-22,261,1458,4231,-9457,5404,2276,-2157,359,-80,-1560,689,1042,242,356,689
14050000,-465,1068,-94,-148,550,508,27163,4733,2238,-995,359,-80,-1239,689,1065,157,356,689
14101000,-536,1144,39,323,871,-1749,-3781,6808,2652,-789,1080,-80,-1280,688,1074,196,352,688
14150000,-443,825,-31,-54,1933,3132,8792,5221,2111,-2874,8520,-80,-1319,685,1082,214,340,685
14201000,-451,1378,-330,159,1622,-1383,5923,-271,2158,575,18360,-80,-1280,678,1104,391,311,678
14250000,-366,1405,-78,-89,1108,5696,-1278,-11441,1900,1659,35880,-39,-1119,680,1117,148,320,680
14301000,-274,1784,-245,87,745,3193,14651,-22732,1362,3631,38640,-39,-1160,680,1131,375,320,680
14350000,-189,1864,318,4,1933,7161,-4757,-21633,871,4793,38880,-39,-1039,680,1155,260,320,680
14401000,-210,1337,124,-130,876,-3031,-3903,-24563,756,1961,35400,-80,-1000,680,1167,134,320,680
14450000,-55,1188,126,37,558,1484,-4757,-22122,-142,-764,11160,-80,-1319,680,1210,605,320,680
14501000,90,508,-345,-197,1365,-834,-7870,-9182,-1223,-6110,-119,-119,-1560,679,1227,251,316,679
14550000,-75,342,249,263,490,-4008,1223,-942,-28,-16378,119,-80,-3159,679,1232,352,316,679
14601000,32,208,-283,-66,-66,6184,4031,-454,-653,-22504,240,-80,-4080,679,1262,218,316,679
14650000,-177,748,-80,7,-203,-5411,21548,-1431,335,-20064,0,-119,-4200,631,1276,238,123,631
14701000,-426,940,-218,-56,1337,4658,-4269,1376,2013,-11739,0,-80,-2960,570,1303,451,0,570
14750000,-412,924,-243,-229,1185,5513,11233,521,1933,-6714,0,-80,-2079,557,1314,133,0,557
14801000,-643,1270,-229,-202,1039,-5900,8425,155,3273,-3311,0,-80,-1840,558,1334,120,0,558
14850000,-678,1364,-92,-117,413,-2299,4336,-332,3479,-2765,0,-80,-1840,567,1338,53,0,567
14901000,-619,1825,-97,17,1774,4170,9463,155,3137,-319,240,-80,-1879,567,1347,410,0,567
14950000,-627,2068,140,359,1215,-7365,735,-271,3180,-529,240,-80,-2159,566,1350,600,0,566
15001000,-602,2135,-298,-341,1074,752,369,-149,3037,-2234,240,-80,-2519,567,1343,474,0,567
15050000,-862,2362,-190,113,-258,-7731,4031,-393,4548,-5799,240,-80,-3359,633,1336,255,132,633
15101000,-1074,2499,-203,87,1325,3071,430,1803,6014,-6631,119,-39,-3639,677,1321,436,307,677
15150000,-1080,2996,-231,154,1933,1851,5618,3268,5584,-3739,119,-119,-3639,681,1298,195,323,681
15201000,-1156,3278,358,10,275,-6571,-5551,2413,6254,-470,240,-80,-3359,681,1279,-429,323,681
15250000,-1083,3193,-55,-37,1140,3438,5374,2413,5831,1356,240,-80,-2960,687,1258,-330,347,687
15301000,-753,2943,64,-318,749,4902,-14096,3451,3915,1298,119,-80,-2719,687,1237,-297,347,687
15350000,-693,2668,-59,200,928,-1871,5923,2902,3565,-65,119,-80,-2680,687,1225,-223,347,687
15401000,-429,2697,-384,-267,303,9480,-15011,2352,2266,797,119,-39,-2560,687,1212,-452,347,687
15450000,-373,2303,-92,64,1240,-1383,64,6320,1936,3854,359,-39,-1640,686,1195,-339,343,686
437,2727,100,160,1640,6123,-9579,5587,2077,7718,240,-80,-1399,687,1180,-202,347,687,
15550000,-142,1924,-133,-83,1755,3377,-16720,6808,362,5142,240,-80,-1039,687,1169,-119,347,687
15601000,-160,2026,265,61,1621,-1383,1101,6198,469,7595,240,-80,-720,686,1170,24,343,686
15650000,-95,1173,333,-188,1128,6062,-27523,4977,88,4494,240,-80,-399,684,1164,-8,336,684
15701000,-52,602,-168,-160,1251,-2665,6472,3939,-157,2805,359,-80,-119,685,1159,-83,340,685
15750000,-72,642,48,-127,376,4658,-14889,5038,188,2803,119,-39,-160,682,1143,-241,327,682
15801000,197,93,-168,-65,506,3621,-2133,4672,-1844,-386,240,-119,-160,681,1125,-320,323,681
15850000,194,741,-404,-299,412,-4069,-546,6381,-1830,3379,240,-119,-160,656,1113,-148,224,656
15901000,189,483,69,359,933,-285,-19223,5892,-1796,2115,119,-119,-119,648,1084,-210,192,648
15950000,178,561,-304,275,1693,-6449,10989,3695,-1501,2799,119,-80,-80,648,1069,-183,192,648
16001000,-45,682,-132,-36,895,-4740,-12997,4367,-198,3501,240,-80,-80,650,1062,-403,199,650
16050000,-173,521,-248,-376,-2,-1994,-3414,5221,543,2331,119,-80,-119,649,1050,-235,195,649
16101000,-271,978,-167,-208,-182,-5656,-5184,3512,1114,5225,240,-80,-80,648,1043,-395,192,648
16150000,-469,654,190,-148,290,-8219,-10189,1620,2262,3340,119,-80,-80,649,1057,-278,195,649
16201000,-567,1017,-222,346,422,5208,1162,4855,3065,5449,240,-39,-80,649,1036,-318,195,649
16250000,-564,1132,53,55,675,-1383,-9945,3024,3049,5885,119,-39,-119,650,1042,-414,199,650
16301000,-666,1067,-176,-260,567,7100,-2316,2841,3411,5507,119,-80,-119,649,1007,-223,195,649
16350000,-519,1062,-171,-190,267,8748,-7870,3634,2552,5713,240,-80,-80,649,1026,-524,195,649
16401000,-711,402,-71,-190,1933,447,-10678,2536,3904,1642,119,-39,-119,649,1026,-111,195,649
16450000,-645,622,89,61,1768,7100,-363,1681,3286,3155,119,-80,-80,649,1016,-226,195,649
16501000,-582,1011,173,228,1812,-773,-2499,643,2919,5412,240,-80,-80,649,987,-384,195,649
16550000,-707,1244,65,224,1933,5940,3054,2230,3879,6768,119,-39,-80,649,982,-244,195,649
16601000,-635,1402,-166,49,507,-1322,-1034,2169,3230,7687,240,-80,-80,650,973,-664,199,650
16650000,-767,1621,-117,-221,408,2095,-2255,2719,4226,8497,240,-39,-160,651,947,-391,204,651
16701000,-618,1960,-47,-70,-211,5696,-3903,2658,3362,10468,119,-39,-160,650,961,-485,199,650
16750000,-568,1763,100,-160,491,-2238,-6100,2352,2376,9552,119,-160,-119,650,923,-493,199,650
16801000,-540,1772,132,-58,157,3010,-2743,2413,-3602,9603,119,-1160,-119,651,898,-691,204,651
16850000,-384,1626,554,102,1304,4231,-10250,1803,-12646,7361,240,-2560,-360,650,872,-417,199,650
16901000,-488,1663,38,-156,1513,-8097,2383,1376,-12505,6877,240,-2640,-479,652,856,-597,208,652
16950000,-609,1556,-40,-330,734,-1749,-12753,3451,-10872,6490,359,-2480,-440,655,810,-638,219,655
17001000,-752,1344,-400,-257,-34,-11576,3176,3939,-7946,5025,240,-2120,-479,674,798,-743,296,674
17050000,-1056,1645,-33,-66,-885,-13224,-4269,4428,-4323,6777,119,-1799,-479,675,741,-713,300,675
17101000,-917,1327,150,293,215,-6022,8853,765,-1643,3529,119,-1200,-720,676,705,-755,304,676
17150000,-876,1640,-275,-384,888,-8524,5252,4244,-1650,1,359,-1160,-1640,676,700,-428,304,676
17201000,-859,1472,-261,-319,646,-3397,-5307,4611,-1514,-8182,240,-1119,-2879,676,650,-555,304,676
17250000,-754,1902,-131,-81,114,-5411,23989,1742,-2125,-13356,119,-1119,-4200,675,623,-384,300,675
17301000,-808,2447,-71,282,1091,-7731,1651,2413,-1575,-10886,119,-1080,-4320,676,617,-563,304,676
17350000,-745,2174,62,161,1933,-1627,20144,5831,-1946,-17352,240,-1080,-5160,676,604,-424,304,676
17401000,-617,3087,134,127,1288,-3153,20205,6442,-1060,-11582,119,-800,-5080,675,569,-546,300,675
17450000,-526,2670,559,39,1142,2217,-2194,4672,501,-12147,119,-440,-4759,675,572,-212,300,675
17501000,-324,3056,-354,-256,872,-1139,35769,6259,-673,-5018,240,-440,-3919,675,545,-373,300,675
17550000,-381,3143,587,-100,1243,1118,-9335,6381,-573,-2652,119,-479,-3600,676,516,-505,304,676
17601000,-360,2067,518,-7,1371,4048,14834,5465,-227,-9836,119,-399,-3760,676,473,-476,304,676
17650000,-307,2508,4,19,1933,6367,25332,7235,-2864,-14947,240,-800,-5080,675,475,-276,300,675
17701000,-336,1935,308,-4,1173,2339,-6100,6503,-2462,-19673,119,-759,-5319,675,409,-517,300,675
17750000,-449,2179,-491,85,1133,935,3917801000,-520,2981,-25,252,1471,2339,1589,7723,-1389,-7085,119
17850000,-506,2333,269,-58,550,-40,8609,6564,-1242,-4339,240,-720,-3079,675,412,-284,300,675
17901000,-395,2583,-723,-372,893,2278,19168,9494,-2116,1528,240,-759,-2320,675,377,-23,300,675
17950000,-360,2048,-61,33,588,-956,-12203,8212,-1859,2373,119,-679,-1640,676,343,-269,304,676
18001000,-367,2091,3,-186,11,-1017,21731,6930,740,4483,240,-240,-1319,676,368,-339,304,676
18050000,-204,2219,340,186,1498,1484,-14035,8822,256,5694,240,-160,-1239,676,326,-222,304,676
18101000,-152,1652,291,174,1102,-1322,2078,9677,424,2166,240,-80,-1280,676,330,-155,304,676
18150000,-83,2365,-240,-94,1933,6123,8120,8822,19,8170,119,-80,-959,675,366,-67,300,675
18201000,175,1705,465,-58,1211,4292,-23190,6320,-1485,4563,240,-80,-920,675,305,-254,300,675
18250000,204,1434,-396,13,747,2217,11111,6747,-1888,4852,240,-119,-599,675,389,-42,300,675
18301000,447,1956,-13,281,1717,5513,-16598,7785,-3068,7882,240,-80,-599,676,300,-106,304,676
18350000,597,1388,67,-10,1531,4719,-13729,8151,-3937,3652,119,-80,-759,676,321,-224,304,676
18401000,669,1708,28,10,468,4048,-424,9005,-4358,5049,119,-80,-839,675,319,-116,300,675
18450000,720,1361,-469,-152,406,142,-20260,6320,-4654,3032,119,-80,-839,676,298,-322,304,676
18501000,630,1134,-351,117,1548,1607,1773,6686,-3896,2409,119,-39,-720,675,279,-18,300,675
18550000,651,1047,51,118,1178,3255,-18185,6381,-5413,3995,119,-279,-360,675,288,-294,300,675
18601000,514,412,-260,31,367,-4496,-5123,8456,-7177,1702,1439,-720,-119,677,325,34,307,677
18650000,487,945,-43,-108,-196,3926,1895,6808,-7020,5030,8639,-720,-80,677,313,-135,307,677
18701000,190,667,-465,-90,1427,-346,-22335,-454,-3895,3413,18119,-479,-80,677,319,32,307,677
18750000,-25,1015,41,126,1066,5086,5496,-6436,-1012,5670,28920,-199,-39,678,278,-356,311,678
18801000,-129,1444,39,382,1926,-101,-12814,-11257,-177,8165,33720,-160,-39,704,306,-90,415,704
18850000,-421,1061,-267,-125,391,1240,-12753,-16934,1751,5706,42120,-119,-80,731,319,100,524,731
18901000,-524,1116,-75,-180,603,9419,-2377,-21878,2119,6023,45840,-160,-80,731,367,223,524,731
18950000,-323,588,280,-243,1769,15217,-19161,-24441,949,3188,57000,-160,-39,731,342,-293,524,731
19001000,134,370,-80,471,1700,19673,1834,-32192,-1710,1689,59400,-160,-80,731,315,46,524,731
19050000,917,416,-511,17,597,24251,-13851,-34817,-6496,1953,59640,-199,-80,732,381,531,528,732
19101000,1649,140,-85,77,296,19978,-2499,-39089,-10748,349,59760,-199,-80,732,369,175,528,732
19150000,1943,443,57,-303,1100,17842,-3720,-38906,-16182,2112,59760,-839,-80,731,402,-115,524,731
19201000,2046,272,191,238,1841,12410,-10311,-40676,-16777,653,57840,-839,-160,728,421,380,511,728
19250000,1951,694,40,90,1633,6001,4580,-36343,-15994,-1078,23880,-800,-880,728,408,171,511,728
19301000,1190,430,-118,52,828,-14078,-15744,-22061,-21801,-4240,11999,-2560,-1160,728,429,153,511,728
19350000,162,496,-85,-20,442,-24332,6045,-9426,-33962,-6645,5520,-5679,-1640,727,471,449,508,727
19401000,-1178,737,-142,42,-228,-36295,-10678,-5154,-33604,-6641,240,-6960,-1879,728,526,518,511,728
19450000,-2486,578,-220,-186,750,-43253,1467,-2285,-39955,-2682,119,-9360,-1039,662,525,360,248,662
19501000,-3825,1415,-72,-30,828,-42643,-3475,2291,-40776,5436,119,-10840,-479,634,563,373,136,634
19550000,-4992,1373,-34,203,233,-55094,-4574,1620,-42126,6823,240,-12240,-199,634,573,607,136,634
19601000,-6122,1706,-34,-50,550,-54301,10256,94,-36719,9452,119,-12440,-80,634,603,561,136,634
19650000,-6854,1820,-189,-285,415,-49723,-9091,3573,-30840,10114,119,-12160,-80,634,627,223,136,634
19701000,-7476,1448,8,348,1933,-45695,4458,4916,-5368,7952,240,-8400,-80,635,663,680,139,635
19750000,-7632,1891,261,189,1933,-33671,-607,4183,20647,10064,240,-4080,-160,635,705,302,139,635
19801000,-7276,1372,250,68,1933,-23356,-12631,4061,29510,4022,119,-2200,-679,636,725,346,143,636
19850000,-6576,891,-125,-198,1933,-6388,5374,1254,37764,-1791,240,-80,-1200,636,751,248,143,636
19901000,-5393,875,396,88,1591,-6266,6350,5404,30884,-3514,119,-80,-1480,635,782,256,139,635
19950000,-4275,663,231,45,1915,5940,430,5648,24385,-9630,119,-80,-2320,636,793,97,143,636
20001000,-3089,1177,87,25,1933,13814,13491,5282,17494,-11060,4200,-80,-3079,636,766,150,143,636
20050000,-2164,1540,-61,-110,1655,16377,4275,2474,12114,-18715,7559,-80,-4759,637,805,22,148,637
20101000,-1445,2272,1,-115,-53,4597,21975,1071,8169,-19340,8159,-39,-5599,659,783,-509,235,659
20150000,-994,3096,328,224,-331,12532,17947,277,5316,-17572,16800,-80,-6120,659,771,-73,235,659
20201000,-322,3244,-42,-64,1477,18025,20999,-5520,1411,-19042,16560,-80,-6519,703,757,-112,412,703
20250000,-137,3673,330,9,1933,13081,25515,-4666,332,-22826,16439,-80,-7600,711,771,-282,444,711
20301000,219,3516,160,-130,1448,14119,18191,-5459,-1509,-29316,15720,-39,-8559,710,744,-368,439,710
20350000,715,3985,566,14,1591,15156,35037,-3628,-4392,-27056,7440,-39,-8639,711,721,-304,444,711
20401000,840,4075,-113,419,685,10335,18374,-1797,-5351,-20024,6239,-80,-7519,710,703,-235,439,710
20450000,930,3777,-205,-194,357,13692,35281,2597,-5872,2424,240,-80,-3359,712,692,-307,448,712
20501000,882,3976,-304,-203,931,8320,6900,4244,-5592,17068,240,-80,-1039,711,685,-237,444,711
20550000,735,3272,-311,-16,1070,8992,3665,5892,-4742,18788,119,-80,-39,711,690,-137,444,711
20601000,536,3274,318,113,1461,6978,6655,4733,-3584,21357,240,-80,399,710,676,-150,439,710
20650000,374,2078,-38,-178,1788,10090,-24716,4244,-2409,21848,119,-39,1679,709,679,-39,435,709
20701000,353,1243,-193,-181,524,7100,7876,5465,-2290,17457,240,-39,1760,709,684,-103,435,709
20750000,316,718,220,421,1020,9297,-27645,2963,3509,14406,240,920,1760,708,684,237,432,708
20801000,328,-339,-84,-262,1244,11311,-5856,4061,22505,11976,1439,4200,2400,708,696,198,432,708
20850000,449,-595,212,-155,867,20344,-15499,3756,35985,12811,3840,6640,2799,709,707,204,435,709
20901000,1089,-1634,-250,-210,976,26936,-16903,2047,33894,6078,3840,6919,2679,708,680,-4,432,708
20950000,1519,-1332,88,-113,1532,28035,-4513,3512,31623,-770,3359,6960,1199,707,694,97,428,707
21001000,1946,-1714,-66,235,695,33101,-20504,2108,28911,-9498,2039,6919,79,708,694,194,432,708
21050000,2269,-1224,-356,-337,334,30781,11538,4428,-5983,-7352,240,1240,-39,706,714,85,423,706
21101000,2412,-791,-150,-148,964,22236,-15255,3573,-14490,-4834,240,-80,-39,706,747,331,423,706
21150000,2109,-698,-331,-152,329,11189,7571,5892,-12725,-4291,240,-80,-39,707,758,247,428,707
21201000,1762,-25,-384,-240,182,13508,-10433,5221,-10710,-378,119,-80,-39,705,756,198,419,705
21250000,1345,-303,308,180,1176,5025,-3903,4611,-8286,-1762,1799,-80,0,705,753,22,419,705
21301000,644,387,-364,142,1933,4841,857,4672,-4208,3417,6719,-80,199,705,793,476,419,705
21350000,264,238,-298,-161,636,3438,-13241,-1675,-1770,3246,8040,-39,320,643,796,44,172,643
21401000,-309,218,69,45,283,-5411,4580,-1675,1102,2899,8159,-119,280,626,825,259,103,626
21450000,-563,439,-365,-185,-230,996,-7260,-3079,2580,4414,4559,-119,320,585,850,144,0,585
21501000,-662,201,-113,35,1933,8320,-7748,-1553,3386,3030,1080,-80,320,584,874,629,0,584
21550000,-670,291,-173,-37,1665,2034,-13973,827,3432,3556,240,-80,320,585,872,-289,0,585
21601000,-1021,232,-218,-180,-400,-13590,-13546,1681,5242,2981,359,-119,280,586,898,-627,0,586
21650000,-1234,132,-37,19,-291,-4008,-12020,-942,6943,2396,240,-39,280,603,900,-697,11,603
21701000,-976,240,-251,-169,895,5086,-10067,-1370,4977,2561,119,-119,199,639,913,-515,155,639
21750000,-838,48,-47,76,1020,1729,-11105,338,4409,-183,359,-80,-80,661,884,-685,244,661
21801000,-732,-158,-15,82,297,-407,3,888,4024,-2082,119,-39,-199,676,882,-488,304,676
21850000,-448,-402,-282,-170,878,6367,-8297,827,2376,-3503,119,-39,-199,685,861,-871,340,685
21901000,-471,-520,-144,-235,1933,-8768,-6039,-881,2044,-3957,240,-119,-160,688,846,-582,352,688
21950000,-391,-315,-25,275,1138,264,-5123,-515,1811,-2997,359,-80,-199,689,851,-355,356,689
22001000,-567,25,126,30,1322,-13956,5618,-1858,2833,-1014,359,-80,-199,689,810,-633,356,689
22050000,-1026,307,-223,-205,478,-6571,-6893,-2102,5501,-302,119,-80,-360,689,789,-484,356,689
22101000,-1033,373,-311,-162,-143,-895,8059,582,5307,-1316,119,-119,-599,688,783,-580,352,688
22150000,-1359,935,-58,-97,262,-12980,-546,-1187,-14881,1253,119,-3919,-720,688,743,-620,352,688
22201000,-1704,692,-126,7,1023,-13895,-1766,1742,-20087,-1320,240,-5160,-920,688,735,-437,352,688
22250000,-2318,1422,-467,-38,916,-21952,12637,1437,-16981,1990,119,-5240,-1080,689,743,-356,356,689
22301000,-2793,1189,-218,-287,1608,-14689,-17269,460,-7476,404,119,-4080,-1119,689,726,-136,356,689
22350000,-3018,1525,111,371,1166,-13590,17398,521,5690,2126,240,-2040,-1160,690,696,-505,359,690
22401000,-3067,1864,-217,-145,1910,-5961,-11715,-1614,16665,4326,119,-199,-1119,688,705,-80,352,688
22450000,-2695,1734,-341,-241,1213,1851,9646,1315,15202,5196,240,-80,-839,688,704,-122,352,688
22501000,-2342,2213,-110,-283,1840,-285,-9152,-332,13152,12404,240,-80,-80,688,706,171,352,688
22550000,-1986,1533,-118,11,1100,5025,-10433,765,11312,8447,119,-39,-80,688,702,-260,352,688
22601000,-1611,1747,80,90,1641,2949,8181,-698,12157,9457,240,480,-119,689,703,100,356,689
22650000,-1306,1187,-251,-134,1497,6856,-19284,888,9688,6436,240,360,-80,689,686,64,356,689
22701000,-1035,1194,-48,-104,1315,2095,9097,1864,5786,6480,240,-39,-80,688,687,117,352,688
22750000,-935,1335,345,-153,1567,2339,-12142,-759,5434,7067,240,0,-119,689,688,-16,356,689
22801000,-770,813,437,292,1508,4963,5068,-698,3782,4263,119,-119,-80,688,676,54,352,688
22850000,-564,1327,-328,154,1933,5635,8975,1742,2582,7254,240,-119,-80,688,682,-25,352,688
22901000,-503,956,-63,-14,1933,5208,-23068,2169,2464,5093,240,-80,-80,689,690,165,356,689
22950000,-426,1135,296,-25,929,6672,20877,94,2016,5903,240,-80,-119,689,687,104,356,689
23001000,-356,1594,-2,54,1868,1912,-10311,-942,1605,8571,119,-80,-119,689,669,-191,356,689
23050000,-287,962,-149,18,1465,10945,1040,2963,1203,4894,119,-80,-119,688,673,-177,352,688
23101000,-209,1600,-93,174,1024,5086,17581,5770,754,8838,119,-80,-80,688,663,-168,352,688
23150000,-98,1254,490,49,1522,7283,-15194,949,109,6595,240,-80,-119,689,675,126,356,689
23201000,-33,1224,-361,258,1933,1240,19412,1742,-38,6419,240,-39,-119,689,671,-121,356,689
23250000,-116,1575,211,-125,911,1790,-11593,94,214,8690,240,-80,-80,688,684,125,352,688
23301000,-106,1030,89,-39,40,1607,2200,338,384,5293,240,-39,-119,689,698,-119,356,712
23350000,-264,1630,-231,-7,669,-1017,6961,643,1072,9015,240,-80,-80,689,680,220,356,696
23401000,-281,1026,69,-116,326,81,-15011,399,1401,5502,119,-39,-80,688,699,96,352,702
23450000,-339,1274,89,130,1434,-4496,18496,-393,1511,6477,240,-80,-160,688,676,61,352,705
23501000,-309,1215,-386,7,717,-1383,-17330,-1492,1102,6833,240,-119,-39,688,692,19,352,708
23550000,-381,688,78,-190,256,-5717,3,277,1985,3301,240,-39,-119,688,695,172,352,701
23601000,-477,1586,46,94,1059,-4069,2749,704,2076,8758,119,-119,-80,630,692,175,119,689
23650000,-489,1389,93,357,1491,-4618,-13424,1132,2150,7609,0,-119,-80,578,704,253,0,678
23701000,-553,1869,-282,-134,1368,-4740,14102,1803,2752,10401,119,-80,-80,578,724,324,0,674
23750000,-504,1994,115,172,953,-3519,-8969,-2285,2464,11127,119,-80,-80,579,721,139,0,683
23801000,-548,1743,422,438,1635,-11454,8181,-1126,2955,9202,0,-39,-160,579,727,124,0,683
23850000,-622,1934,35,-110,1741,-3336,-5551,704,3154,10779,0,-80,-80,578,715,115,0,683
23901000,-676,1512,320,-58,1269,-4618,-13424,521,3465,8328,119,-80,-80,578,722,42,0,687
23950000,-843,1473,-249,129,629,-2177,7144,-637,4670,8098,0,-39,-80,578,756,68,0,685
24001000,-808,950,-153,-280,453,-2848,-20932,-1370,4233,4826,119,-80,-119,579,767,91,0,684
24050000,-883,757,391,149,605,-8768,14529,155,4668,3939,119,-80,-80,579,759,317,0,672
24101000,-776,851,-166,140,1933,1240,-6710,1681,4280,3322,0,-39,-279,578,769,130,0,681
24150000,-682,359,-382,-123,1084,-101,-5123,4550,3500,-2096,0,-80,-720,578,761,-106,0,693
24201000,-562,881,-105,-177,1453,1729,-546,4428,2336,-2778,0,-160,-1360,578,762,-36,0,690
24250000,-298,459,11,244,469,-285,-3353,1803,1039,-10583,0,-119,-2280,578,764,-140,0,695
24301000,-209,859,-97,40,1082,-7059,24234,3268,522,-11977,119,-119,-2920,578,778,-33,0,690
24350000,-255,1270,-278,-186,782,-1627,-2255,5099,1252,-17490,119,-39,-4279,579,760,-37,0,690
24401000,4,1456,-141,97,789,4231,22769,6259,-490,-15949,0,-80,-4200,578,776,13,0,688
24450000,56,2375,-288,217,473,-4740,20449,6015,-794,-15485,-119,-80,-5039,578,774,112,0,683
24501000,140,2123,-375,-328,1589,4353,857,8334,-1514,-20438,0,-119,-5640,578,785,193,0,678
24550000,240,3040,510,151,1303,-223,35647,6564,-1631,-22783,119,-39,-6960,578,811,372,0,668
24601000,263,3510,1,-20,1836,-1871,7205,6137,-1995,-27958,119,-80,-8320,578,813,381,0,667
24650000,369,3231,86,128,1933,2705,29360,7113,-2615,-43994,119,-80,-10800,578,814,312,0,670
24701000,507,4012,526,192,1904,1423,31619,8517,-3416,-45496,119,-80,-11840,579,828,305,0,669
24750000,617,4248,16,182,1573,2827,24539,5892,-4056,-48775,119,-80,-12640,579,854,363,0,665
24801000,655,5165,85,66,1933,-1200,48281,9371,-4276,-41122,0,-80,-12240,578,836,396,0,663
24850000,541,5375,154,0,1933,4658,19717,7235,-3380,-37110,0,-39,-11760,578,863,55,0,680
24901000,433,5134,128,201,1718,-651,37539,7601,-2985,-38278,0,-80,-11720,578,871,233,0,670
24950000,296,5168,-301,118,1399,4902,29788,8151,-1956,-32503,119,-39,-10760,578,884,156,0,674
25001000,266,4708,-128,-64,1933,447,26736,8090,-2243,-16111,119,-119,-7480,579,875,211,0,670
25050000,101,4792,73,160,1700,996,20388,9555,-1055,26924,119,-80,-160,579,901,87,0,676
25101000,102,3411,-349,-20,1401,3010,-16171,9188,-1063,28434,0,-80,1480,578,869,45,0,678
25150000,112,2218,-142,-41,98,3804,3909,9860,-1119,39403,0,-80,4560,579,869,-135,0,687
25201000,146,1395,-87,251,1154,3499,-31552,6930,-1082,39034,119,-39,5320,578,857,-26,0,682
25250000,251,136,-433,-16,970,1790,-22274,9677,-1694,47526,0,-39,8039,578,834,-99,0,686
25301000,349,-763,332,-3,-234,-712,-36251,9555,-2030,46249,119,0,8719,579,859,-42,0,683
25350000,445,-2690,-315,-186,832,-529,-55416,6198,-2125,68529,119,79,14480,579,839,-91,0,686
25401000,283,-3857,-172,103,605,1790,-49435,8578,2537,65701,119,720,15160,579,823,-216,0,693
25450000,276,-5285,183,139,952,3255,-72079,7113,21,34611,0,280,11240,578,795,-189,0,692
25501000,254,-6450,173,-77,992,-1383,-38876,6930,-2178,4354,119,-119,7200,578,808,-166,0,691
25550000,64,-6196,205,-233,72,1118,-36740,7174,-1073,-31602,119,-119,759,578,806,-318,0,699
25601000,68,-6158,-236,171,1023,3621,-16293,6930,-863,-36029,119,-80,-39,579,786,-89,0,688
25650000,64,-4599,-22,-29,668,-1139,3359,8029,-839,-26970,119,-80,-39,579,783,-254,0,697
25701000,-60,-3620,-353,-147,843,386,-16598,5892,-113,-21511,0,-80,-80,578,783,39,0,682
25750000,-42,-2579,77,-13,1052,20,6900,6442,-218,-15459,0,-80,-80,578,772,-44,0,687
25801000,-261,-1187,328,319,1219,-4252,-11715,5404,1286,-7366,0,-39,-80,578,780,-31,0,686
25850000,-354,-486,-63,210,1933,4536,8425,6198,14153,-3294,0,2079,-80,578,781,-50,0,687
25901000,-418,534,-85,46,1443,4902,-5184,6198,34284,2639,119,5480,-80,578,771,6,0,684
25950000,76,581,-178,290,656,22725,-5184,5526,38149,2914,119,6640,-80,578,803,78,0,680
26001000,885,1423,-370,263,1490,18635,3421,5343,19266,7811,0,4200,-80,578,784,104,0,679
26050000,1291,1286,-71,-71,276,16316,-12203,7235,861,6317,119,1440,-199,578,788,-262,0,698
26101000,1550,1664,-366,49,457,12349,16299,5892,-9011,8743,0,0,-160,578,772,-46,0,687
26150000,1418,2097,15,99,608,630,-11959,8151,-8475,11262,0,-39,-160,579,779,-9,0,685
26201000,917,1721,105,198,53,3132,6106,7723,-5797,9540,119,-80,-80,578,776,-190,0,695
26250000,672,2005,-441,41,683,-2360,369,7357,-4371,11194,0,-80,-80,578,762,-4,0,686
26301000,360,1345,454,-294,1158,-1627,-16903,9555,-2561,7121,119,-80,-119,579,762,-148,0,693
26350000,156,1639,-425,25,1628,20,9829,5404,-1609,9063,119,-119,-80,579,747,-147,0,693
26401000,-76,1661,-432,-196,1431,-2848,-18856,6930,-9783,9191,0,-1760,-80,578,743,-59,0,689
26450000,-280,1658,493,-124,677,-7304,4702,6625,-21855,107,0,-4040,-1640,578,754,-204,0,697
26501000,-643,2051,-92,51,1027,-13102,1895,7418,-22998,1459,0,-4600,-1799,578,731,-223,0,698
26550000,-950,1718,377,153,1499,-13041,491,8334,-23304,-9307,119,-4960,-3320,578,744,-69,0,691
26601000,-1332,2100,-251,-76,790,-22074,15933,7846,-20851,-10346,119,-4920,-3880,578,750,-148,0,695
26650000,-1595,2159,174,151,1497,-17619,2932,7662,-19327,-11161,119,-4920,-4080,578,742,-107,0,693
26701000,-1764,2637,-85,206,1851,-17374,27163,6381,-17874,-10941,119,-4839,-4520,579,743,12,0,687
26750000,-2084,2823,-182,-43,1417,-17741,4336,9310,-6485,-9628,119,-3200,-4479,579,737,-225,0,700
26801000,-2291,2809,426,-9,1085,-12431,16543,7601,1229,-12968,119,-2079,-5039,578,714,-175,0,698
26850000,-2222,3299,-643,-14,229,-8280,23684,6930,12921,-9881,119,0,-5000,578,737,-168,0,698
26901000,-1785,3128,169,-1,713,-3703,7388,9249,10148,-12042,0,-39,-5200,578,757,-23,0,691
26950000,-1442,3578,0,50,1933,-2909,31741,6686,23263,-4312,119,2560,-4320,579,746,48,0,687
27001000,-904,3592,-13,-313,1555,10457,1528,7846,29906,-5157,119,4240,-4479,579,750,135,0,682
27050000,-253,3473,77,-34,1047,17842,23562,4977,35185,-17711,119,5799,-6519,579,763,-109,0,695
27101000,275,4133,-634,122,993,19185,24661,4122,36761,-15036,0,6600,-6720,578,724,-202,0,700
27150000,1048,4072,180,-64,1016,31941,11721,7846,11808,-16087,0,3080,-6840,578,735,-312,0,706
27201000,1671,4436,39,-47,334,14546,28994,7662,-9715,-10946,119,0,-6319,578,729,-350,0,709
27250000,1664,4292,-378,-325,1310,6978,4153,4000,-10138,-11322,0,-80,-6240,578,751,-60,0,695
27301000,1675,4358,619,77,1445,10823,26553,5160,-11365,-3494,119,-279,-4960,579,749,-103,0,697
27350000,1464,4625,-182,-79,1933,1118,-2255,3329,-15257,5496,119,-1160,-3680,579,759,-139,0,699
27401000,820,4218,270,59,1385,-9501,3298,3512,-22904,6851,0,-3120,-3040,578,739,-212,0,703
27450000,72,4417,-322,-183,1210,-9806,-1156,4122,-30647,10564,0,-5200,-2600,578,733,-349,0,711
27501000,-825,3640,334,195,993,-17985,-14157,4977,-28216,6045,0,-5679,-2600,578,747,-77,0,698
27550000,-1696,3667,-126,0,1031,-18534,8609,3207,-21295,7599,119,-5360,-2359,578,739,-248,0,707
27601000,-2327,2780,-420,132,1076,-17313,-21542,1925,4463,1980,119,-1560,-2439,579,749,-96,0,699
27650000,-2382,2377,138,-347,-128,-2299,5007,3573,13383,5218,0,-80,-1480,579,772,24,0,693
27701000,-1921,2214,285,140,1134,-3275,-18429,3451,11166,5895,0,0,-1200,578,762,-50,0,697
27750000,-1701,1453,-158,-38,1933,-1871,-17330,3939,9658,1705,0,-39,-1160,578,743,-69,0,698
27801000,-1320,1318,-83,5,1628,1423,-17330,3024,7445,923,0,-39,-1160,578,748,-18,0,696
27850000,-955,643,434,178,1242,2278,-22274,3207,5551,-4163,119,0,-1360,579,774,177,0,686
27901000,-666,1054,-376,211,1621,6123,1528,1681,4106,-5028,119,39,-1920,579,777,231,0,682
27950000,-338,1056,-74,-257,435,10090,-25204,4733,19407,-7343,119,2999,-2320,579,785,20,0,693
28001000,59,1200,128,-45,1779,15156,-2438,3268,24298,-6741,0,4240,-2359,578,762,165,0,685
28050000,597,1436,-42,243,1121,23701,-16049,-637,41401,-7693,0,7720,-2760,578,771,-157,0,702
28101000,1442,1017,-170,-278,929,31331,-6283,1803,45092,-11757,0,9200,-3040,578,775,-14,0,695
28150000,2201,1346,-207,-309,-811,35359,-2011,3573,41146,-9148,119,9280,-2920,578,784,-208,0,705
28201000,2868,884,192,156,489,37434,-12142,1071,26340,-12065,119,7400,-2960,579,764,-199,0,705
28250000,3222,1126,-260,-244,589,26448,6716,-88,-5246,-7401,0,2320,-2400,579,787,-161,0,703
28301000,3073,975,128,-140,863,17781,-20504,2291,-13913,-7580,0,680,-2280,578,781,13,0,695
28350000,2625,1134,-241,33,852,8198,10928,1254,-15723,-3871,0,-80,-1799,578,787,8,0,695
28401000,1989,1188,-79,168,1613,5208,-19161,94,-12027,-1694,0,-80,-1480,578,793,131,0,688
28450000,1558,895,-244,-94,1933,3193,-2438,1315,-9991,-2002,119,-160,-1239,578,799,-218,0,706
28501000,915,1271,554,512,1672,-5045,-10189,1681,-10437,1114,119,-880,-1080,579,825,69,0,692
28550000,614,694,-174,-22,1567,996,-11471,765,-10312,-2006,119,-1160,-1039,579,838,71,0,691
28601000,269,1171,-160,219,1933,-6022,10134,2719,-8075,-165,119,-1119,-1200,578,841,322,0,678
28650000,-244,970,-38,-23,1317,-6693,-21786,-149,-12762,-1801,119,-2439,-1280,578,847,54,0,691
28701000,-781,795,133,146,928,-13285,8120,399,-17081,-3513,119,-3719,-1399,578,848,132,0,687
28750000,-1286,1174,-301,-100,1891,-12553,-8175,521,-31814,-2006,240,-6760,-1519,578,859,-54,0,697
28801000,-2012,735,-304,-31,1665,-25004,-5978,1254,-33409,-10140,240,-7760,-2480,579,895,198,0,684
28850000,-2775,1407,27,-171,1334,-30436,20877,-1858,-31997,-8559,240,-8280,-2879,578,857,-250,0,706
28901000,-3342,1458,252,46,640,-26896,-13363,4244,-30795,-10585,240,-8639,-3279,577,875,-37,0,696
28950000,-3813,1538,118,20,1650,-33488,18618,1559,-29915,-10822,240,-8960,-3400,578,873,119,0,688
29001000,-4313,2286,-155,-301,1750,-31046,4214,5343,-32587,-5540,119,-9920,-3240,578,886,347,0,676
29050000,-4570,2008,451,183,964,-31351,-2499,6686,-28535,-3668,119,-9480,-2640,577,908,271,0,679
29101000,-5003,2666,143,19,1933,-35075,19778,4550,-11371,-309,119,-6960,-2719,578,922,155,0,684
29150000,-4822,2569,-137,29,1933,-9806,-8053,2169,21754,-2038,240,-1080,-2920,578,913,69,0,688
29201000,-3935,2467,197,28,1933,-2665,17947,2597,22408,-4722,240,-80,-3279,579,919,77,0,688
29250000,-3029,2575,-148,-256,1258,1668,4946,4244,17143,-3399,240,-80,-3159,579,929,-52,0,694
29301000,-2056,1837,101,63,681,3804,5007,4855,11720,-7686,240,-39,-3159,578,915,-46,0,694
29350000,-1324,2286,-349,33,1289,1301,25637,4489,7232,-659,480,-80,-2400,578,923,80,0,688
29401000,-693,1986,-106,111,1811,6672,-13180,4794,3567,-2402,359,-80,-2400,584,934,213,0,680
29450000,-165,1744,-415,-117,494,5452,22463,4183,494,-3577,240,-80,-2359,608,913,-54,31,695
29501000,251,2393,-63,37,534,1057,5984,4672,-1924,-37,240,-80,-2400,609,934,-35,36,695
29550000,609,1788,-375,312,1202,4963,4397,4977,-4007,-3788,359,-80,-2439,607,929,3,27,693
29601000,861,2349,-171,-107,1231,8259,23440,4550,-5473,-755,2400,-80,-2480,608,935,85,31,689
29650000,887,2340,87,57,298,-2421,-3353,1925,-5393,-1276,6960,-39,-2560,608,950,83,31,0
29701000,719,2126,-261,130,1132,5025,20755,521,-4647,-2286,13439,-80,-2519,607,939,126,27,0
29750000,1166,3024,188,6,1701,28767,45474,-3872,-7242,3630,18000,-80,-2400,608,962,269,31,0
29801000,2704,4993,278,-44,1634,54402,71353,-8389,-15953,15074,19920,-39,-2400,608,957,173,31,0
29850000,5063,7380,-292,-2,857,80403,96987,-10525,-29900,29181,28439,-80,-2359,608,960,241,31,0
29901000,8579,10343,-235,-7,1487,119954,115908,-12051,-50565,46171,32520,-119,-2400,608,992,449,31,0
29950000,12242,13239,279,-205,1863,146992,122378,-13211,-71397,63008,33360,-39,-2400,608,1055,711,31,0
30001000,16374,16370,-419,-507,-497,172261,136782,-14370,-95876,82602,19920,-119,-2159,609,1164,738,36,0
30050000,20310,19092,72,404,281,192402,148867,-14370,-118523,107958,240,-80,-520,609,1304,998,36,0
30101000,24736,21713,-77,108,872,215108,149478,-18399,-144250,127146,119,-80,160,607,1679,2670,27,0
30150000,28591,23827,379,226,-814,225117,151065,-19863,-166663,176402,0,-80,6519,527,2256,5029,0,0
30201000,32366,25281,-430,44,1209,231343,140322,-21939,-188601,209268,240,-80,10720,300,1120,-1241,-399,0
30250000,35281,26130,273,-170,1664,241963,128787,-22671,-205782,267216,6239,-119,19840,0,1177,-2075,-1600,0
30301000,37962,26379,-460,14,87,242146,117495,-27554,-221364,268662,19920,-119,19840,0,1259,-1238,-1600,0
30350000,40119,26138,-19,-151,897,250020,99612,-28958,-233905,267265,,,,,,,,
time_ms,imu_roll,imu_pitch,ax,ay,az,gx,gy,gz,Setpoint_rollRate,set_pitchRate,Setpoint_yawRate,Setpoint_roll,Setpoint_pitch,radio_3,height,heightRate,Setpoint_heightRate,height_PID_output
