time_ms,imu_roll,imu_pitch,ax,ay,az,gx,gy,gz,Setpoint_rollRate,set_pitchRate,Setpoint_yawRate,Setpoint_roll,Setpoint_pitch,radio_3,,
101000,-3,17,7,-3,1007,-5,62,-1,-444,-3617,480,-80,-640,105,21,64
149000,-19,15,-3,7,997,-66,1,-1,-596,-3399,359,-119,-599,129,21,64
201000,-25,7,14,5,1043,604,490,2073,-551,-3444,359,-119,-599,148,21,64
249000,-33,20,-2,4,1031,-1104,184,-4822,-520,-3149,480,-119,-559,151,21,64
301000,-36,-22,-8,-15,1179,-2813,-1829,3111,-485,-3154,480,-119,-520,150,21,64
349000,-10,-13,-11,72,1261,3839,612,-1343,-446,-3151,480,-119,-520,149,21,64
401000,-27,20,-8,1,1011,-5,-364,426,-540,-4298,359,-119,-759,148,21,64
449000,-23,18,-22,36,1067,726,-547,-1,-319,-4747,240,-80,-839,147,21,64
501000,0,18,-45,8,965,-310,1832,303,-461,-5008,240,-80,-880,147,21,64
549000,20,57,41,-10,846,726,551,2135,-766,-4552,359,-119,-839,148,21,64
601000,25,63,-3,91,968,-5,184,-3358,-843,-4744,359,-119,-880,155,21,64
649000,54,147,47,47,1019,-1104,-425,4820,-972,-4717,359,-119,-959,164,21,64
701000,61,194,-2,15,1090,-737,-486,-7203,-1053,-5379,359,-119,-1119,177,21,64
749000,59,185,-41,-59,873,787,2931,4332,-811,-5550,359,-80,-1119,180,21,64
801000,41,152,110,122,1280,5243,-913,-2991,-707,-5621,480,-80,-1119,182,21,64
849000,50,63,-33,-132,536,-9954,917,2012,-1118,-5992,480,-119,-1119,182,21,64
901000,99,66,-3,-66,1057,543,-1524,-733,-1277,-5893,359,-119,-1080,181,21,64
949000,138,55,-187,86,1348,3900,1222,2623,-1282,-5798,599,-119,-1039,182,21,64
1001000,126,63,-294,320,1393,6403,3480,7872,-1431,-6605,480,-119,-1200,201,21,64
1049000,94,42,537,123,671,-1836,-6589,-9888,-1413,-6768,359,-119,-1239,198,21,64
1101000,117,27,167,-403,699,-2141,-1157,-5555,-1146,-7980,480,-80,-1399,197,21,64
1149000,128,99,-241,-5,726,-1043,856,3721,-979,-7918,480,-39,-1440,195,21,64
1201000,135,-36,-334,64,533,-1958,1954,1951,-1019,-8814,480,-39,-1480,196,21,64
1249000,117,67,50,86,670,-798,3847,-428,-1202,-7567,599,-80,-1360,195,21,64
1301000,146,123,234,268,821,2741,-4453,-5067,-1318,-7654,599,-80,-1440,196,21,64
1349000,113,30,193,-329,1224,971,-364,-2930,-1221,-8633,599,-80,-1519,195,21,64
1401000,142,137,451,-95,957,-1043,-974,-7569,-1291,-8967,599,-80,-1679,193,21,64
1449000,122,93,-29,-124,961,3229,245,-3785,-990,-10019,480,-39,-1799,191,21,64
1501000,142,103,26,-396,737,-1592,2321,6529,-1061,-9860,359,-39,-1799,191,21,64
1549000,154,210,-245,174,940,-1409,1893,-1954,-1372,-9634,480,-80,-1840,191,21,64
1601000,158,129,-250,-41,898,-249,-59,6224,-1617,-10173,480,-119,-1879,190,21,64
1649000,144,149,17,79,853,-982,856,-7996,-1538,-10119,480,-119,-1879,192,21,64
1701000,163,191,58,168,953,5731,-547,1890,-1650,-10047,480,-119,-1920,199,21,64
1749000,139,163,252,-154,1112,1764,-2683,-6104,-1221,-10590,480,-80,-2000,209,21,64
1801000,177,216,289,138,771,2191,-1340,-7081,-1498,-10369,480,-80,-2000,213,21,64
1849000,174,241,169,-368,1016,238,184,-1343,-1797,-11259,359,-119,-2159,211,21,64
1901000,148,244,29,-154,593,-3789,123,2806,-1560,-10670,480,-119,-2079,212,21,64
1949000,99,269,-139,-223,380,-2935,1588,548,-1454,-10096,599,-119,-2000,226,21,64
2001000,122,196,68,-301,1328,604,-1340,3172,-1410,-10248,480,-119,-1959,242,21,64
2049000,116,185,-165,91,1114,-66,2321,670,-1336,-10184,480,-119,-1920,255,21,64
2101000,106,179,-199,-271,526,-1775,1100,1219,-1313,-10350,480,-119,-1959,260,21,64
2149000,144,112,59,-68,996,1215,-2134,5919,-1186,-10655,359,-80,-1959,260,21,64
2201000,80,169,364,158,1218,665,-303,-2015,-935,-10641,359,-80,-2000,261,21,64
2249000,33,217,-151,374,545,1642,-1157,-4700,-900,-10123,480,-119,-1959,263,21,64
2301000,13,146,-205,5,1303,-737,1649,-5860,-776,-10540,480,-119,-1959,264,21,64
2349000,-28,241,80,-242,984,-188,2382,10863,-661,-11027,359,-119,-2120,269,21,64
2401000,-132,265,-62,-139,1684,4877,1,4515,74,-13339,359,-119,-2560,274,21,64
2449000,-164,257,110,-170,715,-5,-364,6041,500,-13378,359,-80,-2560,279,21,64
2501000,-189,353,46,-105,693,-2568,2015,3416,638,-2829,359,-80,-839,287,21,64
2549000,-188,270,41,-12,1315,-1958,-3538,-3236,365,1282,720,-119,-80,291,21,64
2601000,-198,194,0,-161,617,-3118,2260,5247,455,666,1080,-119,-80,289,21,64
2649000,-226,277,112,-105,796,2252,-303,914,619,1190,1439,-119,-80,289,21,64
2701000,-233,127,-19,-120,927,-1714,-852,1219,661,508,959,-119,-39,300,21,64
2749000,-169,143,83,-31,593,604,1649,2073,-5196,333,480,-1080,-80,304,21,64
2801000,-128,202,-27,86,1107,2557,-791,-245,-6226,-1847,599,-1200,-520,307,21,64
2849000,-107,122,-123,9,1236,2374,1,792,-6359,-7818,480,-1200,-1480,309,21,64
2901000,-108,250,-137,55,641,360,4518,-1954,-6344,-14588,480,-1200,-2760,306,21,64
2949000,-105,193,82,115,980,-1043,-4026,914,-5038,-16333,599,-959,-3040,307,21,64
3001000,-146,150,204,-91,1133,-2874,2626,731,-4261,-18656,599,-880,-3359,236,21,64
3049000,-159,308,32,-151,947,421,-669,303,-218,-21713,480,-199,-4040,150,21,64
3101000,-205,122,71,-50,1286,299,-4026,-611,496,-27656,480,-119,-4880,147,21,64
3149000,-238,122,40,101,1199,-2019,2015,-3541,849,-27986,359,-80,-4920,147,21,64
3201000,-209,219,129,311,832,971,-2012,-4884,751,-30347,359,-80,-5440,169,21,64
3249000,-134,60,58,-144,885,2802,-2073,-2686,87,-31865,480,-119,-5560,197,21,64
3301000,-74,192,194,-250,754,-982,2138,1280,-494,-31202,480,-160,-5560,240,21,64
3349000,-85,220,-5,-344,914,-1470,123,1158,-824,-30778,720,-199,-5520,250,21,64
3401000,-21,123,83,-250,896,-676,1588,3172,-1502,-29740,599,-279,-5240,258,21,64
3449000,-8,302,30,-190,1312,-1714,3969,-2198,-3463,-27021,480,-599,-4920,264,21,64
3501000,49,260,15,-25,1297,4328,-2134,5308,-3308,-27086,359,-520,-4920,283,21,64
3549000,51,221,167,-53,930,177,3114,-3175,-5184,-28118,480,-839,-5039,304,21,64
3601000,106,448,-50,46,843,3900,184,1707,-5501,-27622,480,-839,-5200,324,21,64
3649000,71,395,-187,-80,863,-1104,-1829,-1893,-5389,-29058,480,-839,-5399,329,21,64
3701000,71,638,225,-54,891,-1287,5250,4027,-5297,-27447,480,-839,-5360,331,21,64
3749000,71,696,-159,199,802,-249,-5491,-5982,-4982,-28169,480,-800,-5560,335,21,64
3801000,48,608,-189,178,697,-859,5372,2012,-4933,-30875,480,-800,-5920,338,21,64
3849000,60,860,-204,-143,656,-1043,-547,5797,-6031,-29772,359,-959,-6000,341,21,64
3901000,47,632,218,-151,853,-5498,795,11534,-6789,-31202,359,-1119,-6000,350,21,64
3949000,47,934,171,222,1135,3595,551,-8179,-8197,-30735,480,-1399,-6200,356,21,64
4001000,82,649,73,52,239,910,-3538,-5372,-8852,-32729,480,-1440,-6280,373,21,64
4049000,63,926,16,104,1132,5975,8058,1585,-8718,-30862,480,-1480,-6160,375,21,64
4101000,84,754,101,257,1792,8783,-5491,-2381,-8859,-30488,480,-1440,-6000,375,21,64
4149000,57,759,-89,-33,781,-10076,10011,-2442,-8934,-28647,359,-1440,-5640,375,21,64
4201000,129,881,172,255,1060,4999,-5674,-2381,-8658,-23242,359,-1360,-4880,374,21,64
4249000,106,687,142,-83,1789,2619,6410,5797,-8159,-19485,480,-1319,-3999,375,21,64
4301000,137,739,-20,300,1577,12994,-2683,-10194,-5916,-7791,599,-880,-2079,376,21,64
4349000,213,361,-35,253,1586,-3728,1649,1646,-6501,-4074,599,-880,-1080,375,21,64
4401000,240,564,12,237,-292,-3362,1222,-5311,-6515,3047,599,-880,-39,375,21,64
4449000,353,408,-89,33,695,-1104,-4819,-489,-3659,2436,480,-279,-39,375,21,64
4501000,270,311,-61,3,398,-1226,-1157,-123,-2040,1812,480,-80,0,375,21,64
4549000,327,362,83,-189,1482,-4522,1161,1707,-2446,2057,720,-119,0,376,21,64
4601000,221,398,112,-186,1059,-3667,-5613,3843,-1984,2318,599,-119,0,378,21,64
4649000,255,499,-83,-245,1702,8783,5189,-306,-1834,2428,599,-119,-39,383,21,64
4701000,217,520,-156,-3,-278,-7695,-3416,-855,-1959,2790,599,-119,-39,392,21,64
4749000,195,653,-7,92,612,3046,1161,-2137,-1593,3352,359,-80,-39,397,21,64
4801000,281,706,-32,100,1151,10065,-1279,-2747,-2099,3641,359,-80,-80,403,21,64
4849000,283,686,65,118,1292,5609,184,2318,-2077,3476,480,-119,-80,409,21,64
4901000,267,941,77,39,1458,7684,551,-611,-2253,5238,480,-119,-39,420,21,64
4949000,300,775,-59,-51,282,1276,-4148,731,-2414,4357,480,-119,-39,423,21,64
5001000,345,1035,205,-38,1138,3961,8241,-1588,-2707,5789,480,-119,-39,429,21,64
5049000,450,1060,-326,207,568,4755,-5796,975,-2708,6307,359,-80,0,432,21,64
5101000,433,1125,-7,-63,103,-7695,8241,-428,-2985,6541,359,-80,0,435,21,64
5149000,441,1460,-207,83,-373,-1043,-1157,-1099,-3220,8474,480,-119,0,435,21,64
5201000,440,1252,40,-112,-459,-4644,-1829,2073,-3256,7046,480,-119,-39,437,21,64
5249000,335,1609,-55,-59,176,-4033,13978,-2015,-2932,8565,480,-119,-39,438,21,64
5301000,418,1615,-31,17,1699,55,-3782,303,-3129,9388,480,-119,0,438,21,64
5349000,359,1309,145,61,2179,5609,4640,2928,-2690,7436,480,-80,-39,439,21,64
5401000,310,1654,-109,-5,786,-310,15077,-2808,-2267,9385,480,-80,-39,440,21,64
5449000,338,1659,264,-8,2023,6036,-5979,548,-2396,9809,359,-119,-39,441,21,64
5501000,130,1521,83,176,1234,2191,11293,-916,-1458,8614,480,-119,-39,441,21,64
5549000,82,2131,-158,116,1196,-4094,10560,-245,-1164,11811,599,-119,0,441,21,64
5601000,54,2332,-141,-25,48,1215,1832,1585,-1014,20302,599,-119,1159,441,21,64
5649000,-10,2604,-168,110,708,482,5372,-4700,-682,28056,599,-119,2279,441,21,64
5701000,39,3054,-131,23,160,-2996,2321,364,-928,38911,599,-119,3640,441,21,64
5749000,12,3118,24,-129,775,-3118,-7566,1341,-931,40273,480,-119,3800,440,21,64
5801000,-102,2842,-41,-6,-361,-859,-10374,-977,-102,40472,480,-119,4119,441,21,64
5849000,-137,2498,25,63,479,-3789,-18674,-1,-47,38891,599,-119,4119,442,21,64
5901000,-122,1850,145,87,1569,8234,-22825,-1588,11,35636,599,-119,4279,441,21,64
5949000,-88,1263,-14,25,220,-5132,551,-6715,-245,32360,599,-119,4279,442,21,64
6001000,68,1721,194,90,870,6281,-4026,1646,-1097,30935,599,-119,3599,441,21,64
6049000,52,880,343,20,2118,3961,-4209,-3602,-507,23625,480,-80,3120,455,21,64
6101000,43,1606,-182,-39,280,-8794,11415,3721,-719,25845,359,-80,2839,460,21,64
6149000,137,1032,-19,-14,1693,2802,-24900,-1832,-1178,22693,480,-119,2679,460,21,64
6201000,166,887,157,68,2179,3229,23317,426,-1665,17946,480,-119,2200,460,21,64
6249000,161,1244,58,-168,2179,-6597,-2500,-1282,-1969,17866,599,-119,1760,459,21,64
6301000,107,256,30,-20,2152,2435,-11350,2562,-1321,9626,599,-119,1400,459,21,64
6349000,-212,356,-30,-83,313,5243,15443,3905,590,7918,480,-80,1119,458,21,64
6401000,-245,311,83,-48,1044,-1287,-16843,1219,963,5997,480,-80,720,450,21,64
6449000,-283,-105,-138,-165,136,2313,12514,3843,968,2190,2400,-119,559,436,21,64
6501000,-266,411,-31,75,1284,4205,917,-428,1082,2624,1920,-80,39,432,21,64
6549000,-324,-197,330,123,1051,-127,-13059,853,1339,-360,1920,-80,0,433,21,64
6601000,-442,133,37,-209,2179,848,18861,-2686,2109,774,1799,-80,0,432,21,64
6649000,-554,-276,-73,295,1768,910,-21787,914,3033,-535,1799,-39,0,433,21,64
6701000,-540,-517,-64,174,1111,4389,23195,-1160,2911,-3006,3480,-39,0,434,21,64
6749000,-556,87,39,-89,2179,-1775,-8176,-2686,2748,975,4680,-80,39,434,21,64
6801000,-482,-918,317,-161,179,-4461,-19285,-672,2339,-5338,4799,-80,0,439,21,64
6849000,-414,-13,98,196,1839,1520,26063,-3785,2061,-1145,4799,-80,0,449,21,64
6901000,-455,-357,30,173,340,1398,-34360,1158,2183,-2079,4559,-80,0,461,21,64
6949000,-343,-601,-156,-102,755,-554,33082,3294,1567,-4941,4320,-39,-39,461,21,64
7001000,-373,805,-35,26,321,-4461,12941,4088,1939,4449,4200,-39,-39,461,21,64
7049000,-284,352,-126,77,585,8051,-17149,2012,1607,2740,4200,-80,0,463,21,64
7101000,-186,404,-75,-119,1222,-6353,14406,-4456,618,2119,3000,-80,-39,477,21,64
7149000,-27,1232,-225,15,1400,-1531,5189,7384,-276,6720,2400,-80,0,485,21,64
7201000,-46,965,158,-109,79,4572,-14158,3172,-193,5611,2039,-80,0,489,21,64
7249000,4,1112,-32,18,-26,-615,8302,-2259,-302,5724,1799,-39,-39,492,21,64
7301000,96,1580,11,50,895,-7756,-8726,-1282,-795,9649,1439,-39,79,495,21,64
7349000,139,1382,183,-235,542,5548,-4758,487,-1145,11421,1679,-80,599,499,21,64
7401000,13,1968,-134,179,1115,-2691,9950,1402,-544,17255,1679,-80,999,501,21,64
7449000,31,2072,-162,-6,-236,-2507,-13425,3172,-701,19324,1799,-80,1199,504,21,64
7501000,-11,1834,136,24,1752,5975,-1646,-1,-631,18567,1439,-119,1359,510,21,64
7549000,-95,2038,60,-68,1841,-2568,856,3416,-107,19436,480,-80,1319,513,21,64
7601000,-165,1485,-214,-128,-348,-2385,-18308,3355,499,15608,480,-80,1199,515,21,64
7649000,-191,1431,-73,94,2132,-1287,18983,-794,251,15238,480,-119,1280,522,21,64
7701000,-472,1142,-96,72,452,-5986,-8115,-916,2051,13618,599,-119,1199,527,21,64
7749000,-455,352,-267,-33,1385,2557,-2561,975,1910,9557,599,-119,1199,535,21,64
7801000,-463,592,-281,175,514,3534,15138,2562,1998,10419,599,-119,1199,540,21,64
7849000,-623,131,202,-214,2179,238,-16294,2806,3129,8166,480,-80,1119,540,21,64
7901000,-621,-125,-234,11,887,299,11659,-1710,3147,6014,480,-80,1159,541,21,64
7949000,-758,145,-82,7,2179,848,2077,4576,3768,7862,599,-119,1199,543,21,64
8001000,-651,-138,29,-134,-464,2496,3480,731,3087,6400,480,-119,1240,560,21,64
8049000,-626,195,147,143,869,-1592,16176,3599,3036,8322,480,-119,1319,567,21,64
8101000,-570,200,-76,-98,-944,-4705,-5308,4088,2621,8840,599,-119,1319,569,21,64
8149000,-515,14,-195,-39,590,1825,12758,6651,2625,7345,480,-80,1280,570,21,64
8201000,-552,1135,-237,-14,1210,421,16237,5736,2745,14738,480,-80,1400,572,21,64
8249000,-569,889,101,37,2179,-1775,-10740,6224,2646,14228,599,-119,1440,572,21,64
8301000,-780,900,-24,-73,291,-10076,22523,7567,3839,13838,3600,-119,1480,572,21,64
8349000,-729,2029,24,-61,1572,7257,23988,7261,3959,19817,6360,-119,1519,573,21,64
8401000,-477,2052,272,186,1095,-6414,-8115,4088,2077,24721,11880,-119,2200,573,21,64
8449000,-369,1715,330,369,530,24164,-4758,11412,2998,28619,16080,-39,3159,572,21,64
8501000,725,1575,-21,159,2,13788,-5369,-2564,-4450,33341,16560,-39,4159,572,21,64
8549000,597,1267,35,65,658,-7573,-15562,-2869,-4317,35683,16320,-80,4800,573,21,64
8601000,337,946,-110,-161,184,3778,-7566,-9705,-2424,38288,11640,-80,5639,602,21,64
8649000,352,758,-76,-11,-826,-2080,-18125,-62,-2855,41092,8040,-119,6240,627,21,64
8701000,262,-248,214,-104,2179,-2691,-29844,1280,-2223,39711,1080,-119,7079,672,21,64
8749000,-68,-636,315,-103,1588,-5010,-5796,5430,-1565,39089,480,-279,7360,679,21,64
8801000,-274,-1302,43,-109,2179,1215,-40891,4698,-13984,32886,1560,-2680,6960,679,21,64
8849000,-131,-2689,319,176,1188,-554,-27463,7384,-14973,19901,3240,-2719,5959,679,21,64
8901000,-486,-1990,-123,-84,1282,-10747,10072,5369,-10424,17956,6120,-2280,5079,677,21,64
8949000,-576,-1961,-121,-7,876,1032,-38999,1829,-5855,16003,6840,-1599,4560,676,21,64
9001000,-925,-2599,-78,10,1797,-19658,-2683,2928,4449,6513,7559,-160,3719,674,21,64
9049000,-1316,-1465,-232,-20,548,-4338,7265,4454,7252,7768,7559,-80,2960,672,21,64
9101000,-718,-1585,-39,72,2088,-1836,-33140,670,11154,-9217,7680,1199,0,653,21,64
9149000,-1024,-1763,284,172,706,-23565,2992,-672,19180,-11427,8639,2360,-80,639,21,64
9201000,-912,-367,-347,41,553,14276,12330,-3052,22511,-3300,14040,2960,-199,613,21,64
9249000,281,-396,-94,21,797,16046,-22153,-10133,23287,-3801,16439,4119,-360,587,21,64
9301000,508,-557,279,-101,1368,-5742,5800,-10133,23548,-3938,18960,4560,-119,567,21,64
9349000,554,419,211,-37,457,11469,23622,-13856,28493,1027,17640,5399,-80,566,21,64
94026,16920,9000,-4160,508,21,64,,,,,,,,,,
9549000,3259,1748,-253,-49,929,33746,16969,-16358,24566,-15212,17279,7360,-4320,510,21,64
9601000,3964,2090,123,132,1248,28742,18190,-18800,906,-12260,8520,4119,-4200,561,21,64
9649000,4237,2504,-41,-53,1297,18976,17518,-10255,-18503,-15492,4080,1040,-5120,576,21,64
9701000,3923,2725,-34,-137,-334,5426,15626,-3358,-23271,-27406,480,-80,-7439,588,21,64
9749000,3127,3490,-129,-38,-134,-5071,38637,-3052,-19702,-35206,2400,-119,-9360,588,21,64
9801000,2295,4228,83,19,778,-5010,24476,-4761,-14039,-40989,7680,-119,-11280,589,21,64
9849000,1665,4547,173,103,2179,-9771,33876,-5494,-19628,-40077,8280,-1599,-11360,589,21,64
9901000,725,5556,-131,42,-181,-19475,48219,-5555,-316510,21,64,,,,,
10001000,-872,5917,-41,-60,915,-28081,26674,-7325,-26549,-9550,11519,-5440,-7560,588,21,64
10049000,-1704,6456,-254,50,911,-26799,31007,-5372,-22258,-2713,11880,-5399,-6840,589,21,64
10101000,-2175,6098,-91,122,1750,-17461,-303,-8057,-18511,18939,15359,-5360,-2840,589,21,64
10149000,-2496,5075,-124,-76,1483,-29180,-120,-9705,-20568,30545,16080,-5959,39,615,21,64
10201000,-3070,4346,-336,-3,815,-26555,-13059,-10072,-20513,41075,12120,-6599,2720,660,21,64
10249000,-2925,2626,-105,45,1531,-12395,-42356,-6226,-24389,34953,11040,-7160,3039,680,21,64
10301000,-3145,1610,100,-54,445,-38335,-120,-3175,-22872,31450,7680,-7079,3800,707,21,64
10349000,-3687,1049,-171,-182,1247,-21428,-32896,-2503,-19987,29877,6960,-7120,3840,721,21,64
10401000,-2937,-1382,-4,-89,207,-4522,-46629,-1832,-22454,3823,6600,-6799,2040,721,21,64
10449000,-3064,-1812,190,-140,701,-28264,490,-733,-16176,-6704,6840,-5759,720,721,21,64
10501000,-3038,-1986,192,214,1409,-737,-30576,-2259,-11167,-11549,7559,-4960,0,720,21,64
10549000,-2040,-2606,185,242,1317,116,-10557,-733,-2973,-15979,7559,-2680,-119,720,21,64
10601000,-1853,-1394,-458,-73,1222,-9221,16359,-428,10542,-15312,7680,-39,-1239,711,21,64
10649000,-1038,-1303,111,50,1186,23798,-26182,-2076,12911,-14584,8639,959,-1319,679,21,64
10701000,-134,-1156,27,-19,1734,3473,18556,-2259,39612,-21139,15000,6680,-2480,632,21,64
10749000,72,519,-234,24,1178,18244,27345,-4639,61118,-25921,17160,10480,-4720,580,21,64
10801000,1781,904,-177,74,336,55902,-4514,-10072,54980,-23574,28200,11240,-4960,498,21,64
10849000,3356,1008,-272,34,200,41254,4762,-17457,47175,-24399,28439,11280,-5160,493,21,64
10901000,4103,1581,-189,-33,701,34906,14589,-20203,36830,-4988,23159,10439,-2439,541,21,64
10949000,4540,2034,32,-110,-173,34113,7875,-18800,18406,6087,13560,7639,-959,604,21,64
11001000,4894,1783,121,-19,1559,28070,-8665,-5128,-4502,10596,2279,4119,39,687,21,64
11049000,4609,1670,-380,-6,167,7196,7753,364,-15268,14786,359,2079,920,706,21,64
11101000,3951,1600,-416,20,435,9821,-23496,-672,-23666,16976,359,-119,1319,721,21,64
11149000,3487,678,217,202,429,1886,-17820,303,-21331,11414,480,-80,1199,724,21,64
11201000,2249,1204,-235,133,1672,-10808,8729,181,-18888,14441,2039,-1000,1280,723,21,64
11249000,1814,680,-120,-116,1054,5182,-42356,-367,-26225,17892,3119,-2680,2160,724,21,64
11301000,1112,-323,-277,92,1458,-20879,-12815,-1038,-26232,17883,4559,-3400,3399,721,21,64
11349000,-10,-408,27,89,1322,-18071,-24839,-794,-20433,15375,5520,-3400,2960,712,21,64
11401000,-99,-1895,7,-35,1299,-6109,-43272,-1649,-19416,-6832,6719,-3439,720,686,21,64
11449000,-667,-1734,266,-66,1222,-30034,6959,-3297,-26297,-15832,8159,-5039,-800,650,21,64
11501000,-1503,-977,-242,-67,1063,-18132,-16599,-4822,-22879,-24980,17160,-5440,-3320,586,21,64
11549000,-1842,-1261,90,0,1224,-19719,-19041,-7142,-13376,-38380,21000,-4080,-5360,547,21,64
11601000,-2742,-498,43,-9,819,-33330,21791,-14649,3384,-42191,23640,-2159,-6760,514,21,64
11649000,-3260,894,238,38,1276,-18071,29786,-18861,13677,-37789,23520,-880,-7160,500,21,64
11701000,-3079,2138,6,-5,1020,-5437,27467,-20509,17200,-27330,22920,-119,-6840,503,21,64
11749000,-2697,3225,129,11,757,-5132,28505,-21424,15281,-17065,20760,-119,-6000,514,21,64
11801000,-2281,3981,-184,120,38,-1226,19716,-17396,12566,824,16800,-119,-3839,552,21,64
11849000,-1866,4144,135,-90,1561,1459,12086,-13978,10553,12282,14640,-119,-2040,573,21,64
11901000,-1423,3814,-152,-12,1173,3839,2687,-11231,7577,19382,10320,-119,-479,588,21,64
11949000,-1063,3241,12,22,1557,7013,-2988,-8790,6170,19243,8159,-80,-39,606,21,64
12001000,-668,2379,-189,116,-256,5609,-6467,-6470,10398,13363,7559,1119,-80,610,21,64
12049000,-240,1826,79,-30,-85,10248,-6467,-5738,11244,10725,7200,1600,-39,610,21,64
12101000,297,1470,82,-106,1375,10675,-5491,-4822,15939,8085,5520,3039,-80,610,21,64
12149000,560,1072,-49,-144,96,7807,-6956,-4029,20555,6393,2879,4080,-39,610,21,64
12201000,1079,681,-104,92,2087,20868,-6712,-1,18138,3494,0,4200,-80,616,21,64
12249000,1541,701,-69,-161,2159,12933,-2317,1951,16877,3093,-2160,4400,-160,626,21,64
12301000,1800,473,-150,-123,940,17938,-11350,4942,12319,1822,-12000,3919,-160,649,21,64
12349000,2178,469,41,-118,1239,19220,8241,11717,4851,1181,-23640,2960,-199,678,21,64
12401000,2321,473,-27,-261,670,14276,-21543,22642,-2101,-35,-20880,1960,-479,677,21,64
12449000,2300,-470,161,140,984,10126,-7383,23802,-7220,-7628,-12479,1080,-920,655,21,64
12501000,1858,111,-68,128,2001,-310,22035,12755,-11267,-7023,839,-80,-1319,614,21,64
12549000,1553,776,-233,-31,782,3717,7142,5858,-9402,-4205,3000,-39,-1440,615,21,64
12601000,1097,903,176,69,1195,-7268,5250,2928,-6842,-2418,7319,-80,-1319,620,21,64
12649000,631,1288,223,164,1365,-6902,13002,-1,-4717,-594,7079,-119,-1319,632,21,64
12701000,448,1098,-79,80,2011,-2630,-7810,670,-3770,570,6239,-199,-1000,643,21,64
12749000,171,715,132,-9,1312,-14287,7448,914,-2768,-5183,6000,-240,-1599,643,21,64
12801000,-366,1366,-27,37,1480,-9160,13673,731,1433,-6473,6000,-119,-2480,634,21,64
12849000,-127,1124,164,110,1183,7013,-13670,-611,710,-8670,6000,-80,-2719,629,21,64
12901000,-38,942,150,-82,1925,-9343,21913,853,-243,-9868,4320,-80,-2640,626,21,64
12949000,-334,2034,-73,-135,1596,-3179,17885,5919,1162,-791,3480,-119,-2040,627,21,64
13001000,-49,1631,-117,-24,1641,3656,-21360,3294,-411,2043,2519,-119,-1280,633,21,64
13049000,-112,1297,-36,-27,563,-14226,13612,4637,-432,2362,1799,-119,-800,636,21,64
13101000,-497,2117,-187,95,535,-2507,4274,6285,2192,6033,599,-119,-1080,636,21,64
13149000,-55,1065,110,246,1388,9760,-30454,5552,422,-520,359,-80,-1399,635,21,64
13201000,140,855,77,-63,1464,-10137,24599,6346,-1282,-8744,359,-80,-2359,631,21,64
13249000,-316,1974,-396,-27,1004,-10686,16115,7384,858,-5513,599,-119,-2840,613,21,64
13301000,-65,1091,-67,25,173,10736,-25449,6956,-316,-10859,599,-119,-2960,582,21,64
13349000,31,724,85,-128,1828,-10991,16908,3172,-1189,-12054,480,-119,-2719,573,21,64
13401000,-513,1622,-108,10,965,-14104,14772,3843,2285,-3126,480,-119,-2159,572,21,64
13449000,-536,1466,-63,64,1531,-1531,-10435,2745,2594,207,359,-119,-1519,573,21,64
13501000,-350,1400,-98,-81,286,-9588,11659,1402,1340,930,359,-119,-1239,573,21,64
13549000,-687,2032,-354,32,630,-15630,8546,3416,2748,4439,480,-119,-1200,573,21,64
13601000,-1022,1769,-76,123,953,-6414,-10862,670,5247,2845,480,-119,-1280,574,21,64
13649000,-1059,1593,343,22,1583,-6902,10011,59,5643,1617,480,-80,-1280,573,21,64
13701000,-1191,2051,-238,12,1539,-7879,4640,2745,6459,6811,480,-80,-880,599,21,64
13749000,-1138,1708,53,-36,1118,1398,-12083,2073,6128,9730,359,-119,-119,620,21,64
13801000,-795,1525,330,-15,885,2008,12025,2440,3927,8634,240,-119,-39,637,21,64
13849000,-429,1533,-41,-152,1646,7562,-11655,4881,2146,9539,240,-119,0,645,21,64
13901000,95,305,206,230,797,5121,-15501,9581,-1253,1777,240,-119,0,645,21,64
13949000,210,543,-204,-19,1092,7623,21852,6224,-1541,2402,240,-80,0,646,21,64
14001000,786,659,-335,248,372,25202,-19529,7261,1243,15460,359,999,2000,644,21,64
14049000,1222,-371,13,200,534,8722,-23984,8299,-255,22162,359,1159,4080,645,21,64
14101000,1095,-68,-101,-158,1038,11591,2321,7384,373,37735,480,1159,6559,645,21,64
14149000,1683,-715,-112,46,933,27948,-53037,3660,-2551,37202,359,1119,6840,646,21,64
14201000,1648,-2465,165,66,1432,-737,-35398,6041,-4467,23334,240,880,6480,646,21,64
14249000,1151,-1907,27,-195,1441,7684,2931,5247,-3126,13771,119,639,4440,646,21,64
14301000,1458,-2216,36,14,1415,15314,-53526,5369,-7314,3392,240,199,2799,645,21,64
14349000,1116,-3073,-2,-86,413,-18255,-14646,8604,-7779,-5052,359,-80,2200,646,21,64
14401000,298,-1962,-17,-176,740,-4216,6898,5003,-2202,680,359,-80,2079,645,21,64
14449000,627,-2071,62,5,1363,15192,-37534,5125,-3814,-2003,359,-119,1559,644,21,64
14501000,400,-2414,62,38,-73,-20635,6837,4820,-3023,-11010,359,-119,520,645,21,64
14549000,-332,-999,36,142,964,-5742,16603,6407,1092,-7570,359,-80,-80,644,21,64
14601000,6,-767,239,8,1708,6647,-17393,2562,-737,-5625,359,-119,-199,644,21,64
14649000,-371,-379,260,137,1595,-23992,22096,2867,623,-9002,480,-119,-959,645,21,64
14701000,-989,1360,-179,65,1376,299,17030,6163,5052,-3952,599,-119,-2040,630,21,64
14749000,-529,1161,357,179,934,3473,-15134,4027,2971,-7370,599,-80,-2519,629,21,64
14801000,-741,1541,194,42,1269,-18621,36989,5614,3847,-6615,599,-80,-2680,618,21,64
14849000,-1103,2890,-18,53,1991,-7146,26796,7261,5676,1469,599,-119,-2519,618,21,64
14901000,-775,2386,169,142,1316,-2385,-4697,6956,3807,2243,599,-119,-2000,620,21,64
14949000,-942,2559,83,-9,934,-13372,32289,1219,4419,7181,480,-119,-1200,628,21,64
15001000,-991,3017,-122,25,699,4938,3908,5125,5297,9633,480,-80,-1360,639,21,64
15049000,-562,1985,278,184,1452,3839,-12449,5736,12899,5324,359,1600,-1239,659,21,64
15101000,-693,2399,-396,-202,802,55,31923,5797,14493,7439,359,1800,-1119,678,21,64
15149000,-55,2515,78,40,1290,23065,-18247,4149,8943,12702,480,1319,-479,687,21,64
15201000,527,1183,214,65,1368,-2446,-8604,3477,-506,1297,480,439,-959,686,21,64
15249000,210,1866,160,-194,1292,-2263,33143,1768,-1797,-7178,480,-80,-2920,667,21,64
15301000,1073,1995,110,-16,1969,27460,-10923,-1832,-6707,-25135,1199,-80,-6319,619,21,64
15349000,1485,1851,183,50,656,-2935,31129,2867,-9084,-38340,2039,-39,-8320,576,21,64
15401000,818,3689,69,-172,1889,-7207,57130,853,-338,-33889,1799,759,-9520,551,21,64
15449000,1050,4629,4,-43,1566,15375,25941,-1832,-1569,-27358,2160,680,-9280,541,21,64
15501000,1567,4815,231,-98,1277,4755,31129,-4517,-5389,-18508,2279,639,-7999,539,21,64
15549000,1472,5275,57,178,552,-127,33754,-1466,-5476,-9559,2160,559,-6840,534,21,64
15601000,1389,5278,-128,-80,81,4511,16054,-1588,-8076,-5590,2039,0,-6240,522,21,64
15649000,1294,4891,-242,-60,568,1154,16847,-3175,-8156,-4351,1920,-80,-5679,507,21,64
15701000,1072,4921,19,-58,661,-3545,20326,-2503,-6697,-1619,1679,-80,-5200,501,21,64
15749000,862,4782,73,40,877,910,10194,-3785,-5669,163,1679,-80,-4800,503,21,64
15801000,678,4373,208,-138,2061,-1287,9340,-3907,-4411,7516,1080,-80,-3079,519,21,64
15849000,426,4025,-242,55,247,-4094,5433,-550,-3225,12596,480,-80,-1920,547,21,64
15901000,247,3320,-33,50,-156,-371,-7444,670,-1902,17442,480,-80,-319,569,21,64
15949000,225,2707,-145,-24,460,2130,-6895,1585,-1811,15679,480,-80,-119,569,21,64
16001000,120,2128,-114,-138,190,848,-13486,1585,-1167,11906,480,-80,-80,570,21,64
16049000,-14,1496,264,18,568,-4400,-13425,2928,-640,22353,359,-80,2239,605,21,64
16101000,-287,687,-402,-132,1043,-4766,-21543,5858,-8325,48174,0,-1720,7600,690,21,64
16149000,-389,-994,101,-235,409,-1714,-56577,6163,-10311,48214,-239,-2159,8920,699,21,64
16201000,-664,-2671,-13,-123,730,-13311,-27280,6590,-9157,34463,0,-2239,8599,700,21,64
16249000,-964,-3430,-241,-301,1369,116,-47422,6895,-1300,21685,119,-1200,6919,698,21,64
16301000,-573,-5524,140,-100,577,4877,-53709,6346,-386,-2816,0,-640,5039,683,21,64
16349000,-707,-5497,-167,-177,1289,-7207,-1951,5919,3378,-5859,0,-80,4640,673,21,64
16401000,-250,-5144,77,35,1057,23126,-42295,7017,988,-2934,480,-80,4640,647,21,64
16449000,614,-5774,134,99,2179,13117,-25022,10679,-3508,-5825,480,-80,4800,645,21,64
16501000,537,-4279,-95,-325,963,1520,9035,11412,-3589,4887,480,-80,5120,645,21,64
16549000,1035,-3959,50,-84,1180,23981,-36008,5308,-5648,3297,359,-80,4440,640,21,64
16601000,1415,-4184,-33,-44,390,-798,-4575,6895,-8693,-17117,359,-80,1240,630,21,64
16649000,966,-2735,-169,-334,746,-921,19533,6346,-6427,-17585,480,-80,-39,614,21,64
16701000,1222,-2435,97,168,1196,12811,-18674,4393,-7572,-17879,480,-80,-640,550,21,64
16749000,961,-2517,-40,131,1217,-7268,5067,5064,-6651,-22022,480,-80,-1200,537,21,64
16801000,204,-1419,130,-105,2017,-10076,19716,2440,-1656,-17549,599,-80,-1599,530,21,64
16849000,-47,-568,169,63,306,1276,11842,1646,-267,-12762,359,-80,-1519,528,21,64
16901000,-38,11,-127,89,-202,2741,11781,792,-240,-8998,480,-80,-1560,528,21,64
16949000,-113,679,-269,-6,810,-921,15748,914,-178,-3399,959,-119,-1160,529,21,64
17001000,-244,1204,102,5,2179,-1653,9706,1341,28,6072,3000,-240,-160,537,21,64
17049000,-367,1341,-93,33,945,-6658,6715,-733,1460,6872,7079,-80,-119,553,21,64
17101000,-662,1542,-164,19,218,-8123,8912,-3419,3385,8501,11400,-80,-80,575,21,64
17149000,-781,1576,-64,-34,2179,116,-3355,-6165,4086,9140,20399,-80,-39,575,21,64
17201000,-644,1273,147,-91,2179,116,-4392,-14222,3281,8795,28439,-80,239,595,21,64
17249000,-504,1188,47,-147,1827,-2630,1649,-18922,2266,10631,25919,-119,639,618,21,64
17301000,-494,885,-33,-1,1848,-3484,-10435,-16053,2176,11654,1439,-119,1119,716,21,64
17349000,-370,519,315,59,1294,-1409,-5369,2012,2028,11066,240,-39,1359,738,21,64
17401000,-291,698,86,97,1965,-2446,-730,4698,1231,18008,-360,-80,2400,744,21,64
17449000,-235,-30,252,-38,1817,-2752,-33689,1707,956,20610,0,-80,3359,751,21,64
17501000,-496,-684,176,6,1972,-12212,1161,2318,2419,15319,359,-80,3320,751,21,64
17549000,-769,-319,-301,89,1102,-6170,-7810,2257,3882,16657,359,-80,3159,752,21,64
17601000,-590,-1740,130,-10,1395,-2385,-39243,2623,2969,-1283,359,-80,1519,752,21,64
17649000,-594,-1829,115,50,1155,-7451,21547,1341,2885,-8254,599,-80,599,752,21,64
17701000,-654,-769,-547,196,1520,-1714,-1157,670,3339,-7493,599,-80,-520,743,21,64
17749000,-381,-1325,358,153,1526,-1958,-14402,1158,1864,-29867,2400,-80,-3880,706,21,64
17801000,-932,-396,59,18,508,-21856,45350,-2503,4954,-54388,13679,-80,-8960,610,21,64
17849000,-1143,1576,30,101,781,3168,44435,-4273,6323,-64510,17279,-119,-12400,567,21,64
17901000,-464,2743,-101,-29,783,8173,36744,-14039,1768,-60315,20399,-160,-13120,542,21,64
17949000,-433,3909,-22,154,-413,-7573,53468,-17274,-10452,-48358,21480,-2200,-12000,537,21,64
18001000,-901,5297,-84,65,2179,-13677,53163,-16968,-11033,-30122,24120,-2799,-10480,534,21,64
18049000,-1371,5988,-6,-161,1805,-17339,42421,-19959,-12444,-16731,29400,-3439,-8800,528,21,64
18101000,-1808,6176,303,13,1331,-18438,40224,-23682,-13434,-9203,32399,-4119,-7760,510,21,64
18149000,-1976,6051,4,-36,1612,-15813,34791,-27222,-9062,-4128,32279,-3520,-6799,512,21,64
18201000,-2186,5800,-56,-99,1188,-17644,26246,-28321,-2866,7907,26519,-2680,-4440,570,21,64
18249000,-2260,5292,-198,-38,1102,-8367,8790,-22034,-2083,13825,17039,-2640,-3040,630,21,64
18301000,-1820,4193,-131,-147,-59,3778,-5796,-9278,-4300,22983,6600,-2560,-240,675,21,64
18349000,-1156,3341,356,-78,472,10858,-2195,-3358,-5244,19984,2279,-2159,-39,701,21,64
18401000,-781,2022,-100,-6,369,-1165,-29234,-1588,-1965,39890,1679,-1119,4839,720,21,64
18449000,-536,716,-226,-88,965,16229,-17637,-1405,-2799,46808,2640,-1119,7200,722,21,64
18501000,525,-298,-311,-48,-1,29169,-44004,242,-4218,49649,4440,-199,8840,718,21,64
18549000,1092,-2304,-79,65,697,15131,-58042,242,-6684,40207,5879,-119,8920,706,21,64
18601000,1360,-2597,136,150,826,15802,-13792,-794,-8375,35821,6360,-80,8759,696,21,64
18649000,1987,-3114,-57,329,1408,25507,-68113,-1099,-11503,29487,6479,-80,7920,693,21,64
18701000,2067,-4732,-15,14,2179,-2507,-45408,2196,-12717,11552,7079,-119,6719,673,21,64
18749000,1192,-3958,-284,169,1051,-5620,673,853,-8112,8641,7920,-80,5680,653,21,64
18801000,1396,-3834,-76,69,1280,9821,-44126,-1527,-8349,-4150,15599,-39,3120,596,21,64
18849000,1137,-4298,29,90,360,-17705,-20872,-2808,-7853,-7189,16800,-80,3080,576,21,64
18901000,366,-3242,72,132,1343,-10381,7448,-8179,-2596,5800,16560,-80,4240,577,21,64
18949000,213,-2621,0,57,1092,-1836,-18552,-10010,-1952,9926,16199,-119,4319,591,21,64
19001000,-173,-2943,-29,-61,739,-18682,-16660,-9278,541,7303,12599,-80,4200,621,21,64
19049000,-679,-2331,-197,96,267,-8306,2321,-7325,3186,-67,8159,-80,2439,645,21,64
19101000,-558,-2419,258,96,1013,665,-25571,-4090,2780,-14294,4200,-80,-39,700,21,64
19149000,-885,-2432,105,132,991,-19963,16664,-2137,4069,-15883,2640,-80,-119,702,21,64
19201000,-1306,-1158,194,-28,1612,1337,7203,-1099,7129,-7898,2640,-80,-199,721,21,64
19249000,-664,-1603,-137,181,1707,12811,-13242,-1282,3800,-12715,2760,-119,-679,719,21,64
19301000,-764,-936,168,129,1164,-12212,35707,-1771,7699,-21019,6000,559,-2680,706,21,64
19349000,-892,279,-290,-261,752,10309,10255,-3602,33084,-21284,8159,4719,-3880,675,21,64
19401000,107,256,-8,-10,420,18976,12819,-5006,43089,-18740,12120,7520,-3480,655,21,64
19449000,470,1820,115,-68,1108,2435,49867,-6715,52245,-14448,14519,9440,-3960,636,21,64
19501000,1199,3012,-5,0,1522,37103,11781,-10194,63244,-2718,17279,12080,-3480,606,21,64
19549000,2839,2993,-48,-57,1089,48578,9828,-15015,75671,465,19080,15599,-2879,565,21,64
19601000,4080,3544,-45,-82,1301,44244,26430,-16358,71145,3863,21360,16320,-2879,503,21,64
19649000,4868,3824,-190,-32,1796,48273,16908,-20020,63329,5457,20880,15639,-2879,501,21,64
19701000,5725,3685,-147,51,950,53095,8729,-22462,18800,14212,18960,8959,-1239,505,21,64
19749000,6387,3221,49,0,1875,49127,1466,-22218,3584,13714,17039,6919,-959,534,21,64
19801000,6313,2575,-345,49,-596,27338,-1951,-17579,-12054,10318,13080,4240,-800,558,21,64
19849000,5600,2153,-53,-49,1063,10797,-5003,-14954,-20851,10966,7799,2160,-319,594,21,64
19901000,4541,1780,202,181,522,-676,-6040,-8118,-26863,9881,1920,-80,-80,650,21,64
19949000,3444,1286,279,25,1934,-9588,-7993,-3541,-21808,7702,480,-119,-80,667,21,64
20001000,2352,633,-33,54,608,-9893,-4575,-2747,-25999,3449,359,-2120,-39,677,21,64
20049000,1416,300,39,26,1144,-17644,-1585,-3175,-44600,1604,480,-6080,-80,677,21,64
20101000,55,-145,146,58,1302,-34856,-12510,-1954,-42408,-1541,240,-7240,-119,684,21,64
20149000,-1328,-40,249,116,1500,-36809,13002,-2747,-43688,-1684,-480,-8639,-160,682,21,64
20201000,-2411,178,-290,77,1448,-38579,-16904,-977,-28764,571,-2879,-7359,-80,683,21,64
20249000,-3490,-755,-56,-206,588,-40227,-18369,2501,-22502,-3858,-4679,-7200,-39,682,21,64
20301000,-4210,-221,-231,-138,-42,-31926,19288,5675,-9936,-1750,-7680,-5920,-80,682,21,64
20349000,-4286,-177,0,-20,871,-24297,-22886,6224,-3918,-973,-7799,-4960,-119,679,21,64
20401000,-4255,-549,160,52,795,-26677,12086,8604,2412,-3889,-7919,-3839,-119,649,21,64
20449000,-4251,511,-79,-80,1029,-16362,11598,12022,4672,2018,-11160,-3480,-39,648,21,64
20501000,-3593,-122,-127,111,891,-7573,-28928,12633,2750,-946,-18360,-3120,-39,650,21,64
20549000,-3357,-370,-186,15,1240,-20452,12025,15623,1592,-3082,-19320,-3079,-39,651,21,64
20601000,-3120,116,83,189,1292,-4216,-15928,18980,2561,209,-15480,-2680,-80,651,21,64
20649000,-2274,-918,203,180,1689,-5742,-30515,18736,-1253,-6734,-9240,-2600,-399,649,21,64
20701000,-2204,-615,-61,26,1873,-19658,14039,10863,12582,-9852,119,-39,-1080,629,21,64
20749000,-1540,269,-345,299,992,14826,-2683,5797,10079,-3465,599,-39,-800,627,21,64
20801000,-471,30,234,-24,1435,-127,-12144,4393,2507,-752,8040,-39,-160,604,21,64
20849000,-524,178,156,14,928,-9832,7631,-3175,2379,-39,10200,-80,-119,604,21,64
20901000,-187,257,32,126,1107,10858,-8421,-5433,860,798,8999,-39,-119,601,21,64
20949000,371,-116,-17,58,1354,5121,-9458,-4945,-1994,-1302,8280,-39,-119,590,21,64
21001000,244,361,-192,100,1376,-5620,7265,-4029,-1654,1402,7079,-39,-119,587,21,64
21049000,348,488,-160,51,1419,8478,-12754,-5311,-1777,2431,5399,0,-119,603,21,64
21101000,687,321,-87,2,-225,4633,-730,-2015,-3993,1639,480,0,-39,651,21,64
21149000,765,887,-41,-222,1607,1642,-3049,1158,-4833,4372,480,-80,-80,677,21,64
21201000,1116,346,-5,-53,578,8356,-17393,1646,-6957,1546,480,-80,-80,678,21,64
21249000,1124,657,-98,-114,1124,-2691,18190,242,-7483,-761,480,-119,-640,661,21,64
21301000,1054,1026,-76,85,636,6342,-15989,1280,-4503,-20072,3480,280,-4479,576,21,64
21349000,1276,503,-69,85,1968,2619,551,3477,5884,-37185,4799,2279,-6879,548,21,64
21401000,1129,1713,159,-48,888,-2568,39552,-62,10637,-50261,5879,2960,-10360,530,21,64
21449000,1022,3188,58,111,1399,6647,41749,-3602,10057,-44184,5399,2760,-10559,530,21,64
21501000,1108,4294,235,-117,1622,8478,40285,-5128,-862,-30604,4920,959,-9559,536,21,64
21549000,1157,5047,-91,71,915,3107,41261,-3968,-7232,-25183,4200,-80,-9280,538,21,64
21601000,1068,5522,133,98,462,360,34608,-3480,-6677,-20679,2879,-80,-9080,542,21,64
21649000,914,5884,45,-43,525,1032,37477,-1954,-5921,-7906,2160,-80,-7160,555,21,64
21701000,716,6114,11,-217,1820,1337,24415,609,-4631,19499,480,-80,-2760,598,21,64
21749000,586,5392,116,-42,1409,604,7326,670,-4036,31590,480,-80,-119,648,21,64
21801000,410,4641,-98,264,2179,2619,9401,1646,-2851,36515,359,-80,1640,686,21,64
21849000,591,3573,-165,-30,1632,8356,-17942,2379,-3900,46006,240,-119,4080,710,21,64
21901000,764,1942,6,-190,741,1215,-13792,1951,-4906,46403,119,-80,6040,715,21,64
21949000,825,1300,-75,24,1347,8173,-12937,2562,-5204,47561,119,-119,6719,716,21,64
22001000,1295,-618,-185,3,781,14215,-59263,3538,-8229,35234,-239,-119,6680,716,21,64
22049000,1331,-2059,-143,-242,752,-3118,-17515,3050,-8536,27047,-480,-80,6680,715,21,64
22101000,1106,-1530,-21,134,1256,10126,-13731,1829,-6895,29005,359,-80,6519,714,21,64
22149000,1736,-2590,-21,-138,1396,18427,-51755,2562,-9981,22302,359,-80,6159,704,21,64
22201000,1495,-3126,112,27,464,-12944,-669,548,-9158,8331,480,-80,4560,691,21,64
22249000,765,-2326,-517,-114,1171,1581,-9702,-794,-5184,1211,359,-80,2560,679,21,64
22301000,1301,-3346,237,-61,682,19037,-43272,-2137,-8032,-19687,359,-80,-39,660,21,64
22349000,1177,-3200,-457,-19,1087,-10198,15260,-4334,-7927,-20318,480,-80,-80,643,21,64
22401000,452,-1603,-17,10,1235,-4033,1222,-4395,-3097,-9785,480,-80,-80,635,21,64
22449000,718,-1894,358,128,859,8661,-27402,-5311,-4531,-10953,480,-119,-80,633,21,64
22501000,644,-1133,23,66,1926,-13921,27162,-3846,-4211,-7285,480,-80,-119,624,21,64
22549000,155,-147,-381,-118,266,-5498,-14829,-2991,-1600,-3019,359,-80,-360,570,21,64
22601000,321,-1155,268,-76,797,3168,-29111,-1954,-2568,-17645,359,-119,-1879,552,21,64
22649000,287,-753,93,48,956,-8245,21791,-3724,-2182,-20256,480,-39,-2519,554,21,64
22701000,-84,605,-235,-75,-508,-10625,5739,-3052,27,-17872,480,-80,-3680,561,21,64
22749000,-227,728,-38,-111,275,-4766,-6773,-1893,741,-18709,480,-80,-3960,602,21,64
22801000,-457,1406,237,-41,405,-8489,24599,-2320,2196,-12283,359,-80,-3520,671,21,64
22849000,-751,1833,-13,220,2089,-2507,-4331,-1710,3890,-7558,-119,-80,-3200,691,21,64
22901000,-621,839,34,101,320,-1531,-3721,-2320,3149,-14416,119,-80,-3320,689,21,64
22949000,-739,1437,-164,42,865,-7207,28688,-1099,3653,-11685,359,-80,-3279,690,21,64
23001000,-630,1208,-152,-231,979,7501,-25144,-2198,3433,-11343,480,-39,-3159,689,21,64
23049000,-289,177,243,29,764,-4033,-5308,-4884,1181,-13542,480,-80,-2560,688,21,64
23101000,-875,1135,-36,-233,1335,-16118,24904,-5128,4624,88,480,-80,-1119,678,21,64
23149000,-688,908,-7,262,2022,13605,-23801,-5860,4216,2810,359,-80,-599,675,21,64
23201000,-356,312,195,-42,1652,-10625,5250,-6837,1371,-738,480,-119,-440,630,21,64
23249000,-1059,1111,-3,-123,908,-19780,15016,-6593,4789,2685,599,-119,-559,573,21,64
23301000,-929,596,-205,-297,458,10248,-26243,-8179,4707,-718,2039,-119,-720,478,21,64
23349000,-317,107,-73,-4,965,10797,-1463,-11719,1900,-2241,2160,-80,-479,462,21,64
23401000,99,916,98,74,1098,3473,16237,-13367,-1044,4162,2039,-80,-199,447,21,64
23449000,260,1569,-224,-30,704,1337,5189,-14039,-1892,8097,1799,-80,-119,446,21,64
23501000,242,1678,133,-129,1229,-4094,-547,-14466,-1872,9289,1439,-80,-80,459,21,64
23549000,29,1722,248,-118,1288,-10015,2626,-14161,-916,9273,599,-80,-119,492,21,64
23601000,-313,1772,85,-72,355,-9771,-791,-12086,1359,9606,480,-80,-119,518,21,64
23649000,-520,1700,-28,-19,342,-6414,-8176,-8790,2493,9402,480,-80,-119,519,21,64
23701000,-645,1484,136,153,860,-6109,856,-10194,3287,7235,359,-80,-240,522,21,64
23749000,-674,1624,-157,-28,1216,-4461,-5979,-10010,3467,8309,-2999,-80,-199,543,21,64
23801000,-650,1206,-4,-131,612,-2263,-10496,-5555,3551,5851,-28680,-39,-199,603,21,64
23849000,-605,1274,-146,-31,-52,482,13368,10252,3442,5592,-36000,-39,-240,606,21,64
23901000,-390,1174,175,-254,1417,3107,-22642,17576,1807,5434,-38160,-80,-240,614,21,64
23949000,-399,141,-110,0,1791,-3301,-3355,19346,1807,540,-38519,-80,-119,614,21,64
24001000,-645,981,-102,112,1637,-66,23134,22764,3289,5005,-36960,-80,-119,614,21,64
24049000,-444,552,73,-183,1176,11163,-29234,22459,2600,3880,-24960,-80,-119,613,21,64
24101000,-383,-28,209,-85,1447,-2019,20265,11961,1762,-1325,-3599,-80,-199,614,21,64
24149000,-645,1240,77,-217,1664,2741,27406,5980,3267,4820,359,-80,-199,637,21,64
24201000,-281,1287,120,118,1591,13422,-11106,-3846,1173,7485,359,-80,0,750,21,64
24249000,-262,1222,-360,37,336,-3545,25087,-3541,775,5788,359,-80,-80,776,21,64
24301000,-228,2198,-364,84,656,20197,12330,-10926,1094,12545,359,-39,-39,794,21,64
24349000,925,1665,-87,160,745,28558,-8604,-4578,-4711,9976,359,-80,-80,794,21,64
24401000,1523,1235,239,-113,1236,8173,4518,-4578,-9322,-2583,480,-80,-1679,759,21,64
24449000,1537,1106,55,184,1418,9027,2748,-6470,-9603,-16557,359,-119,-3999,677,21,64
24501000,1686,892,195,-173,1227,4205,14223,-8424,657,-34572,-6239,1800,-6840,585,21,64
24549000,1291,1568,83,-74,1629,-7512,28200,-5311,30882,-40773,-12479,6680,-8440,571,21,64
24601000,909,2058,-7,243,738,-982,16054,670,46563,-28261,-37800,8920,-6920,572,21,64
24649000,996,2700,-121,-55,595,10980,36989,15257,40733,-16073,-39600,7960,-5279,573,21,64
24701000,1460,3418,-128,-193,1965,25507,5861,21788,20109,-8725,-33840,4920,-4920,574,21,64
24749000,2052,2836,134,259,676,20075,8058,23924,4999,-8057,-25679,2839,-4279,574,21,64
24801000,2007,3413,-13,137,542,2680,36256,17882,-12132,-152,-4200,-80,-3439,576,21,64
24849000,1640,3871,-79,138,1545,3229,11720,6834,-9977,2189,-119,-39,-3520,582,21,64
24901000,1327,3316,93,-23,667,-2385,2809,-428,-7946,5092,-119,-39,-2439,617,21,64
24949000,832,3230,7,-91,1856,-5620,9157,364,-5815,9863,-599,-80,-1519,619,21,64
25001000,471,2488,-94,-76,1579,-127,-21726,-1221,-3206,13067,-1199,-80,-240,633,21,64
25049000,274,1622,-17,216,311,-5620,-2012,914,-2357,9330,-4200,-80,-39,659,21,64
25101000,54,1831,121,160,1515,299,-10923,4210,-784,31109,-8640,-80,3520,690,21,64
25149000,240,177,199,-168,544,5060,-53220,6041,-1446,42943,-14400,-39,6840,710,21,64
25201000,-87,-1226,-271,-166,1317,-13189,-13914,10008,274,54253,-26160,-39,10559,719,21,64
25249000,-341,-2145,-318,100,1167,6342,-49680,12388,2080,45137,-28080,-39,9639,719,21,64
25301000,169,-4406,69,-179,1421,1337,-59080,16173,-1218,11121,-28920,-39,6319,705,21,64
25349000,-167,-5186,-34,-52,868,-12456,-31614,22093,56,-3564,-30239,-80,4519,681,21,64
25401000,-281,-5830,59,11,510,1093,-50291,23497,1171,-34124,-29639,-80,-39,655,21,64
25449000,-14,-6013,117,-72,-330,-1897,-13609,24290,-155,-35852,-26520,-39,-39,644,21,64
25501000,-149,-4638,97,-119,1494,-6109,-3233,25938,402,-27659,-25799,-80,-119,634,21,64
25549000,-265,-4338,144,-27,1179,-2996,-21238,24534,1083,-25805,-25920,-80,-80,621,21,64
25601000,-300,-3166,122,54,1246,-7268,21242,25206,1281,-20961,-25799,-80,-440,619,21,64
25649000,-436,-1710,-55,17,-331,-4705,4579,26182,1945,-17869,-24599,-80,-1239,620,21,64
25701000,-191,-1512,129,195,838,1154,1771,26243,649,-23208,-15360,-80,-2480,620,21,64
25749000,-231,-126,-60,-21,1438,-9038,34547,17271,734,-26166,-4920,-80,-4080,621,21,64
25801000,-44,1291,-15,-66,1549,7013,17518,9154,256,-19930,480,0,-4720,621,21,64
25849000,419,1773,-111,-15,1028,604,17763,4027,-2493,-22372,599,-39,-5520,621,21,64
25901000,315,2818,-188,28,890,-6536,32472,4149,-2064,-15239,3840,-39,-5440,591,21,64
25949000,422,3255,-138,-115,1288,5609,10377,914,-2635,-12981,4320,-80,-5479,565,21,64
26001000,745,3311,133,11,1245,2557,17030,-794,-4563,-12374,2160,-39,-5440,555,21,64
26049000,563,3778,16,-240,338,-7695,24171,-306,-3887,-6376,359,-39,-4800,591,21,64
26101000,171,3764,185,-2,2179,-3423,4762,2440,-1695,5142,-599,-119,-2879,645,21,64
26149000,2,3596,-257,-20,2016,-4400,20204,3111,-604,6360,-960,-80,-2480,661,21,64
26201000,-149,3785,-443,-131,1032,543,2504,3660,403,15030,-1919,-80,-1200,678,21,64
26249000,138,2879,-27,144,91,6281,-9763,4881,-932,14076,-2399,-80,-599,679,21,64
26301000,17,3033,89,-57,1247,-4338,18434,8055,-1263,17402,-2999,-199,-39,679,21,64
26349000,96,2269,75,176,1476,9027,-29905,4759,-8709,15851,-2040,-1440,199,678,21,64
26401000,156,808,25,167,1193,-6719,-6834,3843,-19277,7027,359,-3159,399,677,21,64
26449000,-487,931,-28,141,941,-13982,3297,5064,-18051,5094,599,-3480,-39,679,21,64
26501000,-673,-157,304,89,1472,299,-32896,3050,-14220,-1611,7319,-3120,-119,679,21,64
26549000,-1025,-846,285,42,1534,-23809,3724,-1710,-12722,-5553,7559,-3079,-80,679,21,64
26601000,-1838,-78,-96,24,1555,-10198,2687,-2320,-939,-689,4680,-2000,-39,714,21,64
26649000,-1230,-789,-129,-172,842,11530,-27769,1524,290,-4022,480,-1319,-80,733,21,64
26701000,-991,-649,147,251,1066,-16240,19716,3172,3669,-4007,480,-360,-39,735,21,64
26749000,-1084,159,-352,-187,1008,1398,-4331,4027,5810,2141,359,-160,199,740,21,64
26801000,207,-720,506,323,1723,21356,-20567,5247,-2134,694,359,-160,840,745,21,64
26849000,824,-307,-200,66,1452,-1958,18373,4515,-5894,1979,480,-199,840,750,21,64
26901000,703,128,91,-195,1171,3900,-21177,3477,-4784,1441,599,-119,120,749,21,64
26949000,794,-812,2,-91,478,3778,-17881,3721,-5153,-4590,4080,-80,-80,735,21,64
27001000,252,-36,-123,-53,1531,-13189,18251,2806,-1698,-910,8400,-39,-119,566,21,64
27049000,37,169,-120,61,1120,5670,-20811,-1282,8356,-896,17279,1440,-399,433,21,64
27101000,339,-856,-94,-36,242,3961,-29295,-5250,22206,-9627,19800,4159,-800,385,21,64
27149000,391,-1486,110,-42,1171,-2446,-18247,-9827,22080,-9562,20399,4200,-240,413,21,64
27201000,277,-1576,-95,108,-982,-3118,-3171,-12086,22570,-9862,22680,4159,-119,437,21,64
27249000,260,-1194,40,56,615,-371,5922,-13978,22926,-7934,23520,4200,-80,479,21,64
27301000,304,-527,194,117,494,4205,11232,-15321,22641,-3764,25800,4200,-119,544,21,64
27349000,410,129,-70,77,-1383,2680,14161,-18189,22141,-338,27240,4200,-80,556,21,64
27401000,702,816,28,25,539,11835,10011,-19105,20096,4283,19440,4159,-80,595,21,64
27449000,1101,1257,-17,18,1439,9271,13917,-12696,17836,6549,2640,4119,-80,632,21,64
27501000,1338,1643,2,-126,924,9271,8119,1646,16401,9323,119,4159,-39,632,21,64
27549000,1551,1583,151,-67,1008,12567,368,1097,15405,8897,-4079,4159,-80,635,21,64
27601000,1810,2001,-56,-80,556,9393,15138,3599,12027,11399,-6239,3880,-39,657,21,64
27649000,1896,2073,39,-254,1697,14398,-11045,5797,6565,12292,-7080,2999,-39,672,21,64
27701000,2075,1735,297,123,1174,11530,10011,6590,1655,9621,-3959,2360,-80,678,21,64
27749000,1870,2701,163,-183,1249,-371,22523,7261,1768,14697,-840,2239,-39,678,21,64
27801000,1888,2102,268,-78,1369,12933,-26853,5614,-5163,11990,480,999,-39,673,21,64
27849000,1765,1615,-217,37,965,-5742,25209,3538,-4381,8165,5520,1080,-119,638,21,64
27901000,1087,2794,136,67,1530,-6047,22035,3477,-45,15776,23400,1080,-80,556,21,64
27949000,1250,2376,224,79,1699,15802,-12388,-8973,1058,14493,30000,1359,-39,549,21,64
28001000,1193,1217,196,32,1446,-9465,-15134,-18739,1199,6610,30840,1400,-80,555,21,64
28049000,524,673,-143,-60,842,-8245,-4880,-24598,4541,4225,31800,1400,0,567,21,64
28101000,344,492,28,15,1030,4389,-5247,-24354,5904,2632,32880,1359,-39,575,21,64
28149000,460,88,-120,-54,725,3534,-9275,-24598,5258,683,30599,1359,-39,577,21,64
28201000,294,84,82,-14,1073,-1958,5739,-23316,5729,256,20160,1280,-39,584,21,64
28249000,170,-25,-36,-105,1996,-676,-12205,-17457,6432,-195,12599,1280,-80,586,21,64
28301000,154,-349,133,148,201,-1531,-181,-9339,7471,-2497,480,1440,-80,588,21,64
28349000,207,387,-35,108,306,787,15443,-1099,7544,1370,359,1480,-39,587,21,64
28401000,448,94,166,-44,1075,5365,-22581,1951,5993,547,-8400,1480,0,629,21,64
28449000,532,-219,75,-1,2055,-6414,17030,6956,4515,353,-14880,1319,360,667,21,64
28501000,396,663,-348,-209,665,55,8180,14464,1649,6877,-13320,680,520,694,21,64
28549000,641,-186,-119,203,595,7440,-34360,15623,-3595,3081,-10799,-39,520,708,21,64
28601000,489,-185,53,-71,1423,-11724,22890,11839,-3308,-1543,-4679,-80,-80,715,21,64
28649000,293,616,-86,290,1279,5182,62,10374,-2013,2692,-719,-80,-119,713,21,64
28701000,810,-393,-221,-240,1232,1520,-22520,7750,-14939,-14378,480,-1760,-2079,714,21,64
28749000,390,-53,402,-178,862,-22649,32228,6407,-33031,-19836,599,-5160,-3159,715,21,64
28801000,-81,738,10,-119,1987,-9649,-6528,7506,-48353,-15006,959,-8400,-3320,714,21,64
28849000,-618,-152,405,276,1414,-27959,-7993,10618,-56774,-15802,1920,-10240,-2680,715,21,64
28901000,-2190,475,-388,68,1315,-44133,33693,7384,-49116,-10719,4320,-10640,-2320,715,21,64
28949000,-2755,899,295,19,1544,-20025,-5674,4271,-55004,-6572,6719,-12200,-2120,712,21,64
29001000,-2993,375,-54,172,1320,-40166,14589,6590,-56767,-7581,8520,-12760,-1679,698,21,64
29049000,-4129,1726,74,158,1727,-45415,31129,4088,-58417,-247,12240,-14000,-1519,685,21,64
29101000,-4600,1755,63,-132,968,-28753,-16721,-2503,-47893,1603,12120,-12840,-1480,683,21,64
29149000,-5109,1495,61,75,1072,-49505,14223,-2137,-25824,-5703,11280,-9400,-2359,683,21,64
29201000,-5436,2659,-272,83,1638,-14653,16481,-977,16254,-4534,10079,-2640,-3439,682,21,64
29249000,-4192,1910,-18,-5,471,11957,-23374,-2137,25634,407,9720,-39,-2079,678,21,64
29301000,-2882,1643,-179,-63,824,-4094,23073,-428,32099,9318,12240,2639,-39,666,21,64
29349000,-1984,2186,263,-196,1568,15497,-364,-2503,33755,16530,17760,3599,599,640,21,64
29401000,269,891,397,42,1898,42536,-29417,-9583,20755,17274,27599,3840,2079,575,21,64
29449000,1608,161,259,184,1726,18976,-6956,-16846,12607,13090,27599,3640,2040,567,21,64
29501000,2173,66,136,-39,803,17572,-5552,-19227,2249,12013,27359,2560,2000,538,21,64
29549000,2805,-262,22,163,1531,24042,-14707,-22401,-4296,9765,26400,1960,1879,537,21,64
29601000,3241,-533,2,107,468,16718,-11289,-22401,-17678,7827,23280,199,1879,539,21,64
29649000,3192,-439,-38,-110,1679,8051,-12022,-21241,-19005,6259,18119,-39,1519,569,21,64
29701000,2683,-618,-25,56,417,4633,-13120,-15137,-16064,-1272,16560,-80,399,576,21,64
29749000,2003,-587,54,14,1259,-2813,917,-14771,-12919,-3823,16680,-80,-39,577,21,64
29801000,1198,-419,-118,-128,948,-2630,-3965,-14771,-7429,-2668,14519,-80,-39,577,21,64
29849000,678,-526,58,75,186,177,-1340,-13673,-4833,-3116,12960,-80,0,581,21,64
29901000,268,-12,-371,80,447,-1470,8363,-10865,-2024,-70,8159,-80,0,640,21,64
29949000,-15,-10,-180,73,2179,2252,-15134,-7203,-262,87,7680,-39,-39,664,21,64
30001000,-343,151,11,99,605,-3240,15932,-7569,1766,649,7079,-39,-39,678,21,64
30049000,-343,969,-219,-162,865,10553,-3660,-4578,1822,5350,7079,-80,0,684,21,64
30101000,-29,227,209,-90,752,5060,-17942,-4456,-293,1325,6120,-80,0,688,21,64
30149000,-322,824,129,-52,1577,-5864,33693,-4517,1304,7210,4440,-39,639,687,21,64
30201000,-216,1316,-101,66,724,10492,-16660,-3663,5211,14163,2519,680,1119,687,21,64
30249000,-36,294,-39,200,1009,1032,-8054,-489,4284,9324,1679,720,1199,686,21,64
30301000,-438,863,-150,-99,976,-4155,21486,1768,7197,12224,480,799,1240,687,21,64
30349000,-274,441,-350,-77,705,14642,-29295,-1,6704,8114,480,799,759,685,21,64
30401000,-106,-155,58,-90,1238,-5559,13307,1158,7127,-1133,359,1119,-39,679,21,64
30449000,-530,897,-32,-3,972,-554,18495,4027,8525,4182,240,959,-39,672,21,64
30501000,-110,399,-96,19,1048,15497,-18858,1829,4594,2089,240,680,-39,673,21,64
30549000,11,277,93,176,637,-5315,19227,2806,-445,475,359,-39,-80,672,21,64
30601000,111,711,213,-48,1470,13117,-10496,3599,-648,3436,480,0,-119,643,21,64
30649000,698,-226,77,-139,886,9210,-13914,5369,-3887,-1573,480,-39,-160,624,21,64
30701000,494,91,127,-160,417,-5864,22035,6285,-3107,-3888,480,-39,-759,577,21,64
30749000,453,287,-14,-88,1247,6525,-6406,5125,-2802,-3062,359,-39,-880,558,21,64
30801000,594,-394,144,61,2179,1032,-5979,4515,-2993,-9035,359,79,-1160,549,21,64
30849000,154,-221,-23,-66,1029,-10381,11903,2379,2737,-9878,480,720,-1399,541,21,64
30901000,-307,251,-114,84,-745,-5681,8302,1829,15506,-8770,359,2360,-1760,541,21,64
30949000,-294,575,-157,42,142,1093,6959,1524,18879,-11220,359,2920,-2439,541,21,64
31001000,-142,1232,-302,-4,-179,4266,15565,2196,24542,-7248,359,4080,-2480,541,21,64
31049000,52,1917,24,-181,2179,9027,12758,792,23670,-3531,240,4080,-2439,541,21,64
31101000,416,2247,-33,71,663,13666,12025,181,21529,-885,240,4119,-2400,542,21,64
31149000,802,2561,122,-149,1262,16718,14467,975,19608,3886,240,4119,-1840,563,21,64
31201000,1111,2442,-90,47,965,12994,6166,1768,4933,12799,-1919,1960,-240,636,21,64
31249000,1331,2090,-268,-46,2023,11957,3541,4820,-1492,12266,-3120,1040,-39,673,21,64
31301000,1303,1926,-76,-187,1437,6830,7448,5675,-1762,18174,-3120,999,1199,694,21,64
31349000,1199,1331,48,256,1431,7868,-10679,5430,6520,25618,-3240,2320,2920,708,21,64
31401000,1079,377,180,109,1320,6159,-1218,5308,16045,24051,-2879,3840,3759,709,21,64
31449000,1040,515,-73,-239,1852,8173,8302,6590,18653,17913,-1919,4240,2600,709,21,64
31501000,1218,-343,291,263,1462,15131,-22092,6407,21746,-369,-1799,4960,280,708,21,64
31549000,1246,-382,-58,-53,1128,5731,35463,5247,18562,-3568,-719,4479,-39,708,21,64
31601000,1103,1196,-308,-185,2143,14642,29725,5003,8234,6953,240,2520,0,692,21,64
31649000,1580,965,-51,168,647,17877,-15134,2440,-1858,5741,359,1199,-119,671,21,64
31701000,1216,876,79,-193,206,-13311,30702,3599,-7534,4632,599,-80,-80,598,21,64
31749000,486,1995,-152,-135,743,-5498,20082,8177,-3737,9789,599,-80,-199,544,21,64
31801000,536,1461,-35,55,968,6586,-17210,1829,-3583,7102,839,-80,-240,513,21,64
31849000,592,605,84,27,1771,-1836,-9641,548,-3988,2823,839,-80,-199,507,21,64
31901000,74,534,-67,-83,505,-14226,3969,-1,-1364,2176,599,-160,-160,507,21,64
31949000,-424,528,-221,-45,2179,-9465,-5796,-733,-4916,2793,599,-1200,-80,508,21,64
32001000,-797,160,321,-50,1590,-11541,-10862,-2015,-11407,465,480,-2760,-80,533,21,64
32049000,-1195,-172,76,-1,1595,-15569,-7688,-733,-21843,808,480,-4880,280,573,21,64
32101000,-1717,-362,-151,4,752,-22344,-13486,2073,-27686,6262,359,-6480,1440,674,21,64
32149000,-2297,-773,265,40,1248,-23442,-17271,3050,-22818,4911,119,-6120,1559,712,21,64
32201000,-2751,-806,282,41,833,-18132,673,1829,-10281,-267,240,-4520,759,739,21,64
32249000,-2800,-1157,-321,-30,1348,-9893,-27708,1341,-1418,-2153,359,-3079,639,748,21,64
32301000,-2627,-1866,269,30,1046,-9282,-364,548,2720,-11081,359,-2159,-39,749,21,64
32349000,-2506,-945,-360,59,1750,-4094,17824,-306,7095,-6459,480,-1319,0,749,21,64
32401000,-1752,-1056,243,-73,1116,8661,-26365,914,9023,-6375,480,-199,-39,747,21,64
32449000,-1234,-1400,165,190,1544,-2324,5983,731,6460,-8789,359,-160,-39,747,21,64
32501000,-886,-469,76,6,1136,7684,2626,-672,4454,-2961,359,-119,-39,747,21,64
32549000,-124,-1018,-226,176,320,15802,-19895,3233,1132,-5244,480,-39,-39,743,21,64
32601000,-103,-709,-238,37,1644,-10503,24110,3050,369,-4592,480,-39,-80,726,21,64
32649000,-208,16,258,-128,1360,7379,-4453,1829,1187,-37,480,-80,-39,706,21,64
32701000,412,-727,151,322,1862,7440,-8970,1768,-2863,-4460,480,-80,-39,695,21,64
32749000,46,-192,57,84,1223,-12761,17335,3294,-1398,-2209,359,-80,-39,682,21,64
32801000,-225,-453,-50,-270,385,9882,-27830,1951,844,-2866,480,-80,-39,621,21,64
32849000,62,-1588,-60,-22,525,5121,-13547,2867,-757,-9243,599,-80,-80,577,21,64
32901000,-407,-939,37,-46,1361,-12944,17396,2684,2134,-5923,1439,-39,-80,539,21,64
32949000,-793,-602,176,-131,1280,-6902,-7444,-1160,4017,-3606,1320,-80,-39,540,21,64
33001000,-837,-1026,-97,20,-221,-5071,-9336,-2259,4403,-6199,480,-80,-39,541,21,64
33049000,-900,-718,65,-31,1644,-5315,6349,-2198,4734,-5026,359,-80,-39,567,21,64
33101000,-976,-401,-161,35,1497,-5010,-7078,-489,5211,-2799,359,-80,-80,596,21,64
33149000,-864,-623,-95,-90,2179,299,-5674,731,4758,-3798,359,-80,-39,644,21,64
33201000,-717,-113,-233,-76,99,-1409,5861,1524,3704,-1122,359,-80,-80,679,21,64
33249000,-536,-118,-113,-166,571,3107,-20994,2379,2874,-427,359,-80,-39,699,21,64
33301000,-397,2,16,56,1581,-493,18678,2684,1846,-217,359,-80,-39,699,21,64
33349000,-265,986,-149,-259,1182,6647,-669,5552,1342,4818,480,-80,-80,699,21,64
33401000,47,337,84,234,1120,4694,-18308,4942,-739,1265,480,-80,-119,698,21,64
33449000,20,882,-147,127,825,-5986,32167,5003,-639,3275,480,-80,-80,681,21,64
33501000,241,1646,-79,3,1118,14581,-10679,4210,6966,8643,480,1440,-160,645,21,64
33549000,800,564,-55,-174,722,3839,-16294,8299,24635,2576,359,5000,-279,629,21,64
33601000,856,690,-97,-354,-111,10309,23805,4515,45938,-8076,359,8759,-2079,612,21,64
33649000,1730,997,-353,-165,-107,40033,-3843,5491,43472,-4496,480,9000,-1840,605,21,64
33701000,2910,122,187,-47,909,28925,-8543,5125,35395,-7656,480,9000,-1440,604,21,64
33749000,3274,255,220,55,1884,23432,19777,3599,31201,-5360,480,8599,-1080,605,21,64
33801000,3962,490,82,48,1060,39240,-5064,4149,19748,58,480,7360,-479,604,21,64
33849000,4549,-31,323,145,2179,25507,-9885,4210,9286,-1089,359,6120,-240,603,21,64
33901000,4227,244,22,-128,800,12323,12391,5308,-159,1191,359,4200,-39,603,21,64
33949000,3997,290,233,-70,1500,17023,-14341,3843,-8668,1860,480,2520,-39,604,21,64
34001000,3553,-451,131,92,800,-554,-7383,4576,-16935,-3088,359,639,-80,606,21,64
34049000,2551,-113,-140,21,1830,-6963,13978,4210,-16423,-1838,359,-119,-80,605,21,64
34101000,1868,-139,32,-3,438,-3179,-17820,3477,-11323,-1277,480,-80,-80,603,21,64
34149000,1163,-453,183,111,-3,-16912,1039,6285,-8771,-6053,359,-199,-559,580,21,64
34201000,153,182,131,86,-124,-15569,13673,5003,-2286,-13124,480,-240,-2439,551,21,64
34249000,-317,97,25,-37,1001,-6841,-6162,2684,-3227,-21112,599,-839,-3800,540,21,64
34301000,-539,-103,125,39,1804,-9588,7997,1951,1972,-22691,599,-199,-3800,540,21,64
34349000,-865,299,187,20,293,-12395,19411,1951,3115,-23923,599,-279,-4320,539,21,64
34401000,-1029,710,54,56,-287,-8062,13368,1768,4354,-25632,480,-279,-5120,541,21,64
34449000,-1008,1065,17,36,1142,-5010,22035,670,5019,-35025,480,-160,-7000,542,21,64
34501000,-1020,1898,269,60,1191,-7207,31190,2196,5231,-41978,359,-119,-9119,549,21,64
34549000,-1001,2646,-173,-17,-306,-6658,29848,2012,5392,-47849,359,-80,-10760,568,21,64
34601000,-912,3789,82,35,1404,-5559,45411,3111,1814,-35169,240,-599,-9840,679,21,64
34649000,-683,4618,161,120,1434,-4033,25575,5614,-14094,-17514,-1199,-3159,-7600,715,21,64
34701000,-732,4411,113,29,-117,-21672,22706,7017,-29223,3554,-1679,-5759,-3800,769,21,64
34749000,-1393,4879,-223,16,1190,-25029,25758,5675,-30868,20338,-1679,-6599,-1319,774,21,64
34801000,-1734,3877,173,130,1366,-14104,-26914,7139,-32699,22541,-599,-7359,0,778,21,64
34849000,-1940,2423,-437,-30,1146,-26983,-8054,6407,-34944,22310,119,-7880,1280,779,21,64
34901000,-2507,1948,142,152,632,-32048,-18735,5125,-43786,28995,359,-10040,3039,779,21,64
34949000,-2846,565,-388,-75,1600,-34429,-34788,4759,-44645,22641,359,-10440,3080,779,21,64
35001000,-3723,20,52,-125,2041,-45659,-5247,3355,-61597,19419,359,-14320,3320,776,21,64
35049000,-4641,-670,223,23,939,-45537,-39548,3294,-70939,13391,480,-16720,2720,771,21,64
35101000,-5543,-2049,122,167,1388,-60857,-18858,1280,-84031,-9820,240,-20000,360,757,21,64
35149000,-6632,-1757,-180,-260,1042,-63787,-2012,2440,-78723,-11641,480,-20000,-160,734,21,64
35201000,-7612,-2226,304,184,1274,-62322,-32468,3782,-68980,-15269,1199,-19480,-399,725,21,64
35249000,-8723,-2251,-30,-73,1442,-73247,9218,1463,-34207,-28965,3480,-14400,-2560,713,21,64
35301000,-9108,-932,-360,-161,1304,-30950,6227,181,19233,-18904,19320,-5800,-2320,673,21,64
35349000,-7733,-938,92,-209,1704,-3850,-15256,-7447,46523,-15519,34560,0,-1760,622,21,64
35401000,-5952,-688,-296,35,803,6281,3786,-19593,50644,-6095,39960,2760,-360,614,21,64
35449000,-3840,216,252,61,852,31122,12208,-26612,76554,-513,36120,8920,-160,627,21,64
35501000,-996,595,158,68,1334,58954,-2500,-22034,98100,2996,17160,15880,-80,684,21,64
35549000,1811,787,79,179,1388,73236,10377,-8851,97216,3977,5639,18080,-39,705,21,64
35601000,4593,1134,-67,-46,2179,81720,-2988,-428,88857,20313,359,19880,2360,710,21,64
35649000,7022,422,40,-251,750,91669,-22947,1524,76480,23286,359,19800,3440,709,21,64
35701000,8884,171,117,-134,1481,80682,-1157,2684,57406,16339,240,18759,2639,702,21,64
492,853,41188,2017,480,17080,520,662,21,64,,,,,,,
35801000,11159,-1271,235,209,847,67987,-1890,3966,30229,-7389,480,16359,0,538,21,64
35849000,10724,-331,-146,-102,285,49494,27711,4942,25832,-3377,599,15280,-39,494,21,64
35901000,10149,558,-74,28,1134,51752,8119,2257,28890,2551,480,15120,-119,484,21,64
35949000,9901,574,-3,-66,1495,54193,-5857,-916,17276,3004,480,12920,-80,497,21,64
36001000,9636,383,68,115,363,47724,-1707,-2503,16294,1764,359,12440,-80,554,21,64
36049000,9161,349,217,-74,1188,43573,-4697,-550,8081,1669,240,10639,-80,581,21,64
36101000,8489,67,-222,-71,715,32953,-7871,1036,9010,-74,240,10039,-80,596,21,64
36149000,7529,174,-159,47,106,20868,4213,426,7740,-63,359,9040,-119,598,21,64
36201000,6559,480,-253,166,853,21845,-7322,-1466,10465,2097,119,8360,-119,644,21,64
36249000,5751,217,104,15,2029,12506,-3843,1524,-5286,7628,-480,5000,1080,714,21,64
36301000,4353,915,-37,-29,268,-6841,12208,2196,-25769,42288,240,-80,6359,742,21,64
36349000,3009,300,-297,-17,288,-10686,-41074,-306,-19171,61101,119,-80,9920,746,21,64
36401000,1585,-1496,260,128,1218,-22527,-27647,-1832,-9680,60819,119,-80,11960,746,21,64
36449000,233,-1942,-171,-110,1276,-19109,-28928,-3052,-2677,35797,240,-39,7999,746,21,64
36501000,-403,-3457,275,292,1193,-8550,-50901,-2137,1878,-18935,359,-80,199,729,21,64
36549000,-1018,-3894,-110,195,1312,-28264,-2561,-2930,3844,-24502,359,-199,-199,717,21,64
36601000,-1714,-2797,-361,-178,1023,-12517,-10252,-1038,-727,-28582,480,-1840,-2120,706,21,64
36649000,-1551,-2834,247,274,1031,-15935,-12693,-245,-9290,-37679,359,-3159,-3639,690,21,64
36701000,-2525,-1416,163,224,1514,-52922,40834,-1343,-15079,-51478,480,-5120,-7439,644,21,64
36749000,-3701,565,80,-10,1277,-39922,31373,-2320,-17776,-49207,480,-6640,-8800,635,21,64
36801000,-3818,1366,308,198,1348,-33513,27040,-367,-41742,-45068,5399,-11000,-9119,605,21,64
36849000,-4611,3110,41,70,1896,-65191,65065,-2930,-56298,-36144,6600,-14080,-8960,598,21,64
36901000,-6263,4711,14,118,1415,-70073,40468,-3297,-56128,-17253,6840,-15920,-7680,600,21,64
36949000,-7211,4588,221,35,1739,-63665,22645,-3602,-55148,-12807,6600,-16560,-6840,600,21,64
37001000,-8295,4992,-32,-173,1449,-78496,44618,-2320,-44551,-2831,4320,-15960,-5479,608,21,64
37049000,-9171,5201,-129,-229,1008,-67998,14223,-2015,-31831,1578,2519,-14559,-5000,611,21,64
37101000,-9293,4223,-129,4,69,-56646,8180,1280,9844,-4045,1560,-7600,-4920,628,21,64
37149000,-8880,4550,442,-30,1405,-41753,43641,-855,44810,145,1560,-1280,-4400,630,21,64
37201000,-7224,4625,-188,2,1571,971,-3904,609,41530,12470,1439,-80,-2480,629,21,64
37249000,-5246,3446,217,221,1718,-1775,-2622,5369,31649,6817,1560,-80,-2439,630,21,64
37301000,-3847,3652,-159,228,1904,-5010,29848,2135,22129,20069,1560,-39,-199,629,21,64
37349000,-2191,3416,89,-10,778,21295,-19590,3111,14080,20556,720,-80,-80,630,21,64
37401000,-459,1843,128,240,518,6403,-10679,6224,2207,21413,720,-80,1840,631,21,64
37449000,-49,2279,28,83,1617,-2874,17763,5247,-586,34870,720,-199,3840,631,21,64
37501000,848,1565,320,191,1120,23126,-42966,5247,-37019,35142,2039,-5520,4479,629,21,64
37549000,1597,-419,314,27,1113,-615,-36680,5614,-62758,14224,2279,-9200,2639,629,21,64
37601000,611,-668,-412,-39,1192,-33818,-669,3294,-63540,298,2279,-10320,720,629,21,64
37649000,-221,-1187,-107,-152,1117,-12151,-41563,-367,-57403,-5968,2160,-10040,-39,621,21,64
37701000,-519,-2060,-232,22,328,-18010,-14951,2989,-26973,-11979,2160,-5160,0,619,21,64
37749000,-1141,-1287,-93,-191,417,-22466,6776,4088,-9540,-8715,3119,-2680,-80,620,21,64
37801000,-972,-1370,-197,92,1624,13544,-24534,2501,5190,-4944,5520,-80,520,620,21,64
37849000,-115,-1405,277,-205,1527,10370,-1951,-1527,784,-5744,6000,-80,480,621,21,64
37901000,204,-901,107,-135,1284,7868,-4942,-1771,-1655,-3610,8040,-80,280,621,21,64
37949000,968,-1288,125,108,1510,26544,-20139,-3236,-5170,-5165,9239,-80,320,620,21,64
38001000,1630,-900,-34,81,918,10736,15565,-4700,-9708,-3375,15480,-39,320,626,21,64
38049000,1615,-277,-104,214,372,15924,-8298,-7447,-9537,1128,19680,-39,480,631,21,64
38101000,2041,-808,233,231,1832,19281,-15317,-13306,-11865,-3074,19320,0,280,631,21,64
38149000,1712,-554,-83,-131,1086,-6109,10011,-15870,-10463,603,14880,39,759,632,21,64
38201000,903,-486,-405,-144,934,4572,-21665,-13551,18931,24141,480,4159,4640,645,21,64
38249000,1210,-1109,48,-56,424,28681,-11777,-7081,17786,30716,240,4159,6359,645,21,64
38301000,2028,-647,-168,-172,1629,28436,-4026,-6593,1227,44600,240,2239,8320,651,21,64
38349000,2340,-1600,112,60,1235,17755,-56882,-6776,-7903,42486,359,959,8599,694,21,64
38401000,2261,-2947,-75,-24,542,14398,-23191,-9522,-8031,23326,480,880,6960,715,21,64
38449000,2268,-2514,-276,111,989,15314,-14890,-8973,1949,3200,599,2600,3120,715,21,64
38501000,2241,-2851,65,-13,-131,12750,-31736,-10621,26033,-17503,2160,6719,-160,712,21,64
38549000,2206,-2249,-237,57,634,20380,16115,-12025,37365,-25012,2400,8599,-1799,706,21,64
38601000,2737,-971,-140,171,1570,39362,-9519,-13795,45932,-26108,2279,10639,-3520,680,21,64
38649000,3455,-1261,31,-36,1343,35150,-8237,-15504,42540,-29944,2160,10680,-3919,664,21,64
38701000,3614,-112,-252,148,325,25568,35951,-13367,39673,-25997,2039,10439,-4359,646,21,64
38749000,4031,716,170,-194,1200,41254,2626,-13917,25610,-23924,2160,8320,-4839,629,21,64
38801000,4655,974,-284,-88,884,31061,32716,-12025,8745,-26885,1439,6159,-5599,593,21,64
38849000,4583,2924,-122,-193,1284,17938,45778,-6348,-2934,-19451,720,4119,-5959,594,21,64
38901000,4018,3209,89,84,1325,13178,673,-6409,-17079,-25055,599,1080,-7519,596,21,64
38949000,3106,3008,-99,78,324,-5498,37904,-5433,-19696,-34473,359,-80,-8800,619,21,64
39001000,1673,4653,-91,238,779,-13860,50111,-4151,-10190,-30612,359,-80,-9920,630,21,64
39049000,787,4840,-67,0,237,-6292,14161,-4700,-5759,-33794,359,-80,-10720,634,21,64
39101000,-26,5487,74,-97,349,-16179,64515,-1221,-10773,-20184,599,-1879,-8960,679,21,64
39149000,-845,7362,-1,-191,1467,-14409,58534,-306,-28678,1659,480,-5679,-6879,694,21,64
39201000,-1492,7360,50,133,470,-22466,14161,-1832,-27133,17439,599,-6160,-4359,725,21,64
39249000,-2582,7603,-76,-67,802,-33635,46083,-3358,-25377,34198,480,-6760,-1560,728,21,64
39301000,-3091,8079,-481,95,544,-10747,14955,-5982,-20624,46961,480,-6640,0,736,21,64
39349000,-3158,6690,9,23,14,-22161,-15440,-916,-16551,40456,599,-5959,0,736,21,64
39401000,-4001,5477,-397,16,1143,-25701,-3721,-2808,-7432,33932,599,-5279,360,729,21,64
39449000,-3730,3709,-39,-67,1114,-2080,-46873,-3419,-7403,25820,599,-5120,320,715,21,64
39501000,-3745,1602,17,242,1652,-37603,-26426,-1954,-7987,10939,959,-5120,280,686,21,64
39549000,-4636,684,87,-86,1206,-32232,-29417,-3785,-3276,6768,1199,-5120,280,676,21,64
39601000,-4190,-1158,243,51,1247,-10137,-48276,-2991,-5405,-4640,1920,-5120,360,645,21,64
39649000,-4045,-1745,250,45,1061,-25335,-8665,-1527,-3590,-10313,2519,-4640,0,630,21,64
39701000,-3809,-1522,-115,62,928,-4827,-19285,-2076,19354,-18616,3840,-479,-1679,597,21,64
39749000,-2812,-1729,197,-150,1886,5365,-17271,-855,16720,-25880,3480,-80,-2719,588,21,64
39801000,-1952,-942,-137,-114,245,2435,17946,1280,10885,-20825,3119,-80,-2640,587,21,64
-7831,2519,-80,-1760,602,21,64,,,,,,,,,,
39949000,-551,1173,-173,75,664,-921,15565,-428,2817,1312,2039,-119,-800,612,21,64
40001000,-371,1555,-79,-99,1674,2130,-7749,731,1464,8343,1920,-119,-119,615,21,64
40049000,-168,1272,377,57,2064,-2202,-2500,3355,552,7074,1920,-80,-80,620,21,64
40101000,-444,1271,-166,114,1900,-7207,1771,2073,1276,6647,-21787,4881,1888,970,359,-39
40301000,140,-1037,-66,11,2145,9088,-9458,6529,1975,-4635,359,480,239,685,21,64
40349000,109,-509,51,77,1387,-4705,9523,6895,13118,-2111,480,2400,280,689,21,64
40401000,441,-700,-11,129,1491,28253,-35398,5308,24175,345,480,4600,759,689,21,64
40449000,1814,-1634,-51,-53,1207,33441,-14890,6895,24750,-4143,480,5880,880,688,21,64
40501000,2108,-669,-138,-152,1028,9821,11354,7750,31920,12154,480,7600,2760,686,21,64
40549000,2615,-1051,-35,143,975,43695,-46262,5369,29871,10570,359,7560,2639,660,21,64
40601000,3876,-2128,-236,60,447,36493,-15684,6834,23041,-10282,359,7839,360,632,21,64
40649000,3755,-994,-90,-48,96,4022,21669,6041,26163,-7428,480,8360,-39,628,21,64
40701000,3506,-626,308,-134,685,24408,-21238,3721,27980,-4107,480,8320,-80,625,21,64
40749000,4015,-1142,237,79,1868,30023,4640,5369,27390,-4357,480,8640,399,618,21,64
40801000,3969,-222,-232,-201,1299,12994,21181,5247,24593,3821,480,8199,880,592,21,64
40849000,3862,-345,-315,67,1186,26239,-21604,4759,6846,-1136,359,5000,0,589,21,64
40901000,4251,-635,-14,-118,2179,24896,6715,4881,-15179,-3923,359,1640,-39,589,21,64
40949000,3817,479,42,-65,233,-4766,16664,7384,-23302,1266,480,-39,-80,589,21,64
41001000,2761,882,-208,-34,1244,-5986,-10435,3721,-16285,4661,480,-39,-80,586,21,64
41049000,2144,712,-135,-34,554,-3118,4152,4881,-13468,3721,480,-80,-39,583,21,64
41101000,1434,1402,-175,-38,1305,-11602,9706,5003,-8805,7688,480,-80,-80,585,21,64
41149000,696,1090,-60,-14,2179,-10747,-14951,4393,-5409,6609,480,-119,-80,585,21,64
41201000,134,725,141,25,2179,-10869,6898,6041,-1248,3288,480,-80,-160,628,21,64
41249000,-227,1413,-153,25,495,-12456,15443,6773,-365,6421,480,-240,-199,627,21,64
41301000,-460,982,99,-14,1287,-7573,-23008,8177,-24062,5013,480,-4600,-119,632,21,64
41349000,-733,400,59,182,768,-19109,11964,6834,-29008,1728,480,-5640,-80,636,21,64
41401000,-1585,1057,-148,128,1876,-28936,14406,8665,-28916,5681,480,-6560,-80,636,21,64
41449000,-2059,348,93,-10,2179,-17034,-31797,7445,-27310,3178,480,-6720,-39,645,21,64
41501000,-2577,-453,-180,-135,268,-30706,8363,8604,-27332,-3103,480,-7280,-80,652,21,64
41549000,-3277,567,-87,-59,653,-26311,15809,13914,-30056,1705,359,-8360,-119,660,21,64
41601000,-3397,162,239,14,1677,-21856,-31309,10008,-29774,17,599,-8520,-160,665,21,64
41649000,-4034,-267,163,97,1099,-43279,6532,10374,-19817,-5778,599,-7280,-640,666,21,64
41701000,-4357,1147,0,-39,1213,-5986,17763,12205,17654,-1236,3840,-1319,-1360,666,21,64
41749000,-3022,854,98,186,2171,19159,-22825,7384,18589,1859,5879,-80,-679,665,21,64
41801000,-2032,569,-117,21,776,-2568,15870,7200,29022,2844,7319,2960,-80,665,21,64
41849000,-1546,1763,-252,-316,83,12384,21547,6163,33791,8830,8639,4119,-80,666,21,64
41901000,254,1401,-93,-63,261,41742,-17881,4393,10611,7913,15119,2079,-39,667,21,64
41949000,1285,1060,115,134,-501,13544,11659,-306,-8012,6995,16199,-160,199,667,21,64
42001000,1380,1633,-199,46,1422,10004,7020,-2076,-26859,8564,16199,-3240,-160,667,21,64
42049000,1503,1055,351,200,1927,8112,-20811,-2381,-48929,2370,11880,-6920,-800,661,21,64
42101000,808,1055,-72,-61,365,-24602,22340,120,-53296,-1302,7920,-8360,-1280,639,21,64
42149000,-304,2004,-399,-251,342,-19658,7814,3294,-52805,2647,8639,-9240,-1480,629,21,64
42201000,-902,1522,-179,-31,571,-17278,-15012,-1038,-37534,481,17160,-7359,-1440,620,21,64
42249000,-1958,1461,-304,34,470,-38030,13612,-5677,-19365,2301,28320,-5080,-959,585,21,64
42301000,-2751,2157,-148,-32,1968,-9038,18922,-15809,-7024,10445,42000,-3960,-360,574,21,64
42349000,-2491,2538,66,123,967,-10320,7570,-25941,-1632,13767,47280,-2799,-160,567,21,64
42401000,-2871,2303,-231,-2,361,-25701,1710,-33997,10180,12693,44640,-1119,-119,567,21,64
42449000,-2883,1998,-297,-94,-182,-2630,856,-36011,16093,11149,36120,-199,-119,568,21,64
42501000,-2192,1601,-84,-91,1130,5975,-6223,-27650,12281,8610,18960,-80,-119,570,21,64
42549000,-1651,1171,-235,100,775,-615,-2866,-19288,9808,6469,9480,-39,-119,572,21,64
42601000,-1286,963,-42,123,1066,-3179,-2683,-12025,10501,4904,480,520,-119,573,21,64
42649000,-1125,530,-15,41,986,-6353,-11167,-6165,10346,3294,480,639,-39,578,21,64
42701000,-936,663,-97,77,189,-6414,8607,-5128,10327,3621,599,840,-39,579,21,64
42749000,-646,1251,143,-80,1852,787,-2927,-3297,3794,6585,4559,-39,-80,578,21,64
42801000,-474,1031,-168,15,-709,-4766,-6406,-6715,2525,5532,8520,-39,-80,563,21,64
42849000,-559,1315,-24,111,-595,-5498,10988,-9705,2926,6535,11999,-80,-119,532,21,64
42901000,-315,1962,180,47,-379,2924,6166,-12635,1135,10709,12120,-119,-119,516,21,64
42949000,40,2356,-130,-18,583,5975,1893,-13795,-432,12974,12120,-80,-80,517,21,64
43001000,203,2383,88,-43,733,6036,1649,-14222,-1646,13157,12240,-80,-119,567,21,64
43049000,172,2188,22,107,1167,-859,-2622,-10560,-1367,12530,11280,-39,-80,626,21,64
43101000,69,1737,-53,-141,-574,2619,-2256,-8546,-637,9403,11160,-39,-119,635,21,64
43149000,14,1524,50,48,474,3534,-913,-10072,-384,8077,7920,-39,-160,647,21,64
43201000,-32,1334,-118,-144,1387,3046,-6467,-6654,17859,2641,6719,3039,-880,675,21,64
43249000,126,1294,-84,-227,437,13300,10072,-4761,23777,2229,6719,4159,-880,686,21,64
43301000,785,1280,-226,-39,1688,22882,-7932,-5067,28912,931,6600,5759,-1119,706,21,64
43349000,1248,461,202,43,1041,16412,-486,-2991,32396,-3097,6479,6760,-1080,707,21,64
43401000,1827,1175,-130,212,1092,32892,29054,-2564,36809,554,6360,8160,-1080,712,21,64
43449000,3240,1224,-260,-166,654,48944,-15684,-4151,29832,1167,6360,8120,-1160,711,21,64
43501000,4126,850,360,-208,1278,23676,26002,-3724,23443,-1800,6239,8160,-1160,710,21,64
43549000,4386,2095,-289,-163,1472,39850,32838,-2686,22752,3921,6360,8199,-1239,711,21,64
43601000,5153,1934,92,-74,711,40765,-12876,-3175,17473,3573,6479,8160,-1319,698,21,64
43649000,5150,1636,-116,-113,-175,19403,20875,-2259,17157,1584,6479,8160,-1280,646,21,64
43701000,5068,2399,-68,8,1030,34418,9340,1768,11693,-2558,7920,7079,-2840,574,21,64
43749000,5463,1436,373,247,1653,30817,-18125,-4090,4499,-6693,7920,6199,-2799,567,21,64
43801000,5146,673,60,-52,2179,9882,7265,-3419,-14339,-7709,8040,2679,-2000,567,21,64
43849000,4242,924,-392,-175,1289,2069,10560,-2320,-21630,-2957,8760,680,-1399,568,21,64
43901000,3229,526,-112,77,-243,-9282,-8298,-4761,-19006,1200,9480,-39,-319,570,21,64
43949000,2085,244,25,-3,1355,-17278,3663,-6593,-13758,716,8880,-80,-119,601,21,64
44001000,938,219,13,-36,1745,-14470,-3660,-5311,-5920,344,8760,-80,-160,625,21,64
44049000,296,-282,-96,168,2179,-15630,-11655,-4273,-4917,-5161,8159,-440,-679,630,21,64
44101000,-600,29,120,85,1704,-27227,19044,-2991,-25805,-16801,9720,-5039,-2920,629,21,64
44149000,-1461,664,39,178,1079,-26311,-425,-3907,-34323,-13941,10200,-7240,-2999,633,21,64
44201000,-2263,812,-132,82,2179,-37969,7020,-5067,-45200,-18763,10800,-10040,-4040,648,21,64
44249000,-3571,1931,-385,-147,474,-51946,26124,-5128,-38896,-12016,10679,-10040,-3800,681,21,64
44301000,-4349,1955,-349,-76,1404,-28814,-13914,-5616,-6571,-8162,10559,-5479,-3359,700,21,64
44349000,-4626,1919,-238,-81,-103,-36016,27589,-4700,10253,-3595,8880,-2799,-2400,704,21,64
44401000,-4758,3109,-11,156,699,-13921,18556,-3846,27194,14121,8280,-80,-679,713,21,64
44449000,-3616,2244,134,4,1453,7318,-27891,-4029,21896,13987,8400,-39,-80,714,21,64
44501000,-2966,1601,85,55,1992,-15813,16542,-4090,23053,10471,8159,999,199,711,21,64
44549000,-2460,1837,-72,-369,680,15009,-13547,-3236,20636,12489,7920,920,239,707,21,64
44601000,-1116,594,87,132,1158,16596,-18125,-2442,12071,9736,8040,959,1080,685,21,64
44649000,-984,827,188,130,1097,-7207,16725,-1771,11121,13470,7680,959,1600,670,21,64
44701000,-593,544,250,126,553,20136,-33140,-3846,11819,42691,6719,1440,6800,629,21,64
44749000,192,-768,153,-94,1109,9271,-27280,-3297,10042,42183,5520,1840,7880,598,21,64
44801000,286,-1189,-114,-122,1551,-1043,-23984,-1343,5076,30750,4799,1159,6480,577,21,64
44849000,353,-2193,40,-61,1344,5731,-44187,-2381,-2115,13175,5039,-39,4240,576,21,64
44901000,465,-3048,8,48,-276,-249,-18125,-3358,-3173,-5631,6479,-80,2079,575,21,64
44949000,302,-2835,116,-12,1030,-2691,-13609,-1405,-2598,-12871,6840,-119,680,574,21,64
45001000,131,-2870,131,75,1426,-2080,-17149,-3724,-1229,-16917,7680,-80,-39,599,21,64
45049000,156,-2576,224,0,-227,-1104,1893,-4822,-1102,-16331,8040,-39,-119,625,21,64
45101000,311,-1542,-261,-27,1222,-1409,-5918,-2747,-2276,-9661,8040,-80,-119,661,21,64
45149000,466,-1158,-150,-140,1310,1154,-12266,-2869,-2978,-10285,7799,-80,-559,697,21,64
45201000,591,-225,-39,-156,63,2985,18434,-1405,-3671,-14561,7200,-39,-2280,708,21,64
45249000,614,70,21,40,750,2741,-17881,-2015,-2313,-24975,6719,199,-4440,713,21,64
45301000,679,-452,351,63,646,4938,4823,-2442,8839,-43785,6719,2200,-7079,712,21,64
45349000,793,1080,-472,-92,842,7318,48280,-367,8442,-40735,6840,2200,-7760,712,21,64
45401000,1222,1958,110,87,1240,14765,1771,-2137,3121,-35817,6360,1760,-8120,712,21,64
45449000,1491,2042,98,-10,1728,-5,38331,-2259,-1766,-34779,6239,1199,-7880,712,21,64
45501000,1197,3700,-97,-194,1209,726,47059,-733,-7191,-17320,6000,-39,-6680,713,21,64
45549000,1398,3557,132,170,1405,15436,-3049,-1160,-8202,-10258,5760,-80,-5479,711,21,64
45601000,1247,3393,29,129,1698,-9588,42421,-1466,-7950,-10033,4799,-119,-5120,694,21,64
45649000,519,4597,-129,-123,1195,-2080,32045,181,-3730,-5107,4680,-39,-5360,642,21,64
45701000,735,3880,-104,-165,975,12750,-6895,-3236,-4739,-8133,4680,-80,-5279,567,21,64
45749000,627,3315,25,57,534,-7024,22951,-2869,-4564,-9835,4440,-80,-4960,547,21,64
45801000,-109,4134,42,-99,1790,-15203,29542,-367,169,4734,4799,-80,-3320,538,21,64
45849000,-604,3945,39,-44,1479,-7756,-1035,-3052,2715,12049,5399,-80,-2000,538,21,64
45901000,-858,3199,162,74,837,-7146,-2378,-3358,1269,17901,5760,-640,-119,543,21,64
45949000,-1053,2891,-2,-61,1129,-8489,551,-3785,1310,16585,5879,-800,-80,547,21,64
46001000,-1085,2401,98,-79,413,-5559,-14829,-3785,1890,13492,5639,-759,-80,551,21,64
46049000,-996,1689,92,3,811,-7817,-11472,-3480,512,10190,5639,-920,-39,567,21,64
46101000,-946,1411,16,-44,2179,-5742,-7505,-3052,-1242,8205,4559,-1160,0,619,21,64
46149000,-886,771,118,-70,936,-3606,-24595,-1527,-8715,11480,4440,-2400,1040,643,21,64
46201000,-764,36,89,14,-38,-9710,-6467,-611,-9972,10443,4320,-2480,1760,681,21,64
46249000,-857,-242,-144,23,887,-6902,-20628,59,-9368,12051,4440,-2480,2200,693,21,64
46301000,-471,-1609,244,247,1686,5304,-34483,1768,-11443,5522,4559,-2439,2560,692,21,64
46349000,-406,-1456,-240,91,1245,-10686,15443,1158,-2784,4825,4440,-839,2479,677,21,64
46401000,-390,-838,-215,-4,1210,10004,-28440,242,1803,8846,3719,-80,2360,638,21,64
46449000,374,-2059,161,71,1485,16657,-32529,5003,-1945,-192,3600,-80,1840,634,21,64
46501000,414,-1845,47,87,1189,-6109,13612,3905,9916,6246,3480,2119,2920,634,21,64
46549000,226,-1793,-95,3,1608,4144,-25816,2989,13604,17985,3600,2560,4760,633,21,64
46601000,1020,-2984,96,25,2050,19769,-20261,1829,10809,14739,3480,2880,5520,641,21,64
46649000,1177,-2744,-181,20,542,2008,-6956,6773,4451,11448,3119,1960,4800,643,21,64
46701000,1148,-2943,-266,-142,289,14826,-31065,2623,-1329,7535,3000,920,4240,642,21,64
46749000,1502,-2983,-283,-108,-254,12506,-1707,1951,-4607,6083,2519,680,4159,642,21,64
46801000,1196,-1648,-101,211,1422,-4277,-5674,5430,-3698,14133,2400,559,4080,641,21,64
46849000,1072,-1739,334,43,1369,6891,-30942,5003,-4561,13811,2279,280,4040,642,21,64
46901000,1094,-1496,320,36,1177,-1165,7265,5186,-5431,9904,2039,160,3199,643,21,64
46949000,630,-855,-13,60,2094,-7512,-8970,6407,-2949,5890,1920,199,1879,646,21,64
47001000,690,-1598,153,56,-283,7745,-18064,6956,-2619,-9289,1920,239,0,658,21,64
47049000,614,-873,-245,62,173,-8794,28200,3721,-2746,-6905,1799,199,-80,669,21,64
47101000,231,-92,-360,-104,1032,2680,-10313,5858,978,-1234,1320,399,-119,683,21,64
47149000,504,-769,214,142,565,6769,-5613,8299,-163,-7496,1439,439,-559,682,21,64
47201000,184,544,-232,-280,220,-10198,37660,8543,785,-3114,1439,320,-1080,682,21,64
47249000,47,1078,-132,19,788,10431,-11838,3843,1598,-3251,1320,280,-1720,681,21,64
47301000,278,574,51,125,1092,116,9157,5491,10,-10146,1320,280,-2320,695,21,64
47349000,-163,1865,167,56,1209,-8611,37721,6529,287,-3052,1080,-39,-2159,695,21,64
47401000,124,1984,283,-97,1039,13971,-9824,4881,-956,-1017,1679,-39,-2159,668,21,64
47449000,294,1795,53,-47,1568,-5925,28810,4576,-1916,-7121,2879,0,-2920,598,21,64
47501000,-373,3229,177,-94,1023,-14837,36928,5186,2172,401,2519,0,-3159,516,21,64
47549000,-593,3545,174,-87,-130,-1470,10133,1036,2967,3159,1920,-80,-3040,504,21,64
47601000,-507,3132,-180,55,795,1337,7692,-2076,2483,1004,1080,-80,-2960,493,21,64
47649000,-609,2950,40,15,859,-4338,12819,-3541,2670,2125,959,-119,-2600,494,21,64
47701000,-820,2927,102,31,1488,-4766,9950,-1771,4304,4463,1920,-80,-2159,538,21,64
47749000,-942,2756,-199,-83,350,-5132,184,-1771,4897,5970,1799,-80,-1760,611,21,64
47801000,-861,2809,-281,-139,167,-2507,184,1890,4776,8660,1920,-39,-1319,665,21,64
47849000,-685,2803,-317,-94,-291,4816,-6345,1829,3544,9205,2039,-119,-1280,679,21,64
47901000,-309,2304,-116,-52,-3,4205,-10557,1463,1336,5953,2279,-80,-1280,679,21,64
47949000,-216,2186,61,-107,485,-1104,4213,1219,795,5807,2160,-80,-1200,678,21,64
48001000,-18,1673,68,-115,1106,8539,-22092,1036,-354,4148,2160,-80,-959,678,21,64
48049000,275,1097,176,-61,1607,-432,6593,3050,-1901,1614,2279,-80,-800,681,21,64
48101000,178,1696,-119,19,1094,-2630,3358,4271,-1500,7769,2279,-80,-360,695,21,64
48149000,583,843,-84,40,1528,15070,-30027,2989,-3205,4672,2279,-80,-240,694,21,64
48201000,704,736,-41,93,1251,-4705,19777,4271,-4561,3119,2400,-80,-199,694,21,64
48249000,453,1127,182,-82,1298,3351,-11594,6041,-3076,5982,2279,-80,-160,692,21,64
48301000,913,78,-115,89,1213,11347,-12998,5003,-6006,-705,2039,-119,-199,659,21,64
48349000,633,808,135,77,687,-12456,31740,6468,-4528,2035,2279,-39,-240,632,21,64
48401000,100,1100,234,162,1562,2374,-12327,3782,-816,5237,1560,-39,-199,586,21,64
48449000,386,339,89,223,1295,9027,-5003,4393,-2396,1142,1679,-80,-199,583,21,64
48501000,359,628,-83,3,2135,-5254,12636,3782,-2557,2493,1679,-80,-199,581,21,64
48549000,25,559,-175,-47,2103,-5010,-9092,3355,-1098,2547,1560,-119,-199,582,21,64
48601000,-48,29,226,128,1069,-3911,-2073,2806,-415,-755,1560,-119,-160,581,21,64
48649000,-198,19,-99,-151,2179,-6841,3847,4515,462,-1047,1799,-80,-199,570,21,64
48701000,-446,-289,-111,-111,1201,-4155,-9458,3050,2132,-2381,1560,-80,-119,545,21,64
48749000,-607,-670,13,79,907,-4094,-547,1707,2993,-4468,1560,-80,-119,541,21,64
48801000,-753,-428,114,-11,-594,-5376,6044,2379,3915,-3187,1679,-80,-119,541,21,64
48849000,-796,-377,-317,9,1302,-1836,-3721,1463,4153,-2772,1679,-80,-119,541,21,64
48901000,-802,-318,101,24,-18,-2813,2443,1158,4202,-2319,1679,-80,-80,567,21,64
48949000,-793,-25,-30,4,527,-2080,1710,2806,4389,-1064,1799,-39,-119,597,21,64
49001000,-706,-136,150,-106,1417,2313,-7078,3843,3642,-1025,1799,-80,-39,649,21,64
49049000,-658,-35,-105,128,1413,1093,4823,4210,3405,-983,1799,-80,-80,675,21,64
49101000,-508,28,-26,163,725,5060,-10068,4515,2490,-66,2039,-80,-39,696,21,64
49149000,-268,-315,-266,25,1123,4144,-4270,4942,1289,-2446,2279,-80,-80,702,21,64
49201000,-165,482,-568,91,813,7013,14284,7322,265,2573,2400,-119,-39,714,21,64
49249000,104,230,24,-52,238,3412,-23191,6712,-980,2068,2519,-80,-39,715,21,64
49301000,44,47,60,-157,1773,-4583,18129,6895,-721,-191,2640,-80,-80,722,21,64
49349000,222,627,0,133,1261,10553,-852,8299,-1169,3301,2760,-80,-80,722,21,64
49401000,967,-501,-7,392,1189,12018,-21238,10985,-6090,-3379,3000,-80,-80,709,21,64
49449000,1145,-274,-139,209,244,1154,16542,6834,-7213,-2855,2760,-80,-80,668,21,64
49501000,1192,113,-260,-195,1043,9393,-15684,7261,-7631,426,1920,-119,-39,582,21,64
49549000,1206,-655,202,-53,2153,1215,-23618,7506,-7413,-3713,1679,-39,-119,542,21,64
49601000,767,-803,-153,-25,875,-10137,-120,4759,-4696,-5368,959,-39,-119,527,21,64
49649000,225,-228,92,-54,-39,-13067,5800,5125,-2356,-2307,959,-80,-80,526,21,64
49701000,-395,-132,-97,-6,1426,-12395,-7932,5430,1601,-1234,1199,-119,-80,526,21,64
49749000,-836,-351,-298,12,388,-13494,-3233,3111,4011,-2521,1439,-80,-80,537,21,64
49801000,-1119,-222,-70,87,404,-6902,3053,4637,6045,-1993,1439,-80,-119,603,21,64
49849000,-1150,-218,-225,47,-538,-5132,-10130,5858,6237,-1592,1560,-80,-80,624,21,64
49901000,-847,-310,-44,-104,1660,4389,-3110,4881,4460,-2267,1799,-80,-80,634,21,64
49949000,-524,186,-303,24,2075,5060,551,7261,2942,118,1799,-80,-80,641,21,64
50001000,-189,91,248,-52,1366,7562,-17637,6773,635,65,1799,-80,-80,645,21,64
50049000,116,-178,-34,0,1817,7501,3114,7445,-853,-1792,1679,-80,-80,648,21,64
50101000,1321,1812,-1783,1502,1747,84528,161928,-1282,-8146,10069,1920,-80,-80,651,21,64
50149000,3944,5301,1034,-715,522,68964,54567,8726,-22180,28653,1920,-80,-119,655,21,64
50201000,4700,5767,635,-317,1061,27704,46510,9337,-27790,33061,1799,-80,-80,655,21,64
50249000,4423,6599,-32,237,730,16840,53834,11595,-26828,36865,1920,-119,-80,655,21,64
50301000,4197,5754,-115,18,1574,6769,-12876,1768,-24862,32983,1920,-80,-80,649,21,64
50349000,2965,4137,394,196,551,-26921,-8909,10863,-19501,24512,1799,-119,-119,645,21,64
50401000,1368,3213,340,-120,1185,-20147,-2256,7139,-8652,17983,1679,-119,-119,627,21,64
50449000,713,1499,-137,69,779,-11602,-48460,8726,-5061,10453,599,-80,-80,584,21,64
50501000,-214,-869,232,-41,1304,-33147,-29844,6163,779,-5518,359,-80,-80,530,21,64
50549000,-1504,-1366,181,97,1104,-38335,-2744,8848,6993,-8315,359,-80,-80,492,21,64
50601000,-2581,-1522,-197,-45,1243,-33086,-7871,6285,14542,-9317,359,-80,-80,478,21,64
50649000,-3472,-1841,-97,-118,1600,-33025,-14036,2073,19158,-10815,359,-39,-80,475,21,64
50701000,-4097,-2005,90,15,-180,-28264,-11350,-1160,23585,-11892,480,-39,-39,483,21,64
50749000,-4408,-2013,56,-12,1043,-28447,-12144,-1221,24862,-11884,359,-80,-39,504,21,64
50801000,-4527,-2241,-50,-27,1520,-19536,-12998,-123,25851,-13264,359,-80,-39,519,21,64
50849000,-4354,-2166,-65,22,874,-18743,-8909,1463,25037,-13073,359,-80,-39,542,21,64
50901000,-3951,-2050,-10,60,552,-6353,-10496,1707,22504,-12150,359,-80,-39,573,21,64
50949000,-3233,-1901,23,15,987,-554,-3721,975,19013,-11836,480,-80,-80,612,21,64
51001000,-2568,-1397,96,144,2179,-2141,-4087,2928,14695,-8589,480,-39,-80,629,21,64
51049000,-2033,-1579,-127,77,1169,3595,-18430,3355,11929,-9007,480,-80,-39,630,21,64
51101000,-631,-1433,-299,-2134,-1820,223749,65858,-21119,3207,-8567,480,-80,-39,630,21,64
51149000,8050,92,830,576,1385,139703,-28196,1707,-44199,249,359,-80,-39,628,21,64
51201000,8549,-445,-572,68,211,38934,14345,-38758,-50158,-2824,359,-80,-39,575,21,64
51249000,8281,1110,270,-135,292,22943,44008,3172,-49539,4559,359,-80,-39,543,21,64
51301000,6704,1750,304,-43,815,-10015,-4819,1585,-39437,9712,240,-80,-80,528,21,64
51349000,4658,1102,-360,-135,858,-39373,-8482,-3480,-29670,6660,359,-80,-39,508,21,64
51401000,2282,756,75,11,446,-46697,-6284,-2747,-13964,4166,359,-119,-39,505,21,64
51449000,362,576,-193,97,39,-43889,-5979,-2808,-4295,3622,359,-80,0,501,21,64
51501000,-1170,166,-47,127,-1111,-38457,-13364,-4884,6106,737,359,-119,-39,489,21,64
51549000,-1943,156,-63,9,-329,-39861,-14219,-4456,10603,65,359,-39,-80,430,21,64
51601000,-2516,571,-152,55,718,-39312,-11777,-3846,14394,3090,359,-39,-39,421,21,64
51649000,-2992,1179,95,66,1814,-40288,-5918,-4395,16362,6557,359,-80,0,392,21,64
51701000,-3559,1559,4,104,984,-38457,-11961,-5372,19993,8830,359,-119,-39,372,21,64
51749000,-4044,1308,1359,-1242,2179,-30278,-12815,-5860,22442,7694,480,-80,-80,315,21,64
51801000,5138,2622,-455,-376,361,100214,28200,-57191,-30331,14776,480,-80,-80,231,21,64
51849000,9323,2591,-76,949,-67,88129,-9641,5736,-51267,15107,839,-80,-80,176,21,64
51901000,10364,1977,62,372,242,31732,-17026,-3175,-60712,11031,1679,-80,-80,47,21,64
51949000,9808,1348,-169,-113,484,-6292,-17393,-17762,-58543,7954,4799,-80,-80,0,21,64
52001000,9114,1176,-832,1865,2143,-12212,71351,-45350,-53446,6375,4080,-80,-80,0,21,64
52049000,12702,3303,-126,262,271,55780,14894,-4090,-70347,17830,4080,-80,-119,0,21,64
52101000,17879,2145,446,-79,1177,71039,-54319,16295,-104394,11771,959,-80,-119,0,21,64
52149000,20710,2242,-275,713,880,31976,51637,-42969,-118333,10131,119,-39,-160,0,21,64
52201000,22623,4313,-261,527,865,23126,-6162,-15504,-131738,24376,0,-39,-119,0,21,64
52249000,23437,2755,278,379,774,-4277,-44981,20506,-136531,15555,0,-80,-360,0,21,64
52301000,23579,3399,-165,350,690,-25945,48036,-23743,-137529,18827,0,-80,-160,0,21,64
52349000,22799,4409,-106,479,888,-40105,-15440,20201,-133839,25144,-2160,-80,-119,0,21,64
52401000,21412,3039,247,452,1200,-71660,-22153,7322,-124701,17203,-5880,-39,-80,0,21,64
52449000,18849,3313,-235,223,868,-111272,22218,-10316,-113036,18156,-5880,-80,-39,0,21,64
52501000,14661,3016,81,409,1022,-162908,-35215,16356,-85919,17302,-5880,-119,-39,0,21,64
52549000,10430,2302,532,1865,980,55597,-12388,29173,-59751,13047,-5759,-80,-39,0,21,64
52601000,12715,2155,-206,-1322,-592,-31316,-3477,-2625,-74611,12296,-3120,-119,-39,0,21,64
52649000,12997,2623,316,64,1222,18976,32106,20872,-76217,14099,359,-80,-39,0,21,64
52701000,9483,2396,421,-89,821,6708,-26060,-10072,-55355,13230,359,-39,-119,0,21,64
52749000,7950,1327,-652,-238,249,-12029,11598,-17823,-48676,7442,359,-80,-80,0,21,64
52801000,6229,1469,301,150,1218,-6047,4640,13060,-36678,8079,480,-80,-80,0,21,64
52849000,4936,1068,-46,112,1361,5182,-9336,-14466,-30410,6443,359,-119,-80,0,21,64
52901000,3787,617,-173,-72,800,2985,5311,1463,-22483,3126,480,-80,-80,1,21,64
52949000,2945,848,-121,41,844,-432,7142,-1771,-18307,4338,359,-80,-80,0,21,64
53001000,2188,456,137,42,800,-1531,-11777,4332,-12952,1958,359,-39,-119,1,21,64
53049000,1699,288,206,-54,1033,2802,2199,-9339,-10696,1160,359,-80,-80,0,21,64
53101000,1181,524,-10,-152,1121,-493,1649,426,-7335,2581,240,-80,-80,0,21,64
53149000,853,176,-132,107,896,1093,-5552,-3052,-5663,1148,240,-80,-39,0,21,64
53201000,523,180,-26,-64,1010,-1043,6471,2989,-3737,348,0,-119,-119,0,21,64
53249000,312,375,52,64,1141,-859,-547,-5982,-2462,1795,0,-80,-80,0,21,64
53301000,133,57,53,20,974,2985,-5735,3721,-1243,-129,240,-80,-80,0,21,64
53349000,25,214,55,32,567,-2019,5800,-3297,-676,436,359,-80,-80,0,21,64
53401000,-81,364,129,-48,1116,-249,-4087,2440,-223,1888,359,-119,-39,0,21,64
53449000,-130,131,10,67,987,1459,-5125,364,349,257,480,-80,-119,1,21,64
53501000,-203,305,88,-56,958,1581,4762,1585,715,1313,359,-80,-80,0,21,64
