time_ms	imu_roll	imu_pitch	ax	ay	az	gx	gy	gz	Setpoint_rollRate	set_pitchRate	Setpoint_yawRate	Setpoint_roll	Setpoint_pitch	radio_3
101000	1130	-1648	76	43	1010	-22	32	-83	-10825	-13928	480	-119	39	0
149000	1481	-2170	65	47	1004	-83	32	39	-13421	-17780	480	-119	39	0
201000	1775	-2607	76	58	1013	-83	-28	-83	-16417	-22236	240	-119	39	0
249000	1996	-2923	72	46	1014	-83	32	100	-17696	-24908	0	-80	0	0
301000	2175	-3194	75	54	1030	-144	-28	-83	-19530	-27662	0	-80	0	0
349000	2299	-3380	79	41	1035	-83	32	-22	-20796	-28709	119	-119	39	0
401000	2391	-3535	80	39	969	-22	-28	-22	-21749	-30614	119	-119	0	0
449000	2453	-3645	69	57	1048	-144	-28	100	-22194	-31089	0	-119	39	0
501000	2521	-3729	66	43	1023	-144	32	39	-22874	-31948	-239	-119	39	0
549000	2573	-3792	76	52	1018	-144	-28	-144	-22901	-32760	-599	-80	0	0
601000	2615	-3853	71	53	1019	-22	93	-22	-23343	-33373	-1199	-80	0	0
649000	2640	-3903	69	41	1001	-22	-28	39	-23869	-33743	-1560	-119	0	0
701000	2659	-3946	69	50	1003	-22	-28	-22	-24070	-33830	-1560	-119	39	0
749000	2666	-3978	66	49	1017	-83	-28	-83	-24126	-34414	-1560	-119	0	0
801000	2675	-3999	71	56	1004	-205	-28	39	-24210	-34637	-1560	-119	0	0
849000	2693	-4010	70	47	981	-144	-28	-144	-24347	-34363	-1560	-119	39	1
901000	2702	-4036	72	50	1031	-22	-89	161	-24441	-34606	-1799	-119	39	11
949000	2713	-4048	75	51	1033	-83	-89	-205	-24168	-35052	-1799	-80	0	13
1001000	2730	-4054	72	42	1014	99	-89	283	-24339	-35110	-1799	-80	0	22
1049000	2739	-4059	75	53	1019	38	93	-266	-24737	-34802	-1799	-119	39	24
1101000	2747	-4070	73	43	1030	-83	-89	100	-24836	-35247	-1799	-119	0	34
1149000	2748	-4078	69	55	1015	-83	-28	-83	-24830	-34964	-1799	-119	39	38
1201000	2755	-4075	67	52	1004	-83	-28	39	-24900	-34948	-1799	-119	39	40
1249000	2761	-4073	75	45	968	-83	-28	-83	-24598	-35274	-1919	-80	0	42
1301000	2763	-4061	72	55	1040	-144	32	-205	-24621	-34823	-1319	-80	39	43
1349000	2766	-4051	93	39	964	-22	32	161	-24996	-35088	-1199	-119	0	46
1401000	2758	-4069	75	56	1002	-83	93	-388	-24929	-34893	-1199	-119	39	53
1449000	2754	-4076	69	51	1007	-266	-28	344	-24906	-35296	-1199	-119	0	69
1501000	2756	-4080	69	49	1011	-83	93	-449	-24913	-35340	-1199	-119	0	74
1549000	2763	-4079	68	56	1017	-144	32	405	-24961	-34990	-1199	-119	39	79
1601000	2766	-4077	66	57	1022	38	-28	-327	-24996	-34967	-1199	-119	39	80
1649000	2771	-4058	39	68	856	-205	1619	1137	-24703	-35275	-1319	-80	0	80
1701000	2761	-4027	77	24	864	1381	-1004	-1792	-24606	-34874	-1319	-80	0	84
1749000	2767	-4028	49	-4	699	1015	521	1931	-24960	-34578	-1199	-119	39	86
1801000	2754	-4025	44	119	1276	-388	1009	-2036	-24889	-34857	-1319	-119	0	87
1849000	2739	-3975	60	23	954	1564	1070	2419	-24830	-34159	-1199	-119	39	88
1901000	2733	-3944	57	85	1023	-1426	216	-2524	-24711	-33816	-840	-119	39	99
1949000	2736	-3936	73	21	909	99	460	2114	-24429	-33787	-719	-80	39	111
2001000	2722	-3876	86	48	1107	-693	887	-1120	-24267	-33572	-599	-80	0	116
2049000	2710	-3888	65	-23	1201	38	93	1076	-24601	-33312	-480	-119	39	122
2101000	2688	-3893	34	73	944	588	1314	344	-24323	-33721	-599	-119	0	133
2149000	2673	-3860	66	25	872	1137	154	-937	-24173	-33047	-480	-119	39	145
2201000	2636	-3873	58	56	1061	466	1375	1809	-23875	-33548	-480	-119	0	150
2249000	2634	-3882	133	20	1024	-876	765	-2097	-23860	-33259	-480	-119	39	153
2301000	2603	-3881	89	52	986	-815	765	3518	-23585	-32919	-360	-119	79	163
2349000	2600	-3878	-28	126	1211	-144	460	-4538	-23181	-33589	-360	-80	0	172
2401000	2595	-3838	77	213	1250	99	1253	4677	-23165	-33244	-119	-80	0	178
2449000	2605	-3795	206	81	1120	-815	-760	-8017	-23594	-32436	240	-119	39	187
2501000	2592	-3791	6	-15	1055	1869	1436	-1242	-23491	-32837	240	-119	0	192
2549000	2552	-3744	3	51	1068	-22	826	-2646	-23123	-32108	240	-119	39	194
2601000	2515	-3739	102	18	1007	2663	765	649	-22822	-32036	240	-119	39	197
2649000	2513	-3683	105	66	1101	-2341	-760	-266	-22411	-31518	119	-80	39	203
2701000	2493	-3650	127	-2	1106	99	1619	1564	-22288	-31611	240	-80	0	208
2749000	2478	-3686	20	116	871	-2280	338	-2036	-22611	-31884	119	-119	0	211
2801000	2459	-3648	66	26	716	-3684	2413	-1181	-22338	-31592	119	-119	0	213
2849000	2468	-3652	97	-62	1380	-83	-3018	649	-22328	-31531	240	-119	0	219
2901000	2447	-3708	-39	178	806	4921	948	588	-22234	-31767	240	-119	39	223
2949000	2431	-3608	112	10	1072	-5332	4000	283	-22398	-31156	240	-119	39	232
3001000	2458	-3623	126	67	1027	-4843	-3446	344	-22330	-31029	240	-119	39	236
3049000	2485	-3583	113	-40	1320	343	2352	1137	-22126	-31297	119	-80	0	240
3101000	2492	-3418	32	106	1224	6020	-1798	-327	-22276	-29606	240	-80	0	246
3149000	2475	-3441	-35	24	1424	-632	-272	2419	-22507	-29538	359	-119	39	249
3201000	2447	-3344	88	54	1033	-83	93	-1547	-22238	-28966	359	-119	0	254
3249000	2443	-3228	-74	100	937	1381	2840	-1181	-22220	-27784	359	-119	39	257
3301000	2385	-3199	107	-114	831	-5698	2352	466	-21693	-27359	359	-119	39	257
3349000	2308	-3278	168	128	728	-1731	-2164	1931	-20875	-27805	240	-80	39	259
3401000	2269	-3287	-12	165	999	527	3450	-1059	-20342	-28468	240	-80	0	260
3449000	2211	-3326	37	-84	1115	527	-699	-632	-20360	-28393	240	-119	39	259
3501000	2148	-3309	27	15	384	-2768	2840	1747	-19646	-28662	240	-119	0	259
3549000	2110	-3187	54	82	930	-3684	338	1747	-19508	-27624	359	-119	0	260
3601000	2099	-3211	104	-79	1086	-2280	948	2968	-19217	-27463	359	-119	39	260
3649000	2056	-3005	128	11	846	-4599	1802	1625	-18936	-25963	359	-119	39	260
3701000	2106	-3074	199	163	1615	99	-4544	-1547	-19278	-26274	480	-119	39	260
3749000	2110	-2871	-51	15	857	-1487	9371	-1059	-18964	-25512	240	-80	0	260
3801000	2087	-2856	148	11	1549	1015	-7108	405	-18773	-24737	359	-80	0	259
3849000	2108	-2967	-84	13	955	-876	11507	1809	-19497	-26177	599	-119	0	260
3901000	2001	-2395	86	24	940	-2890	6624	4372	-18370	-20741	599	-119	0	258
3949000	1881	-2763	68	28	858	-1670	-12662	7363	-17494	-22756	599	-119	39	258
4001000	1712	-2584	94	37	1015	-2768	17244	3212	-15869	-22033	599	-119	39	258
4049000	1711	-2212	-57	14	1214	1198	216	-1792	-15459	-11105	480	-80	920	257
4101000	1740	-2657	1	-33	637	-2158	-6925	-2341	-15769	3659	480	-80	3080	203
4149000	1781	-2510	5	73	1371	466	5465	-2280	-16089	18644	480	-80	4719	188
4201000	1832	-2553	62	76	1433	-693	-16507	-3378	-16565	36432	359	-80	6760	184
4249000	2026	-3221	191	13	1453	7912	-6680	-8200	-9237	46511	480	920	8520	185
4301000	2043	-2788	-71	290	1174	3395	3389	11879	-10425	54480	480	840	9080	186
4349000	1985	-3176	-64	-204	1234	-3684	-3507	-12412	-11125	48672	480	759	8759	188
4401000	1925	-3122	233	-59	1516	-1059	-4056	2968	-17367	31847	240	-80	6800	199
4449000	1905	-2924	-59	88	1094	-754	5892	-6064	-17189	27290	119	-39	6120	210
4501000	1925	-3170	350	-24	1258	1808	-10465	5593	-17365	15499	119	-80	4960	227
4549000	1852	-2956	-80	83	469	-1853	8699	-1242	-16924	16987	240	-119	5000	237
4601000	1950	-3178	-41	-44	437	-205	-1737	-9238	-17929	14392	240	-119	4839	236
4649000	2047	-3135	197	117	1420	-632	-1431	7729	-18569	12601	240	-119	4600	237
4701000	2079	-2907	-166	84	613	-1120	11629	-4538	-19047	13966	240	-119	4519	237
4749000	2210	-2947	207	8	760	1930	-15653	3395	-19245	13556	119	-39	4440	237
4801000	2233	-2560	-82	96	978	-2158	14559	-5942	-19688	14890	119	-39	4279	237
4849000	2353	-2458	194	59	695	4616	-11380	2907	-21127	16026	359	-119	4240	236
4901000	2485	-2454	-106	145	1230	1259	6258	-3806	-22563	15113	240	-119	4200	237
4949000	2582	-2206	232	-75	1563	1442	-1676	2785	-22882	17357	359	-80	4200	238
5001000	2549	-2393	-102	144	693	3395	-6497	-815	-22771	18068	359	-80	4479	238
5049000	2551	-2506	222	-9	1750	-3989	9737	893	-22697	19302	359	-39	4760	237
5101000	2495	-2381	-80	20	1149	8217	-5155	2236	-22300	27179	359	-80	5520	237
5149000	2452	-2761	93	72	1331	1076	643	-4904	-21628	24713	240	-39	5599	237
5201000	2358	-2650	94	-41	1157	-571	521	2541	-20771	26233	119	-39	5680	237
5249000	2215	-2768	142	-5	1515	1015	-5521	-1120	-20013	23836	240	-80	5480	238
5301000	2220	-2962	123	65	1601	1991	3511	161	-19922	17648	240	-80	5000	244
5349000	2106	-2769	33	-12	1027	2358	-699	4067	-18750	17305	119	-80	4760	249
5401000	2029	-3062	157	165	741	527	-1492	-9299	-18612	10886	119	-119	4319	250
5449000	2023	-3039	167	-84	671	-144	1314	8339	-18339	10505	0	-80	4240	252
5501000	1909	-2986	-88	252	990	-754	-3934	-5576	-17229	10512	-119	-80	4200	254
5549000	1919	-3263	331	16	840	-2341	521	2724	-17967	8580	0	-119	4240	254
5601000	1884	-3064	61	-152	1106	405	-5948	7790	-17355	16066	0	-119	4920	257
5649000	1832	-3645	23	316	1813	-2463	-1309	-11008	-17117	12518	-239	-119	5039	259
5701000	1790	-3365	-37	4	1104	-2585	5342	5532	-16543	14151	-239	-119	5000	261
5749000	1754	-3511	205	-159	1378	-1059	-2225	-2158	-15835	13463	-119	-80	5000	261
5801000	1780	-4006	72	-188	676	-2646	887	14748	-16113	11025	-360	-80	5280	262
5849000	1833	-4049	-101	-194	629	-4294	2291	5532	-16446	17189	-480	-80	6040	263
5901000	1897	-4433	108	287	1506	4189	-10892	-2341	-17121	25686	-360	-80	7400	263
5949000	1777	-4218	-201	214	1399	-8017	8394	-11679	-16622	39292	-239	-80	8840	262
6001000	1827	-4332	222	19	1246	-4660	-15408	-11984	-14442	39382	-239	160	8880	263
6049000	1668	-4352	86	-162	1157	-4660	8883	5043	-5541	37405	119	1040	8759	261
6101000	1384	-3772	-28	-58	809	-7041	-4483	-1181	4633	41117	240	1919	8520	261
6149000	1222	-3908	-88	120	326	-3257	-5338	-6125	6134	40334	119	1960	8559	261
6201000	1046	-3646	103	-114	519	3151	9798	6081	11028	42201	119	2320	8520	261
6249000	996	-3538	-195	-83	866	-3257	-10709	-6247	14020	38221	240	2639	7920	261
6301000	1144	-3417	-72	72	1016	7973	11873	4433	38234	27905	240	5560	6640	260
6349000	1045	-2875	31	182	841	7179	-28	-5637	60855	28307	119	8039	6159	261
6401000	1423	-3357	43	90	1085	13771	1192	-1914	57988	23926	-719	8120	6120	262
6449000	1839	-2789	-185	373	1192	3578	-6436	9194	55206	27180	119	8160	5999	261
6501000	1941	-3547	48	-300	1220	6691	2840	-14487	53850	20195	-360	8160	5880	261
6549000	1887	-2908	273	169	1174	1747	1863	11513	53412	25900	-599	7999	5920	262
6601000	1926	-3438	-57	237	379	-205	-9122	-5026	42551	21491	240	6840	5920	263
6649000	2144	-3531	328	-144	54	-937	2779	4921	40320	20845	359	6800	5959	266
6701000	2153	-3198	13	172	961	-8689	-577	-10153	40242	22526	359	6800	5799	270
6749000	2339	-3806	334	-133	1209	343	-5399	4128	38512	17277	240	6800	5720	271
6801000	2263	-3509	269	-366	1430	-1120	-13577	10781	39283	19485	240	6800	5759	276
6849000	2343	-4082	-244	341	742	2907	5159	-4172	38780	15331	119	6840	5840	279
6901000	2430	-4023	386	-263	649	-3135	-6009	8278	36452	22313	119	6640	6600	284
6949000	2454	-3984	-247	116	566	-1792	5709	-7895	32180	25091	119	6159	6960	285
7001000	2530	-4278	62	-61	1425	5104	-4605	6142	29003	22532	119	5880	6879	285
7049000	2462	-4088	-80	-92	1326	-1426	1680	771	29725	24115	119	5880	6919	287
7101000	2498	-4236	-147	300	682	-754	8638	-4172	31358	22892	119	6120	6879	287
7149000	2558	-4140	172	304	822	10292	-13516	5593	31994	23869	-119	6199	6800	287
7201000	2673	-4220	-366	287	933	2358	12239	-1425	30191	22340	-119	6159	6800	289
7249000	2716	-4311	380	-130	551	-3318	-6131	2053	29344	22594	-119	6120	6840	289
7301000	2645	-4115	416	-241	1054	-2707	-9488	832	29399	23245	-119	6040	6800	292
7349000	2747	-4336	-92	250	1424	4738	11934	-2768	29763	20391	-239	6159	6760	294
7401000	2844	-4219	411	-270	1492	2541	-8328	2724	28715	21655	-239	6159	6719	296
7449000	2682	-4135	21	-180	1358	-11374	2840	-3623	29941	20835	-360	6240	6600	298
7501000	2636	-4239	-98	-68	938	6630	6563	1564	31209	20784	-239	6240	6640	299
7549000	2576	-4142	116	-25	1013	5715	-9061	4189	31586	21788	-480	6199	6600	299
7601000	2536	-4289	49	54	1093	343	8028	39	31035	22429	-960	6120	6879	301
7649000	2518	-4518	346	-43	1205	-4416	-2408	1198	30248	21229	-960	6040	6919	302
7701000	2531	-4438	277	117	1683	9255	-8084	3273	32805	21832	-1440	6319	6960	303
7749000	2488	-4696	-28	36	1530	5043	12056	-2097	33069	19315	-1440	6319	6960	303
7801000	2555	-4725	82	-162	206	7301	-9244	3640	31912	19351	-719	6240	6960	303
7849000	2596	-4542	-244	-33	893	-815	13765	-4965	30642	19499	-960	6120	6919	304
7901000	2579	-4825	191	27	752	-83	-5216	6935	31350	18134	-840	6199	6919	304
7949000	2609	-4380	33	-103	892	-6552	948	-1181	26230	21137	-599	5680	6919	305
8001000	2704	-4753	99	21	910	1320	-6436	3151	19529	19111	-599	4960	6960	304
8049000	2640	-4337	-19	-69	1480	-1181	9188	-83	19601	20500	-599	4920	6800	305
8101000	2637	-5012	68	71	1230	-6247	-9610	3151	19075	15482	-599	4839	6800	305
8149000	2594	-4458	-269	78	994	-11557	29818	466	19548	17785	-719	4879	6719	305
8201000	2713	-5128	-103	235	1502	6630	-40128	8339	17375	13436	-599	4719	6680	305
8249000	3065	-5608	236	163	1063	4067	19136	7912	14760	7815	-719	4719	6680	304
8301000	3042	-4167	-58	41	896	-205	582	14565	14875	20372	-719	4760	6519	305
8349000	3230	-5801	297	125	1172	2175	-34574	5715	13299	7929	-599	4719	6440	305
8401000	3018	-5329	84	38	928	2541	41475	-510	14737	8927	-599	4719	6359	306
8449000	3033	-4473	388	35	1513	-6797	-18094	13405	14192	18459	-599	4719	6440	305
8501000	3129	-6045	24	62	510	-7895	-7535	5715	30397	5148	0	6640	6640	305
8549000	3117	-5032	77	-86	1109	7729	30855	2419	31973	5111	240	6760	5880	301
8601000	3103	-4996	60	40	1000	10903	-17728	4494	32007	3495	240	6800	5399	274
8649000	3068	-5504	133	89	1480	-3623	6624	-1975	30682	-3044	359	6640	5200	268
8701000	2810	-4408	50	-126	1017	2052	-394	11757	32469	5467	359	6559	5039	268
8749000	3106	-5545	62	-30	1250	7668	-22916	7851	30373	-2792	359	6600	5039	267
8801000	3421	-4797	-55	319	1302	4311	42391	6508	27524	3830	359	6600	5239	268
8849000	3218	-4526	-121	194	1396	8156	-33475	7424	30610	8595	240	6680	5280	278
8901000	3443	-5683	179	4	1325	11391	826	14687	27338	-2457	359	6600	5399	293
8949000	3382	-4560	127	98	1275	-8689	28475	12429	25572	7663	240	6400	5639	296
9001000	3019	-4607	132	-24	402	-2524	-16873	-1242	26155	8599	240	6040	5599	300
9049000	3191	-4797	336	-24	1259	9438	12178	16213	16046	8106	359	5000	5799	301
9101000	3008	-4437	346	-203	1251	6813	-11075	-632	9627	11110	359	4119	5720	300
9149000	3048	-4926	52	-69	1382	3945	5892	2114	5065	7017	599	3640	5720	300
9201000	2995	-4619	44	233	1287	5165	-3507	1442	-4460	8495	720	2479	5599	299
9249000	3084	-5088	293	-71	1527	1503	-3262	1015	-11489	3023	1799	1760	5399	298
9301000	3123	-4582	78	-65	199	-8445	-3568	-1242	-15268	2922	3959	1359	4920	296
9349000	3230	-5064	218	-116	1699	4250	-2347	-754	-17257	-1247	4920	1240	4879	295
9401000	3143	-4530	2	255	1049	3456	8516	-3378	-19258	2682	7440	920	4839	295
9449000	3195	-5105	16	-143	313	-6980	-11929	-3195	-20154	-1146	7920	920	4879	295
9501000	3116	-4634	-28	63	1088	-5515	15841	-2707	-19020	2471	8040	920	4920	295
9549000	3259	-4977	24	-66	715	1686	-15408	3762	-19657	690	8280	959	4920	295
9601000	3200	-4786	-147	192	1095	3029	25606	1381	-19404	1850	8520	959	5000	294
9649000	3127	-4939	320	-196	847	-1548	-26822	2053	-19283	2609	8639	920	5039	294
9701000	3125	-5058	226	114	844	2419	27437	-2158	-19444	-156	9960	880	5039	294
9749000	3029	-4412	239	29	1348	4128	-26578	10964	-18064	9418	9839	880	5360	295
9801000	3051	-5857	222	106	1231	3884	-15897	4311	-19497	-3273	11880	799	5480	299
9849000	2828	-5068	-6	-39	565	-9726	31466	-4538	-19657	1655	11880	639	5480	300
9901000	2898	-5215	127	246	616	-1609	-22611	-1242	-19557	1944	10440	639	5439	301
9949000	2954	-5809	193	28	752	-11435	15535	-2951	-20858	-3778	8520	559	5439	303
10001000	2893	-4517	38	156	779	3090	-3995	3884	-19171	7988	7319	680	5439	304
10049000	2939	-5612	80	15	888	-3684	-28043	4921	-19125	-88	3840	759	5439	305
10101000	2822	-5127	35	4	713	-9055	27681	-1853	-15785	2363	599	999	5399	305
10149000	2869	-4939	79	-132	656	4738	-30057	6386	-14847	5896	359	1119	5439	303
10201000	2851	-6225	66	132	460	-1609	-7047	-5026	-13263	-6454	-2279	1319	5480	298
10249000	2604	-5071	54	-107	797	-4477	29940	-632	-9029	2951	-5639	1600	5639	269
10301000	2741	-5894	200	45	1181	4067	-40677	39	-8154	-817	-7680	1800	5799	262
10349000	2834	-6571	203	159	1724	1686	18038	-1975	-7960	-6524	-7680	1919	5920	261
10401000	2880	-5434	-145	161	1288	6630	6929	4494	-5895	6285	-8760	2200	6159	265
10449000	2975	-6788	103	152	1897	2724	-34512	-3928	-6327	-2964	-8999	2200	6199	270
10501000	2967	-6170	107	-43	1087	3334	44710	3456	-6642	602	-7200	2200	6240	273
10549000	2848	-5716	-31	198	579	-3257	-22977	10048	-5825	5368	-7439	2239	6159	281
10601000	3120	-7022	405	60	460	-5149	-6009	3579	-7626	-7814	-7439	2239	6120	286
10649000	2884	-5958	147	114	1737	4433	31404	649	-6041	-488	-7080	2160	6120	287
10701000	2903	-6543	36	-89	1480	1198	-35733	893	-14057	-5747	240	1280	5880	307
10749000	2891	-6967	79	-44	759	-6064	22249	-5637	-18940	-11086	2640	759	5840	315
10801000	2705	-5600	153	241	1019	5165	5587	6203	-19619	2076	6239	439	5840	314
10849000	2747	-6909	279	156	359	221	-32926	-5515	-19497	-7176	7440	480	5840	313
10901000	2598	-6236	163	39	1860	-5576	36165	-7590	-16964	-2738	8040	639	5920	315
10949000	2851	-5680	335	-18	785	7179	-23343	-388	-18754	2888	8999	639	5880	314
11001000	2683	-6820	220	159	999	-1548	-11929	-7407	-17698	-8141	12120	639	5880	315
11049000	2451	-6025	11	-141	1335	-11863	26400	-3928	-16519	-3016	15599	639	5880	322
11101000	2508	-5954	422	183	1279	1320	-16324	-12656	-16181	-988	15599	639	5840	329
11149000	2053	-6274	345	-20	1801	-8078	6136	-12229	-13151	-3446	13200	639	5880	330
11201000	2110	-5633	218	-12	61	2358	18404	-9238	-12736	2136	10440	639	5880	349
11249000	1979	-5474	63	79	1271	-510	5404	-12106	-11542	3974	7680	639	5920	366
11301000	2195	-5359	89	289	635	6996	643	1625	-8619	11783	5879	1199	6719	376
11349000	2288	-5578	-104	-47	501	1015	-5338	-8566	1009	10478	4680	2360	6760	377
11401000	2184	-5555	47	14	25	-5942	5892	-6308	6025	7314	3719	2880	6400	377
11449000	2453	-5624	14	216	1217	4067	-5826	5410	4390	7031	2640	2920	6400	377
11501000	2579	-5750	224	198	1043	1137	-211	1625	2606	5974	720	2880	6440	380
11549000	2697	-5579	56	-44	832	-3318	-4422	4921	-2289	7536	480	2400	6440	385
11601000	2788	-5976	211	-66	945	4799	-10953	649	-4746	4708	599	2239	6519	387
11649000	2753	-5802	-66	23	1025	-2890	7357	-2402	-4572	5573	480	2239	6519	385
11701000	2814	-6180	269	7	726	-2768	-24442	-1425	-9479	2592	480	1719	6480	386
11749000	2849	-6433	60	92	1355	-2768	-28	2358	-9379	-2053	599	1760	6240	388
11801000	2895	-6255	-11	-22	1342	6874	-15958	954	-9136	-6719	599	1840	5480	388
11849000	2882	-7267	264	61	656	771	-24686	-2951	-5877	-33961	599	2200	3199	387
11901000	2854	-6811	124	48	616	527	12972	-5759	2299	-37509	599	3120	2479	388
11949000	2979	-6945	-244	398	49	12367	-5460	-16684	4753	-37711	480	3440	2520	389
12001000	2379	-7238	625	-110	854	-24131	5892	-19553	23382	-62688	480	5079	0	392
12049000	2567	-6753	202	-68	1437	8339	12300	-32187	21927	-59633	599	5039	-80	393
12101000	2526	-6380	137	-56	546	-11435	17611	-4416	17266	-68067	720	4519	-1480	392
12149000	2595	-6256	185	193	1373	8461	15963	-12656	15464	-74106	599	4319	-2239	392
12201000	2081	-5538	172	-107	844	-7773	41414	-15647	17654	-67018	599	4119	-2200	392
12249000	2139	-4250	367	-23	1502	-5332	-11380	-11191	17085	-48143	480	4159	-1280	391
12301000	2170	-5572	41	172	1572	22560	6319	-5759	17231	-48260	480	4159	0	391
12349000	2216	-4056	-112	63	415	-30722	17550	9865	18872	-35943	599	4600	39	392
12401000	1729	-5964	458	-10	1159	20241	-47696	17067	34903	-51306	599	5759	39	392
12449000	3068	-5792	-9	158	880	19570	33541	9926	32196	-52172	599	6640	0	396
12501000	2783	-4086	153	-253	1396	-20896	24691	13039	33053	-35385	599	6600	0	402
12549000	2143	-3772	-214	-90	2201	2785	4854	7424	38927	-32807	599	6640	0	403
12601000	2552	-4607	416	412	2073	1320	-30789	-2646	35748	-39900	240	6680	0	402
12649000	1943	-3986	180	-25	1906	-1426	52828	2480	39518	-37672	0	6600	0	402
12701000	2523	-3639	-102	127	999	13527	-38480	-1731	35303	-31172	0	6600	39	403
12749000	2725	-4995	322	258	763	-2402	19136	20729	32298	-43513	240	6480	39	411
12801000	2186	-2574	145	-83	1734	-8506	31832	21584	37178	-21601	240	6480	79	412
12849000	2631	-2713	150	67	1275	28420	7601	23537	34789	-22576	359	6480	79	412
12901000	3669	-1828	-240	423	388	20668	44466	13832	25379	-14791	359	6600	120	414
12949000	3374	-915	-167	-81	754	-13449	6807	6997	27701	-4856	240	6680	360	413
13001000	3800	-634	-150	165	1977	-3257	4427	-3928	24241	7665	240	6600	1519	415
13049000	3598	-432	100	33	993	13466	12056	-15585	19378	22559	359	5799	3080	414
13101000	4241	-831	178	-223	1241	-11191	-51114	-21689	-1743	37142	359	4040	5120	414
13149000	3697	-3063	85	293	-53	1869	-41348	1137	-9517	39497	359	2600	7360	415
13201000	3912	-3429	-528	447	1494	12489	-6680	13771	-34924	66603	359	-119	11120	415
13249000	2646	-5468	-359	165	130	-49948	-104154	6997	-26326	59150	240	-80	11760	414
13301000	1654	-7803	214	-14	692	-10337	-43912	3456	-15022	33222	240	-80	11640	415
13349000	2995	-6322	624	93	1613	20363	21883	1503	-25310	36299	359	-119	10799	414
13401000	2682	-5974	48	-127	-775	-20346	-51053	1137	-24270	24817	359	-119	8840	414
13449000	3635	-6388	176	379	746	26711	17000	4372	-30567	4911	359	-119	7119	416
13501000	4055	-4595	-152	40	2144	-19431	13033	6386	-35812	2805	359	-80	4920	415
13549000	3171	-4790	46	81	2201	-21445	-24625	5104	-20165	-5903	359	959	4000	416
13601000	2681	-4719	798	-554	2201	-3196	18038	-388	2065	-25285	359	2920	1800	416
13649000	4758	-3151	-447	542	-722	56313	42391	-15524	-11675	-16798	240	3039	1440	415
13701000	5120	-3265	173	-542	20	-62339	14681	11269	-15935	-20654	240	3280	880	416
13749000	2914	-3156	109	101	747	-29868	26644	-7102	1522	-23721	359	3239	480	415
13801000	3439	-2536	28	319	282	18898	14132	-5698	-1034	-21617	359	3320	39	415
13849000	4007	-2837	27	41	1262	-6919	1192	-12839	1520	-23368	359	4159	79	415
13901000	5045	-3501	382	-491	1192	35317	-29263	-12351	-8015	-28937	359	4119	160	415
13949000	3991	-3340	101	415	272	-33896	45748	9804	-799	-22761	240	4159	999	415
14001000	3986	-1926	89	418	2201	30312	-22611	18776	1501	-2484	240	4159	1640	414
14049000	4663	-4984	-136	148	1476	-1853	-74491	8950	-5134	-20873	359	4080	2000	417
14101000	3669	-5668	-51	171	1757	-24192	33419	12978	-1985	-23108	359	3440	2999	418
14149000	3138	-3653	-135	-100	1342	-9360	31343	21157	1110	-3317	359	3320	3520	423
14201000	3235	-3261	154	-21	1730	2541	-10892	7912	-1001	6051	359	3120	3959	422
14249000	4049	-4302	190	254	1509	42397	-7413	-1547	-5973	-2581	240	3120	3880	423
14301000	3416	-4174	126	-110	942	-37558	14132	-144	-2566	-2553	240	3120	3880	428
14349000	3833	-4122	51	387	1017	20912	-12540	-4050	-6723	-1725	359	2920	3840	433
14401000	3654	-4387	-3	15	1545	2480	19320	-1120	-6011	-6819	240	2960	3599	434
14449000	3444	-3903	113	233	1003	-9238	-19498	9804	-4622	-2043	240	2960	3559	436
14501000	3546	-4739	286	112	934	12306	10591	11208	-5075	-9869	359	2960	3599	435
14549000	3102	-3107	-188	74	90	-17417	18404	10842	-1885	1577	359	2999	3480	436
14601000	3212	-3774	291	185	1096	8217	-30911	7180	-1837	-2550	359	2999	3480	436
14649000	2972	-3850	95	23	-324	-24253	20723	8767	-1249	-4628	240	2960	3480	437
14701000	2643	-2874	413	243	1587	25978	-21939	13039	3087	5593	240	2999	3520	439
14749000	3227	-3782	261	-69	1241	-2158	-9549	6081	-2738	-2156	359	2960	3480	441
14801000	2830	-2044	-209	-78	1716	-2036	32320	8156	1125	12776	359	2960	3520	441
14849000	2681	-2904	-1	-32	1580	-8139	-50076	13344	1728	7448	359	2920	3399	441
14901000	2203	-4084	316	169	628	3639	19197	6874	18328	-7661	480	4319	3199	441
14949000	2708	-2397	-28	25	696	9438	34456	13832	18119	1666	480	4719	2799	441
15001000	3134	-2907	271	57	506	3029	-20902	15480	33125	-8208	959	6960	1960	441
15049000	3098	-2957	339	-73	105	-10886	9981	1137	32323	-9170	2160	6919	2000	443
15101000	3088	-2687	-88	-23	949	19203	216	-2036	33529	-4917	7200	6960	2119	456
15149000	3291	-3375	133	129	722	-1059	-19620	-8078	30121	-10664	7680	6800	2000	457
15201000	3229	-3288	72	57	1978	-388	11873	5715	24338	-6659	8400	6040	2520	460
15249000	3058	-3365	-221	4	475	-8628	-14920	1809	26278	-4998	8520	6159	2679	460
15301000	3274	-3897	288	15	268	1259	7723	-510	19791	-10541	8520	5560	2679	460
15349000	3326	-3222	-4	112	626	3761	2962	7241	18673	-4560	8159	5439	2720	460
15401000	3221	-3978	160	229	362	-5576	-12235	6630	17477	-9515	7200	5239	2880	471
15449000	3279	-3140	123	57	2103	3700	24996	-2524	17747	-3373	6960	5320	2960	478
15501000	3298	-3524	161	-35	1190	9865	-29019	6813	17849	-728	5639	5360	3440	495
15549000	3249	-3631	278	-219	1127	-12900	25057	771	14275	-1181	5160	5039	3640	497
15601000	3075	-2955	-11	-346	108	14931	-6497	3212	17014	5580	4920	5039	3599	501
15649000	4016	-3686	287	340	816	26772	9249	9926	10073	-55	4559	5000	3680	503
15701000	4227	-2765	-215	152	1180	-2951	23287	7180	6339	8611	4440	4960	3759	504
15749000	4512	-2763	-101	-144	1227	25429	-7169	-22	4598	9308	4559	4920	3759	505
15801000	5379	-2839	298	-10	1853	14931	8455	2724	-6751	8665	5279	4600	3840	505
15849000	5314	-2803	-14	-70	1043	2663	4732	4555	-7810	9557	5399	4479	3919	505
15901000	5591	-2866	45	117	1160	19386	-14188	8339	-16897	11893	6120	3640	4240	504
15949000	6099	-3243	80	278	272	2602	5404	7607	-44323	17748	6120	959	5320	503
16001000	5538	-2810	-435	60	293	-22239	-16141	23781	-49000	30047	6600	-119	6280	503
16049000	5138	-3815	-12	146	248	-14426	-28470	15419	-52521	29418	7079	-880	7040	503
16101000	4497	-4143	295	193	842	-37497	154	5715	-66661	30622	7319	-3200	7679	504
16149000	2738	-4274	-44	313	1516	-62094	-33231	10476	-62960	30817	7319	-4200	7679	503
16201000	3972	-4036	-121	467	226	25978	25728	-6003	-63500	26700	7319	-3359	7119	503
16249000	4412	-3578	54	52	2009	-29990	-36099	6691	-68226	25131	7200	-3359	6319	501
16301000	3105	-5322	139	25	937	-29013	-28897	15847	-50445	-1750	7680	-2719	5120	501
16349000	2589	-4044	-185	-25	1094	-29319	36226	3273	-35261	2391	8159	-1360	4640	501
16401000	994	-3573	-80	-269	2109	-48301	-21512	588	-9653	2651	11400	-119	3880	501
16449000	504	-4292	-52	124	2072	-9360	1986	5165	-4405	-3479	13080	-39	3880	501
16501000	189	-3472	160	72	933	-39389	21883	161	-2332	760	16080	-80	3559	501
16549000	-737	-3695	304	-67	1386	-27915	-16690	-9848	5089	-2672	17520	-80	3239	498
16601000	-281	-4203	-107	-107	1692	-8811	154	-13999	7983	-12157	17279	639	2799	497
16649000	-490	-3781	-348	-56	102	-28220	10530	-9238	20089	-12205	16560	1919	2439	497
16701000	-440	-3582	-140	-172	-298	4677	-2713	-13144	53345	-18208	11280	5720	1480	497
16749000	519	-3282	1337	-1579	2201	17128	29634	-5576	61998	-15140	8760	7679	1640	500
16801000	-559	-1666	-401	259	849	19814	26827	37697	92482	3931	8159	10120	2119	504
16849000	1093	-2382	-5	459	531	71205	-6253	4067	81792	2894	7920	10160	2520	505
16901000	3259	-2823	69	-99	2188	46486	4915	39	84008	-1238	7559	12960	2679	515
16949000	4635	-2964	42	126	1424	69313	2840	-3012	73981	2958	7440	12839	3280	521
17001000	7131	-3357	58	125	917	72975	-4849	-8200	48050	-1015	7079	12679	3239	524
17049000	8426	-3711	-91	-29	1024	50026	4366	-4050	31135	-8285	7200	11879	2720	524
17101000	8969	-3284	-18	38	952	44289	11690	1442	8575	-2813	7319	9960	2960	524
17149000	6530	-4135	340	-116	723	-99692	-68021	-49826	11875	-2984	7200	8840	3359	523
17201000	2587	-5163	332	-218	913	-25962	3511	-31638	37517	-8341	7319	6919	4200	524
17249000	2469	-4827	-371	57	1128	23171	-24014	-15036	36768	-3765	7079	6600	4319	523
17301000	3129	-6446	120	-48	2180	-13327	-14371	4738	12040	-15641	7079	4519	4640	524
17349000	2119	-5175	262	185	1209	-7102	32869	10903	19618	-7218	7200	4479	4640	524
17401000	2953	-4495	410	366	1108	45265	-15531	-998	13910	1249	7079	4560	4640	526
17449000	4323	-5407	-56	74	1302	22438	-5704	2297	2918	-6654	6960	4560	4600	528
17501000	4163	-4049	-152	-63	409	12734	42818	7546	3775	4416	6840	4600	4560	531
17549000	4891	-3282	-196	128	741	37575	-6253	1503	-589	9939	6719	4640	4400	532
17601000	5450	-4076	449	-13	1623	12367	216	4677	-6322	-1351	6600	4719	3919	532
17649000	5196	-3132	162	116	963	14992	40438	2663	-5146	1527	6840	4600	3559	532
17701000	5692	-2917	-44	238	459	19570	-23160	1259	-33017	1406	6719	1879	3080	532
17749000	5334	-4127	209	192	585	-14609	-2652	11635	-47601	-7936	6719	0	3120	532
17801000	3951	-3054	79	-41	1341	-18698	41475	7119	-34915	-128	6719	-80	3039	533
17849000	3483	-2784	114	29	1554	343	-21512	5593	-39209	9610	6719	-1039	3719	533
17901000	2562	-3926	-25	145	845	-41159	399	10414	-54755	5141	6840	-3760	4519	535
17949000	911	-2813	-245	88	949	-37558	31343	7851	-45873	12001	6719	-4160	4440	538
18001000	331	-2814	286	307	2046	-18943	-28165	4006	-39245	12693	6719	-4200	4279	537
18049000	-422	-4019	49	-23	1730	-50071	-7535	10414	-38381	1381	6840	-4640	4119	539
18101000	-1613	-2744	-134	-45	1591	-30051	29329	11757	-30713	12600	7079	-5160	4200	539
18149000	-1503	-2804	43	242	2175	-25229	-34818	-449	-31899	14181	7200	-5200	4240	539
18201000	-2371	-4150	214	-22	1325	-53489	-11380	3090	-30387	6320	7559	-5880	4879	541
18249000	-2749	-2923	-209	-116	1120	-16989	35067	2358	-36903	17976	7559	-7079	5280	542
18301000	-2366	-3152	167	115	1584	-39084	-34818	2419	-42548	14611	7440	-7280	4839	542
18349000	-3639	-3787	359	-6	1294	-62278	14376	3029	-33222	8273	7680	-7240	4800	544
18401000	-3800	-2799	50	-168	1067	-11802	5892	5349	-25973	7973	7799	-6799	3719	543
18449000	-2966	-4311	203	113	197	-22055	-49100	4799	-19938	-9781	7799	-5319	2839	543
18501000	-3383	-4797	226	62	516	-30112	21517	3090	15790	-31155	7799	-1560	1199	545
18549000	-2278	-3421	-344	-156	881	25368	11934	9926	21967	-24641	7559	-80	720	547
18601000	-349	-4002	105	208	686	8461	-27249	5349	2678	-29813	7319	-39	559	550
18649000	-334	-3480	130	-43	1442	-20774	40010	2846	10703	-31474	7440	959	160	554
18701000	457	-1644	-263	58	1059	33119	12362	9865	33106	-14243	7440	4279	0	559
18749000	2058	-2539	228	184	607	20119	-20108	9743	26265	-20231	7440	4920	0	559
18801000	2363	-1959	-165	-24	1644	4738	49166	10720	22139	-16971	7440	4920	0	559
18849000	3259	-780	-34	119	1657	41542	13887	11635	15638	-6460	7319	4800	39	558
18901000	4226	-1752	2	-56	841	4555	-5094	10048	806	-14827	7319	4319	39	559
18949000	3765	-920	240	39	1526	588	47579	-144	2887	-10052	7559	4159	39	557
19001000	4322	-298	99	64	2088	27748	-11136	4006	-1756	-852	7680	4119	199	555
19049000	4475	-1481	318	-33	2201	-3073	-7657	13100	-3653	-5884	7680	4159	720	555
19101000	3768	-257	-237	47	1821	9560	42635	11696	3389	19937	7799	4159	2560	547
19149000	4532	-449	-84	5	1396	32631	-31522	3090	-358	35841	7920	4319	4319	535
19201000	4492	-2414	98	194	969	-11985	-22489	4006	4398	32433	7799	5000	6159	521
19249000	3861	-2210	322	187	1413	8583	10042	832	14404	44672	7559	5520	7439	520
19301000	4868	-3603	218	318	1809	33241	-66800	-754	15341	44997	7319	6640	8800	520
19349000	5127	-5758	-32	-40	617	2968	-29508	9743	12364	30062	7319	6600	9040	520
19401000	4902	-5336	-250	-212	743	23110	-1676	8461	15050	41079	7200	6640	10079	521
19449000	5957	-6468	-125	46	796	38796	-70889	2175	456	43339	7079	5840	11080	521
19501000	5610	-8124	371	49	1793	-14304	-29691	2419	-5286	30096	7079	5000	11600	523
19549000	4855	-7679	-4	202	408	17250	-20902	4189	-2228	28912	7079	4600	11080	522
19601000	5593	-8568	90	210	1225	22072	-62711	-2219	-12759	13782	7200	4119	10160	521
19649000	4810	-8925	12	-23	916	-21933	-8328	344	-22897	-6150	7200	2400	8360	523
19701000	3982	-7300	34	194	1604	5715	-2103	6508	-29988	-7101	7200	520	6480	525
19749000	3912	-7645	-128	144	1746	-12595	-38541	-632	-35267	-22293	7200	-80	4920	525
19801000	2261	-6844	420	-172	823	-45737	41048	1076	-20280	-36067	7319	-80	2679	525
19849000	1504	-4199	-205	-109	517	-1426	35860	9133	-13797	-27993	7079	-119	1280	525
19901000	1883	-4253	94	-49	836	-14609	-17850	4860	-24626	-32335	7200	-959	520	525
19949000	622	-3472	99	65	871	-45432	54476	-1181	-17817	-32912	7319	-1160	0	527
20001000	-11	-1303	-282	-137	747	-1242	34395	405	-10636	-11286	7440	-1239	0	525
20049000	548	-1510	-44	74	55	-9848	-4056	-2463	-15802	-12378	7440	-1280	0	526
20101000	-102	-485	26	210	803	-32492	58199	-1914	-7078	-3854	7440	-920	39	528
20149000	98	685	-14	-18	880	7607	3817	4311	-1611	10935	7200	-240	559	529
20201000	1057	-538	-28	114	802	-10947	-7230	3518	-9847	2609	7079	-80	840	532
20249000	628	68	19	-81	1646	-25840	47457	-1669	-3075	-1033	7200	360	39	537
20301000	993	452	-78	-230	1280	9865	-7230	-2463	18759	3915	7200	3159	0	537
20349000	1664	-539	-119	135	1026	160	13155	6447	23560	-4556	7200	4319	-39	538
20401000	1831	276	-199	-228	1015	4860	35128	5165	25708	2396	7200	4800	0	538
20449000	2846	-263	-215	155	76	29213	-28226	1137	18831	349	7200	4800	39	538
20501000	3368	-1235	292	114	2029	-9604	15169	1747	13780	-4115	7200	4960	759	538
20549000	3454	-334	-62	90	1557	22743	16146	3945	14076	4525	7319	4960	959	537
20601000	4605	-1372	-131	144	1476	20729	-35062	283	8263	-4265	7079	5560	880	537
20649000	4189	-1818	30	-89	500	-9970	18160	2846	14566	-7537	7200	5999	1080	537
20701000	4594	-988	-140	-188	1745	42031	-4971	7241	11481	2181	7079	5920	1240	537
20749000	5665	-2370	274	249	1126	19570	-31766	3945	2528	-7559	7079	5880	1240	537
20801000	5133	-2202	179	-168	1867	-388	31588	1503	6462	-7646	6960	5880	1319	537
20849000	5491	-1443	-128	-64	1257	37514	-4910	5288	6030	-493	6719	6040	1319	538
20901000	5760	-2667	128	15	2157	-3806	-13577	6935	1031	-7510	6600	5880	1800	542
20949000	4711	-2124	86	75	1724	5898	24446	-2280	-5570	1125	6360	4159	2439	546
21001000	5073	-2344	220	303	1242	27260	-42203	-2402	-34933	1521	6239	1040	2520	548
21049000	4357	-4000	58	116	1084	-28342	-18826	10781	-40928	-7169	6120	-80	3080	547
21101000	2634	-2860	-47	-82	1084	-10642	22982	6142	-23504	7443	6360	-80	3719	547
21149000	2659	-3289	-29	-85	500	3334	-40128	-2463	-24198	11979	6719	-160	4400	545
21201000	1564	-4530	333	46	1184	-41587	-89	-388	-22904	254	6719	-1080	4560	538
21249000	352	-3635	157	28	1237	-16684	15352	4128	-18668	6360	6960	-1720	4479	538
21301000	344	-4920	145	164	588	-19919	-44400	6325	-15455	-6588	6960	-1440	4159	537
21349000	-690	-5362	193	-99	1904	-35178	27376	4616	446	-17054	6719	-440	3559	536
21401000	-669	-3629	-306	-59	745	15236	24141	3823	5448	-7873	6600	-39	2720	536
21449000	259	-3838	380	165	-385	-4538	-15042	-2768	5793	-12043	6479	880	2320	536
21501000	-289	-3282	269	-106	979	-17905	39522	-5759	23289	-10417	6600	2400	2079	538
21549000	549	-2375	150	-59	564	28359	-2530	2785	33618	-7067	6719	4159	1519	540
21601000	1800	-3441	252	85	1439	5654	-5094	4128	42258	-19413	6719	6680	1199	540
21649000	2282	-2296	168	61	2201	19692	50203	-3989	38697	-11427	6719	6600	1280	540
21701000	4095	-1607	5	72	929	36659	-8389	-6430	45241	-756	6719	9320	1519	539
21749000	4755	-2044	108	89	323	12917	22188	4067	41591	-4016	6600	9519	1640	539
21801000	5193	-710	61	104	544	35988	34151	7973	36777	9092	6600	9440	1760	539
21849000	6229	-1585	143	5	585	35561	-35062	-815	25450	8672	6719	9040	2239	539
21901000	6056	-2716	-107	114	911	5043	16878	-1120	6785	5570	6719	6840	3359	539
21949000	6036	-2134	-92	238	112	28603	5648	6630	-9545	20324	6719	4879	4479	539
22001000	6189	-3481	301	239	658	405	-32865	283	-32471	31506	6719	2439	7119	540
22049000	4694	-4438	-8	49	90	-36399	-760	-1120	-30384	38039	6600	1480	8800	540
22101000	3846	-4991	-148	-38	696	954	-42630	954	-19109	35064	6479	1640	9040	541
22149000	3577	-6797	339	-36	1472	-25779	-35794	3823	-18232	18415	6600	1600	8719	541
22201000	2163	-6398	159	128	1764	-29502	12728	527	-10772	13176	6600	920	7920	540
22249000	2287	-6355	229	-17	568	4067	-38846	832	-19313	11814	6600	-39	7560	541
22301000	2252	-7388	208	40	446	-31150	-15408	2358	-20548	-2670	6600	-119	7079	541
22349000	1138	-6142	-200	-179	742	-29013	26705	283	-11987	2464	6600	-119	6719	541
22401000	1419	-5956	106	244	1554	-144	-42020	-1547	-13335	4879	6600	-119	6519	545
22449000	1268	-6832	-52	19	1259	-32981	1925	9804	-13193	-3388	6600	-119	6480	568
22501000	187	-5184	-54	-150	1173	-17966	26644	5227	-2665	11220	6600	-119	6480	575
22549000	1184	-5642	92	212	1388	23415	-54349	-449	-8812	8447	6719	-80	6319	575
22601000	1551	-6669	332	122	2201	-23215	7845	6874	-7547	-16539	6719	680	4760	574
22649000	905	-4476	-95	-51	1071	-6491	39644	7119	12061	-5201	7200	2320	4279	571
22701000	2051	-4059	23	341	1992	25612	-27616	2358	28652	-8832	7319	5360	3039	563
22749000	2509	-4692	489	79	1787	-10581	6746	6447	45650	-17240	7319	7839	2760	554
22801000	2981	-2939	-378	-2	1472	43251	40499	3518	49001	-2594	7319	8640	2639	552
22849000	5332	-2708	-161	39	846	57411	-23099	-5576	32488	-2493	7440	8719	2279	552
22901000	6219	-3052	115	236	737	9377	18587	-876	22001	-9804	7799	8759	1919	542
22949000	6047	-1578	5	77	936	27504	28963	-1547	23120	-822	7920	8640	1679	535
23001000	7461	-2545	395	350	-241	46120	-34268	1564	2238	-7840	7799	7720	1640	534
23049000	7517	-2935	28	168	545	-3196	32564	771	-8791	-7774	7680	6640	2200	534
23101000	6443	-1543	12	218	1987	3884	15779	3029	-20466	8803	7319	4080	2560	540
23149000	6131	-2616	352	112	700	4311	-35550	-571	-36440	7796	7440	2000	3239	541
23201000	4509	-2999	-43	57	1413	-41831	20418	-998	-39743	15596	7200	-80	4800	543
23249000	2637	-2705	-55	-81	603	-24558	-21451	2541	-25609	25734	7319	-80	5560	544
23301000	2021	-4672	150	160	1689	-12656	-42691	832	-24780	18422	7079	-839	6800	546
23349000	778	-4762	327	182	167	-49033	17000	-2158	-16852	16952	6719	-880	6879	545
23401000	-272	-4697	101	138	1667	-9360	-37625	161	-5609	18551	6479	-920	6840	546
23449000	147	-6222	403	227	1324	-13816	-28470	4189	-9053	5116	6600	-920	6640	546
23501000	-794	-5560	-364	-87	1253	-41770	24324	1747	-741	5536	6840	-880	6199	546
23549000	-853	-5239	-19	-76	1388	5531	-27982	39	6616	3967	6600	-240	5560	545
23601000	184	-6080	371	258	716	-12961	-211	2907	-2293	-10048	6600	-80	4920	546
23649000	-339	-4587	81	70	1477	-28220	31038	5593	1086	-6240	6239	-119	4159	544
23701000	129	-4378	-377	-131	709	13588	-27982	4799	-1813	-12974	6239	-80	2880	546
23749000	926	-4824	258	160	123	-13266	6929	7851	-8268	-33854	6360	-39	999	544
23801000	109	-2931	-52	-259	1183	-24497	39278	7851	-1641	-25390	6360	-80	0	544
23849000	543	-2683	180	57	2201	17128	-11624	1442	-3827	-22886	6360	-80	-80	545
23901000	1260	-2950	517	118	1626	-9848	27620	3762	-11606	-26588	6479	-80	-119	545
23949000	1006	-1302	-68	52	1069	-11802	44710	9499	-9120	-13643	6360	-39	-39	546
24001000	1864	-1854	183	186	302	12245	-21512	8950	11218	-16057	6360	3159	0	546
24049000	2289	-2143	-24	-17	1536	-2402	43795	9621	22536	-19933	6479	4879	0	545
24101000	2875	-246	-407	-73	1026	32997	44283	9438	35028	-2132	6479	6919	0	545
24149000	4662	-779	196	-12	314	43190	-18521	-449	24565	-3186	6479	7240	160	545
24201000	5029	-1048	259	-23	1537	9499	38912	-2463	31610	-5965	6479	8680	360	546
24249000	5679	79	86	89	2083	48439	18831	7668	28934	3435	6239	8800	399	546
24301000	6975	-1094	53	136	1431	32204	-22916	4433	19607	-1515	6239	9240	920	546
24349000	6671	-1255	1	-145	200	7729	41109	3518	19746	-2499	6239	9040	1159	545
24401000	6989	-500	-277	-68	529	46486	-8023	7973	5287	7100	6360	7600	1319	546
24449000	7667	-2473	423	306	529	15968	-38968	7973	-8929	-4202	6360	6640	1640	546
24501000	6516	-2590	0	-94	1405	-9238	32686	5227	-19715	-3034	6360	4240	2239	545
24549000	6195	-1646	-150	-58	2201	21401	-943	6020	-28074	8788	6239	2920	2639	545
24601000	5585	-3106	389	-46	911	-28159	-29202	6997	-43864	2538	6120	520	3399	541
24649000	3553	-3052	220	53	1846	-38596	20906	-5576	-34148	6026	6000	-80	3919	537
24701000	2514	-2958	194	134	670	-9177	-33536	-2890	-22467	14219	6120	-80	4600	537
24749000	1916	-4508	149	98	880	-31882	-26151	6386	-18988	2843	6600	-80	4719	520
24801000	505	-3174	142	-44	1246	-33835	35555	6874	-4724	15465	6840	-39	4960	516
24849000	632	-3030	75	175	1409	3456	-36099	527	-5124	19276	6719	-80	5039	523
24901000	773	-5129	61	250	511	-30844	-34024	3456	-7740	-772	6600	-119	5039	541
24949000	-135	-4740	-60	-63	309	-27488	19014	-5393	-175	912	6479	-80	5039	546
25001000	685	-4964	223	180	225	8949	-42935	-6369	-6977	-1073	6479	-119	4839	552
25049000	842	-6096	216	163	1349	-32553	-7840	4738	-8684	-11747	6600	-39	4719	560
25101000	130	-4846	-99	107	613	-11985	14620	2419	8915	-2482	6960	1159	4560	562
25149000	1187	-5096	158	110	1097	19936	-43912	-3317	13422	-4198	7440	2520	4400	563
25201000	1562	-5412	59	2	725	-10947	18892	-3745	30464	-16738	8520	5079	3480	562
25249000	2004	-3765	-160	-57	360	30129	17794	161	42607	-9089	12120	6719	2920	560
25301000	3795	-4107	-8	124	1851	33119	-25113	-4538	29486	-21366	17160	7200	1640	561
25349000	3926	-3872	-26	-74	196	-754	28963	-8811	27682	-22568	20160	7200	1480	561
25401000	4526	-2600	-302	98	1362	43312	4000	-6552	20730	-10048	22680	6919	1440	562
25449000	5527	-3437	177	178	313	14443	-19742	-9177	9361	-15141	24240	6559	1519	561
25501000	5057	-2677	-131	-40	1189	832	40865	-9299	4008	-8985	24480	5520	1640	561
25549000	5090	-1667	-275	111	1411	18715	-4178	-10397	-681	1345	24720	4960	1800	563
25601000	4600	-2795	166	-41	1511	-20713	-8084	-9238	2770	-7580	28439	4920	1919	573
25649000	3485	-2003	-86	-58	976	2358	31343	-18454	10275	-2124	28560	4760	1960	575
25701000	4029	-2132	131	85	338	23720	-31583	-20712	6326	-1491	29760	4760	1960	581
25749000	3632	-3329	95	129	863	-20896	-4544	-10947	7709	-10263	29880	4719	2119	582
25801000	3065	-1969	-271	-298	782	17372	31221	-12106	10167	3725	31560	4240	2400	591
25849000	3948	-2193	-76	50	1800	19081	-32010	-20590	3522	3631	32040	4240	2400	593
25901000	3352	-2887	308	60	1394	-20224	13277	-19797	6648	-4218	30720	4119	2400	594
25949000	3036	-1697	-72	-80	1485	15846	17855	-11923	10363	5035	27720	4159	2400	594
26001000	3894	-3027	221	18	1626	7240	-43973	-8139	2297	-6125	26640	4159	2320	595
26049000	3338	-3383	160	96	502	-8933	28902	-11496	6235	-10249	24120	4159	2400	590
26101000	3710	-1939	-312	-13	-103	25612	8760	-8505	11514	6756	11999	5039	2720	524
26149000	4228	-2881	85	-2	745	710	-30850	-3989	20926	2899	8159	6680	2999	495
26201000	3723	-2602	144	44	1555	-5698	30489	-1731	32880	11405	4559	7520	3919	437
26249000	4049	-1946	-56	92	801	20424	-6192	5410	32149	24870	3959	7639	4800	433
26301000	4872	-3143	-115	57	1392	17006	-33963	3029	-21409	30975	4680	2400	6719	432
26349000	4657	-4112	106	209	233	-17295	-20658	283	-42122	25904	6000	-80	7000	438
26401000	3482	-4465	-33	-39	314	-32187	-15408	-4843	-37433	19526	7680	-839	6719	441
26449000	2698	-4710	-21	14	1287	-23642	-16446	-6308	-64032	18173	8400	-4600	6760	450
26501000	1885	-4979	-130	137	501	-39267	-12540	-8627	-69327	15761	15359	-6120	6800	454
26549000	328	-5073	164	35	1068	-65329	-10220	-10214	-66734	14387	17640	-7079	6719	456
26601000	-1293	-5140	55	85	170	-58127	-6986	-14914	-63274	13681	22440	-8600	6719	467
26649000	-2361	-5252	179	-79	1211	-60385	-8817	-18088	-54471	12402	25079	-8480	6680	475
26701000	-3394	-5289	-62	-63	122	-56845	-3507	-21445	-32261	11691	31439	-7120	6640	507
26749000	-3328	-5041	91	-94	-72	-31455	-394	-23154	-16092	9965	36000	-5279	6240	535
26801000	-2760	-4917	212	-63	644	-22300	-2042	-28342	23213	1411	36120	-80	5079	593
26849000	-1503	-4406	88	53	403	23293	18404	-29318	15400	4754	36240	-39	5079	612
26901000	374	-4510	1766	-884	2201	11086	-19437	-29502	15119	2854	36360	2119	4839	622
26949000	15967	551	1897	-2085	-229	485573	254732	-56845	-92619	33673	39240	2320	4920	622
27001000	29069	5035	-499	1398	1838	406105	123507	-12534	-234424	87254	41400	2000	5039	614
27049000	35772	5473	-2048	506	-1798	206215	4732	-58676	-297360	93041	42480	1080	5039	601
27101000	33645	3067	227	-672	2201	-27610	-70157	-95053	-291366	69174	42600	0	4920	541
27149000	26917	2441	163	104	1465	-28403	-7718	-106406	-240920	62645	39840	39	4839	531
27201000	21883	805	-62	112	978	-41831	-93045	-86997	-188122	47850	17039	160	4719	130
27249000	16222	-2344	193	224	989	-95847	-61551	-74484	-143386	13422	480	680	3480	0
27301000	9550	-3570	230	136	927	-134726	-21146	-68259	-74395	-9787	40080	959	2439	0
